2026-05-23T00:00:22.454+01:00  INFO 32245 --- [main] com.middleware.KoinsApplication          : Starting KoinsApplication using Java 17.0.11 with PID 32245 (/Users/gamp/Downloads/koins/target/classes started by gamp in /Users/gamp/Downloads/koins)
2026-05-23T00:00:22.472+01:00  INFO 32245 --- [main] com.middleware.KoinsApplication          : No active profile set, falling back to 1 default profile: "default"
2026-05-23T00:00:25.064+01:00  INFO 32245 --- [main] .s.d.r.c.RepositoryConfigurationDelegate : Bootstrapping Spring Data JPA repositories in DEFAULT mode.
2026-05-23T00:00:25.608+01:00  INFO 32245 --- [main] .s.d.r.c.RepositoryConfigurationDelegate : Finished Spring Data repository scanning in 523 ms. Found 6 JPA repository interfaces.
2026-05-23T00:00:27.534+01:00  INFO 32245 --- [main] o.s.b.w.embedded.tomcat.TomcatWebServer  : Tomcat initialized with port 8080 (http)
2026-05-23T00:00:27.557+01:00  INFO 32245 --- [main] o.apache.catalina.core.StandardService   : Starting service [Tomcat]
2026-05-23T00:00:27.557+01:00  INFO 32245 --- [main] o.apache.catalina.core.StandardEngine    : Starting Servlet engine: [Apache Tomcat/10.1.16]
2026-05-23T00:00:27.710+01:00  INFO 32245 --- [main] o.a.c.c.C.[Tomcat].[localhost].[/]       : Initializing Spring embedded WebApplicationContext
2026-05-23T00:00:27.711+01:00  INFO 32245 --- [main] w.s.c.ServletWebServerApplicationContext : Root WebApplicationContext: initialization completed in 5112 ms
2026-05-23T00:00:27.934+01:00  INFO 32245 --- [main] com.zaxxer.hikari.HikariDataSource       : HikariPool-1 - Starting...
2026-05-23T00:00:28.334+01:00  INFO 32245 --- [main] com.zaxxer.hikari.pool.HikariPool        : HikariPool-1 - Added connection com.mysql.cj.jdbc.ConnectionImpl@18026052
2026-05-23T00:00:28.340+01:00  INFO 32245 --- [main] com.zaxxer.hikari.HikariDataSource       : HikariPool-1 - Start completed.
2026-05-23T00:00:28.632+01:00  INFO 32245 --- [main] o.f.c.internal.license.VersionPrinter    : Flyway Community Edition 9.22.3 by Redgate
2026-05-23T00:00:28.633+01:00  INFO 32245 --- [main] o.f.c.internal.license.VersionPrinter    : See release notes here: https://rd.gt/416ObMi
2026-05-23T00:00:28.633+01:00  INFO 32245 --- [main] o.f.c.internal.license.VersionPrinter    : 
2026-05-23T00:00:28.651+01:00  INFO 32245 --- [main] o.f.c.i.resource.ResourceNameValidator   : 1 SQL migrations were detected but not run because they did not follow the filename convention.
2026-05-23T00:00:28.651+01:00  INFO 32245 --- [main] o.f.c.i.resource.ResourceNameValidator   : Set 'validateMigrationNaming' to true to fail fast and see a list of the invalid file names.
2026-05-23T00:00:28.676+01:00  INFO 32245 --- [main] org.flywaydb.core.FlywayExecutor         : Database: jdbc:mysql://localhost:3306/koins_db (MySQL 8.0)
2026-05-23T00:00:28.815+01:00 ERROR 32245 --- [main] o.s.b.web.embedded.tomcat.TomcatStarter  : Error starting Tomcat context. Exception: org.springframework.beans.factory.UnsatisfiedDependencyException. Message: Error creating bean with name 'jwtAuthenticationFilter' defined in file [/Users/gamp/Downloads/koins/target/classes/com/middleware/security/JwtAuthenticationFilter.class]: Unsatisfied dependency expressed through constructor parameter 1: Error creating bean with name 'customUserDetailsService' defined in file [/Users/gamp/Downloads/koins/target/classes/com/middleware/security/CustomUserDetailsService.class]: Unsatisfied dependency expressed through constructor parameter 0: Error creating bean with name 'userRepository' defined in com.middleware.repository.UserRepository defined in @EnableJpaRepositories declared on JpaRepositoriesRegistrar.EnableJpaRepositoriesConfiguration: Cannot resolve reference to bean 'jpaSharedEM_entityManagerFactory' while setting bean property 'entityManager'
2026-05-23T00:00:28.906+01:00  INFO 32245 --- [main] o.apache.catalina.core.StandardService   : Stopping service [Tomcat]
2026-05-23T00:00:28.916+01:00  WARN 32245 --- [main] o.a.c.loader.WebappClassLoaderBase       : The web application [ROOT] appears to have started a thread named [HikariPool-1 housekeeper] but has failed to stop it. This is very likely to create a memory leak. Stack trace of thread:
 java.base@17.0.11/jdk.internal.misc.Unsafe.park(Native Method)
 java.base@17.0.11/java.util.concurrent.locks.LockSupport.parkNanos(LockSupport.java:252)
 java.base@17.0.11/java.util.concurrent.locks.AbstractQueuedSynchronizer$ConditionObject.awaitNanos(AbstractQueuedSynchronizer.java:1672)
 java.base@17.0.11/java.util.concurrent.ScheduledThreadPoolExecutor$DelayedWorkQueue.take(ScheduledThreadPoolExecutor.java:1182)
 java.base@17.0.11/java.util.concurrent.ScheduledThreadPoolExecutor$DelayedWorkQueue.take(ScheduledThreadPoolExecutor.java:899)
 java.base@17.0.11/java.util.concurrent.ThreadPoolExecutor.getTask(ThreadPoolExecutor.java:1062)
 java.base@17.0.11/java.util.concurrent.ThreadPoolExecutor.runWorker(ThreadPoolExecutor.java:1122)
 java.base@17.0.11/java.util.concurrent.ThreadPoolExecutor$Worker.run(ThreadPoolExecutor.java:635)
 java.base@17.0.11/java.lang.Thread.run(Thread.java:842)
2026-05-23T00:00:28.917+01:00  WARN 32245 --- [main] o.a.c.loader.WebappClassLoaderBase       : The web application [ROOT] appears to have started a thread named [HikariPool-1 connection adder] but has failed to stop it. This is very likely to create a memory leak. Stack trace of thread:
 java.base@17.0.11/jdk.internal.misc.Unsafe.park(Native Method)
 java.base@17.0.11/java.util.concurrent.locks.LockSupport.parkNanos(LockSupport.java:252)
 java.base@17.0.11/java.util.concurrent.locks.AbstractQueuedSynchronizer$ConditionObject.awaitNanos(AbstractQueuedSynchronizer.java:1672)
 java.base@17.0.11/java.util.concurrent.LinkedBlockingQueue.poll(LinkedBlockingQueue.java:460)
 java.base@17.0.11/java.util.concurrent.ThreadPoolExecutor.getTask(ThreadPoolExecutor.java:1061)
 java.base@17.0.11/java.util.concurrent.ThreadPoolExecutor.runWorker(ThreadPoolExecutor.java:1122)
 java.base@17.0.11/java.util.concurrent.ThreadPoolExecutor$Worker.run(ThreadPoolExecutor.java:635)
 java.base@17.0.11/java.lang.Thread.run(Thread.java:842)
2026-05-23T00:00:28.925+01:00  WARN 32245 --- [main] ConfigServletWebServerApplicationContext : Exception encountered during context initialization - cancelling refresh attempt: org.springframework.context.ApplicationContextException: Unable to start web server
2026-05-23T00:00:28.925+01:00  INFO 32245 --- [main] com.zaxxer.hikari.HikariDataSource       : HikariPool-1 - Shutdown initiated...
2026-05-23T00:00:28.943+01:00  INFO 32245 --- [main] com.zaxxer.hikari.HikariDataSource       : HikariPool-1 - Shutdown completed.
2026-05-23T00:00:28.966+01:00  INFO 32245 --- [main] .s.b.a.l.ConditionEvaluationReportLogger : 

Error starting ApplicationContext. To display the condition evaluation report re-run your application with 'debug' enabled.
2026-05-23T00:00:29.018+01:00 ERROR 32245 --- [main] o.s.boot.SpringApplication               : Application run failed

org.springframework.context.ApplicationContextException: Unable to start web server
	at org.springframework.boot.web.servlet.context.ServletWebServerApplicationContext.onRefresh(ServletWebServerApplicationContext.java:165) ~[spring-boot-3.2.0.jar:3.2.0]
	at org.springframework.context.support.AbstractApplicationContext.refresh(AbstractApplicationContext.java:610) ~[spring-context-6.1.1.jar:6.1.1]
	at org.springframework.boot.web.servlet.context.ServletWebServerApplicationContext.refresh(ServletWebServerApplicationContext.java:146) ~[spring-boot-3.2.0.jar:3.2.0]
	at org.springframework.boot.SpringApplication.refresh(SpringApplication.java:753) ~[spring-boot-3.2.0.jar:3.2.0]
	at org.springframework.boot.SpringApplication.refreshContext(SpringApplication.java:455) ~[spring-boot-3.2.0.jar:3.2.0]
	at org.springframework.boot.SpringApplication.run(SpringApplication.java:323) ~[spring-boot-3.2.0.jar:3.2.0]
	at org.springframework.boot.SpringApplication.run(SpringApplication.java:1342) ~[spring-boot-3.2.0.jar:3.2.0]
	at org.springframework.boot.SpringApplication.run(SpringApplication.java:1331) ~[spring-boot-3.2.0.jar:3.2.0]
	at com.middleware.KoinsApplication.main(KoinsApplication.java:9) ~[classes/:na]
Caused by: org.springframework.boot.web.server.WebServerException: Unable to start embedded Tomcat
	at org.springframework.boot.web.embedded.tomcat.TomcatWebServer.initialize(TomcatWebServer.java:142) ~[spring-boot-3.2.0.jar:3.2.0]
	at org.springframework.boot.web.embedded.tomcat.TomcatWebServer.<init>(TomcatWebServer.java:104) ~[spring-boot-3.2.0.jar:3.2.0]
	at org.springframework.boot.web.embedded.tomcat.TomcatServletWebServerFactory.getTomcatWebServer(TomcatServletWebServerFactory.java:501) ~[spring-boot-3.2.0.jar:3.2.0]
	at org.springframework.boot.web.embedded.tomcat.TomcatServletWebServerFactory.getWebServer(TomcatServletWebServerFactory.java:218) ~[spring-boot-3.2.0.jar:3.2.0]
	at org.springframework.boot.web.servlet.context.ServletWebServerApplicationContext.createWebServer(ServletWebServerApplicationContext.java:188) ~[spring-boot-3.2.0.jar:3.2.0]
	at org.springframework.boot.web.servlet.context.ServletWebServerApplicationContext.onRefresh(ServletWebServerApplicationContext.java:162) ~[spring-boot-3.2.0.jar:3.2.0]
	... 8 common frames omitted
Caused by: org.springframework.beans.factory.UnsatisfiedDependencyException: Error creating bean with name 'jwtAuthenticationFilter' defined in file [/Users/gamp/Downloads/koins/target/classes/com/middleware/security/JwtAuthenticationFilter.class]: Unsatisfied dependency expressed through constructor parameter 1: Error creating bean with name 'customUserDetailsService' defined in file [/Users/gamp/Downloads/koins/target/classes/com/middleware/security/CustomUserDetailsService.class]: Unsatisfied dependency expressed through constructor parameter 0: Error creating bean with name 'userRepository' defined in com.middleware.repository.UserRepository defined in @EnableJpaRepositories declared on JpaRepositoriesRegistrar.EnableJpaRepositoriesConfiguration: Cannot resolve reference to bean 'jpaSharedEM_entityManagerFactory' while setting bean property 'entityManager'
	at org.springframework.beans.factory.support.ConstructorResolver.createArgumentArray(ConstructorResolver.java:802) ~[spring-beans-6.1.1.jar:6.1.1]
	at org.springframework.beans.factory.support.ConstructorResolver.autowireConstructor(ConstructorResolver.java:241) ~[spring-beans-6.1.1.jar:6.1.1]
	at org.springframework.beans.factory.support.AbstractAutowireCapableBeanFactory.autowireConstructor(AbstractAutowireCapableBeanFactory.java:1356) ~[spring-beans-6.1.1.jar:6.1.1]
	at org.springframework.beans.factory.support.AbstractAutowireCapableBeanFactory.createBeanInstance(AbstractAutowireCapableBeanFactory.java:1193) ~[spring-beans-6.1.1.jar:6.1.1]
	at org.springframework.beans.factory.support.AbstractAutowireCapableBeanFactory.doCreateBean(AbstractAutowireCapableBeanFactory.java:563) ~[spring-beans-6.1.1.jar:6.1.1]
	at org.springframework.beans.factory.support.AbstractAutowireCapableBeanFactory.createBean(AbstractAutowireCapableBeanFactory.java:523) ~[spring-beans-6.1.1.jar:6.1.1]
	at org.springframework.beans.factory.support.AbstractBeanFactory.lambda$doGetBean$0(AbstractBeanFactory.java:325) ~[spring-beans-6.1.1.jar:6.1.1]
	at org.springframework.beans.factory.support.DefaultSingletonBeanRegistry.getSingleton(DefaultSingletonBeanRegistry.java:234) ~[spring-beans-6.1.1.jar:6.1.1]
	at org.springframework.beans.factory.support.AbstractBeanFactory.doGetBean(AbstractBeanFactory.java:323) ~[spring-beans-6.1.1.jar:6.1.1]
	at org.springframework.beans.factory.support.AbstractBeanFactory.getBean(AbstractBeanFactory.java:204) ~[spring-beans-6.1.1.jar:6.1.1]
	at org.springframework.boot.web.servlet.ServletContextInitializerBeans.getOrderedBeansOfType(ServletContextInitializerBeans.java:210) ~[spring-boot-3.2.0.jar:3.2.0]
	at org.springframework.boot.web.servlet.ServletContextInitializerBeans.addAsRegistrationBean(ServletContextInitializerBeans.java:173) ~[spring-boot-3.2.0.jar:3.2.0]
	at org.springframework.boot.web.servlet.ServletContextInitializerBeans.addAsRegistrationBean(ServletContextInitializerBeans.java:168) ~[spring-boot-3.2.0.jar:3.2.0]
	at org.springframework.boot.web.servlet.ServletContextInitializerBeans.addAdaptableBeans(ServletContextInitializerBeans.java:153) ~[spring-boot-3.2.0.jar:3.2.0]
	at org.springframework.boot.web.servlet.ServletContextInitializerBeans.<init>(ServletContextInitializerBeans.java:86) ~[spring-boot-3.2.0.jar:3.2.0]
	at org.springframework.boot.web.servlet.context.ServletWebServerApplicationContext.getServletContextInitializerBeans(ServletWebServerApplicationContext.java:266) ~[spring-boot-3.2.0.jar:3.2.0]
	at org.springframework.boot.web.servlet.context.ServletWebServerApplicationContext.selfInitialize(ServletWebServerApplicationContext.java:240) ~[spring-boot-3.2.0.jar:3.2.0]
	at org.springframework.boot.web.embedded.tomcat.TomcatStarter.onStartup(TomcatStarter.java:52) ~[spring-boot-3.2.0.jar:3.2.0]
	at org.apache.catalina.core.StandardContext.startInternal(StandardContext.java:4850) ~[tomcat-embed-core-10.1.16.jar:10.1.16]
	at org.apache.catalina.util.LifecycleBase.start(LifecycleBase.java:171) ~[tomcat-embed-core-10.1.16.jar:10.1.16]
	at org.apache.catalina.core.ContainerBase$StartChild.call(ContainerBase.java:1332) ~[tomcat-embed-core-10.1.16.jar:10.1.16]
	at org.apache.catalina.core.ContainerBase$StartChild.call(ContainerBase.java:1322) ~[tomcat-embed-core-10.1.16.jar:10.1.16]
	at java.base/java.util.concurrent.FutureTask.run(FutureTask.java:264) ~[na:na]
	at org.apache.tomcat.util.threads.InlineExecutorService.execute(InlineExecutorService.java:75) ~[tomcat-embed-core-10.1.16.jar:10.1.16]
	at java.base/java.util.concurrent.AbstractExecutorService.submit(AbstractExecutorService.java:145) ~[na:na]
	at org.apache.catalina.core.ContainerBase.startInternal(ContainerBase.java:866) ~[tomcat-embed-core-10.1.16.jar:10.1.16]
	at org.apache.catalina.core.StandardHost.startInternal(StandardHost.java:845) ~[tomcat-embed-core-10.1.16.jar:10.1.16]
	at org.apache.catalina.util.LifecycleBase.start(LifecycleBase.java:171) ~[tomcat-embed-core-10.1.16.jar:10.1.16]
	at org.apache.catalina.core.ContainerBase$StartChild.call(ContainerBase.java:1332) ~[tomcat-embed-core-10.1.16.jar:10.1.16]
	at org.apache.catalina.core.ContainerBase$StartChild.call(ContainerBase.java:1322) ~[tomcat-embed-core-10.1.16.jar:10.1.16]
	at java.base/java.util.concurrent.FutureTask.run(FutureTask.java:264) ~[na:na]
	at org.apache.tomcat.util.threads.InlineExecutorService.execute(InlineExecutorService.java:75) ~[tomcat-embed-core-10.1.16.jar:10.1.16]
	at java.base/java.util.concurrent.AbstractExecutorService.submit(AbstractExecutorService.java:145) ~[na:na]
	at org.apache.catalina.core.ContainerBase.startInternal(ContainerBase.java:866) ~[tomcat-embed-core-10.1.16.jar:10.1.16]
	at org.apache.catalina.core.StandardEngine.startInternal(StandardEngine.java:240) ~[tomcat-embed-core-10.1.16.jar:10.1.16]
	at org.apache.catalina.util.LifecycleBase.start(LifecycleBase.java:171) ~[tomcat-embed-core-10.1.16.jar:10.1.16]
	at org.apache.catalina.core.StandardService.startInternal(StandardService.java:433) ~[tomcat-embed-core-10.1.16.jar:10.1.16]
	at org.apache.catalina.util.LifecycleBase.start(LifecycleBase.java:171) ~[tomcat-embed-core-10.1.16.jar:10.1.16]
	at org.apache.catalina.core.StandardServer.startInternal(StandardServer.java:917) ~[tomcat-embed-core-10.1.16.jar:10.1.16]
	at org.apache.catalina.util.LifecycleBase.start(LifecycleBase.java:171) ~[tomcat-embed-core-10.1.16.jar:10.1.16]
	at org.apache.catalina.startup.Tomcat.start(Tomcat.java:488) ~[tomcat-embed-core-10.1.16.jar:10.1.16]
	at org.springframework.boot.web.embedded.tomcat.TomcatWebServer.initialize(TomcatWebServer.java:123) ~[spring-boot-3.2.0.jar:3.2.0]
	... 13 common frames omitted
Caused by: org.springframework.beans.factory.UnsatisfiedDependencyException: Error creating bean with name 'customUserDetailsService' defined in file [/Users/gamp/Downloads/koins/target/classes/com/middleware/security/CustomUserDetailsService.class]: Unsatisfied dependency expressed through constructor parameter 0: Error creating bean with name 'userRepository' defined in com.middleware.repository.UserRepository defined in @EnableJpaRepositories declared on JpaRepositoriesRegistrar.EnableJpaRepositoriesConfiguration: Cannot resolve reference to bean 'jpaSharedEM_entityManagerFactory' while setting bean property 'entityManager'
	at org.springframework.beans.factory.support.ConstructorResolver.createArgumentArray(ConstructorResolver.java:802) ~[spring-beans-6.1.1.jar:6.1.1]
	at org.springframework.beans.factory.support.ConstructorResolver.autowireConstructor(ConstructorResolver.java:241) ~[spring-beans-6.1.1.jar:6.1.1]
	at org.springframework.beans.factory.support.AbstractAutowireCapableBeanFactory.autowireConstructor(AbstractAutowireCapableBeanFactory.java:1356) ~[spring-beans-6.1.1.jar:6.1.1]
	at org.springframework.beans.factory.support.AbstractAutowireCapableBeanFactory.createBeanInstance(AbstractAutowireCapableBeanFactory.java:1193) ~[spring-beans-6.1.1.jar:6.1.1]
	at org.springframework.beans.factory.support.AbstractAutowireCapableBeanFactory.doCreateBean(AbstractAutowireCapableBeanFactory.java:563) ~[spring-beans-6.1.1.jar:6.1.1]
	at org.springframework.beans.factory.support.AbstractAutowireCapableBeanFactory.createBean(AbstractAutowireCapableBeanFactory.java:523) ~[spring-beans-6.1.1.jar:6.1.1]
	at org.springframework.beans.factory.support.AbstractBeanFactory.lambda$doGetBean$0(AbstractBeanFactory.java:325) ~[spring-beans-6.1.1.jar:6.1.1]
	at org.springframework.beans.factory.support.DefaultSingletonBeanRegistry.getSingleton(DefaultSingletonBeanRegistry.java:234) ~[spring-beans-6.1.1.jar:6.1.1]
	at org.springframework.beans.factory.support.AbstractBeanFactory.doGetBean(AbstractBeanFactory.java:323) ~[spring-beans-6.1.1.jar:6.1.1]
	at org.springframework.beans.factory.support.AbstractBeanFactory.getBean(AbstractBeanFactory.java:199) ~[spring-beans-6.1.1.jar:6.1.1]
	at org.springframework.beans.factory.config.DependencyDescriptor.resolveCandidate(DependencyDescriptor.java:254) ~[spring-beans-6.1.1.jar:6.1.1]
	at org.springframework.beans.factory.support.DefaultListableBeanFactory.doResolveDependency(DefaultListableBeanFactory.java:1441) ~[spring-beans-6.1.1.jar:6.1.1]
	at org.springframework.beans.factory.support.DefaultListableBeanFactory.resolveDependency(DefaultListableBeanFactory.java:1348) ~[spring-beans-6.1.1.jar:6.1.1]
	at org.springframework.beans.factory.support.ConstructorResolver.resolveAutowiredArgument(ConstructorResolver.java:911) ~[spring-beans-6.1.1.jar:6.1.1]
	at org.springframework.beans.factory.support.ConstructorResolver.createArgumentArray(ConstructorResolver.java:789) ~[spring-beans-6.1.1.jar:6.1.1]
	... 54 common frames omitted
Caused by: org.springframework.beans.factory.BeanCreationException: Error creating bean with name 'userRepository' defined in com.middleware.repository.UserRepository defined in @EnableJpaRepositories declared on JpaRepositoriesRegistrar.EnableJpaRepositoriesConfiguration: Cannot resolve reference to bean 'jpaSharedEM_entityManagerFactory' while setting bean property 'entityManager'
	at org.springframework.beans.factory.support.BeanDefinitionValueResolver.resolveReference(BeanDefinitionValueResolver.java:377) ~[spring-beans-6.1.1.jar:6.1.1]
	at org.springframework.beans.factory.support.BeanDefinitionValueResolver.resolveValueIfNecessary(BeanDefinitionValueResolver.java:135) ~[spring-beans-6.1.1.jar:6.1.1]
	at org.springframework.beans.factory.support.AbstractAutowireCapableBeanFactory.applyPropertyValues(AbstractAutowireCapableBeanFactory.java:1686) ~[spring-beans-6.1.1.jar:6.1.1]
	at org.springframework.beans.factory.support.AbstractAutowireCapableBeanFactory.populateBean(AbstractAutowireCapableBeanFactory.java:1435) ~[spring-beans-6.1.1.jar:6.1.1]
	at org.springframework.beans.factory.support.AbstractAutowireCapableBeanFactory.doCreateBean(AbstractAutowireCapableBeanFactory.java:600) ~[spring-beans-6.1.1.jar:6.1.1]
	at org.springframework.beans.factory.support.AbstractAutowireCapableBeanFactory.createBean(AbstractAutowireCapableBeanFactory.java:523) ~[spring-beans-6.1.1.jar:6.1.1]
	at org.springframework.beans.factory.support.AbstractBeanFactory.lambda$doGetBean$0(AbstractBeanFactory.java:325) ~[spring-beans-6.1.1.jar:6.1.1]
	at org.springframework.beans.factory.support.DefaultSingletonBeanRegistry.getSingleton(DefaultSingletonBeanRegistry.java:234) ~[spring-beans-6.1.1.jar:6.1.1]
	at org.springframework.beans.factory.support.AbstractBeanFactory.doGetBean(AbstractBeanFactory.java:323) ~[spring-beans-6.1.1.jar:6.1.1]
	at org.springframework.beans.factory.support.AbstractBeanFactory.getBean(AbstractBeanFactory.java:199) ~[spring-beans-6.1.1.jar:6.1.1]
	at org.springframework.beans.factory.config.DependencyDescriptor.resolveCandidate(DependencyDescriptor.java:254) ~[spring-beans-6.1.1.jar:6.1.1]
	at org.springframework.beans.factory.support.DefaultListableBeanFactory.doResolveDependency(DefaultListableBeanFactory.java:1441) ~[spring-beans-6.1.1.jar:6.1.1]
	at org.springframework.beans.factory.support.DefaultListableBeanFactory.resolveDependency(DefaultListableBeanFactory.java:1348) ~[spring-beans-6.1.1.jar:6.1.1]
	at org.springframework.beans.factory.support.ConstructorResolver.resolveAutowiredArgument(ConstructorResolver.java:911) ~[spring-beans-6.1.1.jar:6.1.1]
	at org.springframework.beans.factory.support.ConstructorResolver.createArgumentArray(ConstructorResolver.java:789) ~[spring-beans-6.1.1.jar:6.1.1]
	... 68 common frames omitted
Caused by: org.springframework.beans.factory.BeanCreationException: Error creating bean with name 'jpaSharedEM_entityManagerFactory': Cannot resolve reference to bean 'entityManagerFactory' while setting constructor argument
	at org.springframework.beans.factory.support.BeanDefinitionValueResolver.resolveReference(BeanDefinitionValueResolver.java:377) ~[spring-beans-6.1.1.jar:6.1.1]
	at org.springframework.beans.factory.support.BeanDefinitionValueResolver.resolveValueIfNecessary(BeanDefinitionValueResolver.java:135) ~[spring-beans-6.1.1.jar:6.1.1]
	at org.springframework.beans.factory.support.ConstructorResolver.resolveConstructorArguments(ConstructorResolver.java:689) ~[spring-beans-6.1.1.jar:6.1.1]
	at org.springframework.beans.factory.support.ConstructorResolver.instantiateUsingFactoryMethod(ConstructorResolver.java:513) ~[spring-beans-6.1.1.jar:6.1.1]
	at org.springframework.beans.factory.support.AbstractAutowireCapableBeanFactory.instantiateUsingFactoryMethod(AbstractAutowireCapableBeanFactory.java:1336) ~[spring-beans-6.1.1.jar:6.1.1]
	at org.springframework.beans.factory.support.AbstractAutowireCapableBeanFactory.createBeanInstance(AbstractAutowireCapableBeanFactory.java:1166) ~[spring-beans-6.1.1.jar:6.1.1]
	at org.springframework.beans.factory.support.AbstractAutowireCapableBeanFactory.doCreateBean(AbstractAutowireCapableBeanFactory.java:563) ~[spring-beans-6.1.1.jar:6.1.1]
	at org.springframework.beans.factory.support.AbstractAutowireCapableBeanFactory.createBean(AbstractAutowireCapableBeanFactory.java:523) ~[spring-beans-6.1.1.jar:6.1.1]
	at org.springframework.beans.factory.support.AbstractBeanFactory.lambda$doGetBean$0(AbstractBeanFactory.java:325) ~[spring-beans-6.1.1.jar:6.1.1]
	at org.springframework.beans.factory.support.DefaultSingletonBeanRegistry.getSingleton(DefaultSingletonBeanRegistry.java:234) ~[spring-beans-6.1.1.jar:6.1.1]
	at org.springframework.beans.factory.support.AbstractBeanFactory.doGetBean(AbstractBeanFactory.java:323) ~[spring-beans-6.1.1.jar:6.1.1]
	at org.springframework.beans.factory.support.AbstractBeanFactory.getBean(AbstractBeanFactory.java:199) ~[spring-beans-6.1.1.jar:6.1.1]
	at org.springframework.beans.factory.support.BeanDefinitionValueResolver.resolveReference(BeanDefinitionValueResolver.java:365) ~[spring-beans-6.1.1.jar:6.1.1]
	... 82 common frames omitted
Caused by: org.springframework.beans.factory.BeanCreationException: Error creating bean with name 'flywayInitializer' defined in class path resource [org/springframework/boot/autoconfigure/flyway/FlywayAutoConfiguration$FlywayConfiguration.class]: Validate failed: Migrations have failed validation
Migration checksum mismatch for migration version 1
-> Applied to database : -1294841729
-> Resolved locally    : -627736039
Either revert the changes to the migration, or run repair to update the schema history.
Need more flexibility with validation rules? Learn more: https://rd.gt/3AbJUZE
	at org.springframework.beans.factory.support.AbstractAutowireCapableBeanFactory.initializeBean(AbstractAutowireCapableBeanFactory.java:1775) ~[spring-beans-6.1.1.jar:6.1.1]
	at org.springframework.beans.factory.support.AbstractAutowireCapableBeanFactory.doCreateBean(AbstractAutowireCapableBeanFactory.java:601) ~[spring-beans-6.1.1.jar:6.1.1]
	at org.springframework.beans.factory.support.AbstractAutowireCapableBeanFactory.createBean(AbstractAutowireCapableBeanFactory.java:523) ~[spring-beans-6.1.1.jar:6.1.1]
	at org.springframework.beans.factory.support.AbstractBeanFactory.lambda$doGetBean$0(AbstractBeanFactory.java:325) ~[spring-beans-6.1.1.jar:6.1.1]
	at org.springframework.beans.factory.support.DefaultSingletonBeanRegistry.getSingleton(DefaultSingletonBeanRegistry.java:234) ~[spring-beans-6.1.1.jar:6.1.1]
	at org.springframework.beans.factory.support.AbstractBeanFactory.doGetBean(AbstractBeanFactory.java:323) ~[spring-beans-6.1.1.jar:6.1.1]
	at org.springframework.beans.factory.support.AbstractBeanFactory.getBean(AbstractBeanFactory.java:199) ~[spring-beans-6.1.1.jar:6.1.1]
	at org.springframework.beans.factory.support.AbstractBeanFactory.doGetBean(AbstractBeanFactory.java:312) ~[spring-beans-6.1.1.jar:6.1.1]
	at org.springframework.beans.factory.support.AbstractBeanFactory.getBean(AbstractBeanFactory.java:199) ~[spring-beans-6.1.1.jar:6.1.1]
	at org.springframework.beans.factory.support.BeanDefinitionValueResolver.resolveReference(BeanDefinitionValueResolver.java:365) ~[spring-beans-6.1.1.jar:6.1.1]
	... 94 common frames omitted
Caused by: org.flywaydb.core.api.exception.FlywayValidateException: Validate failed: Migrations have failed validation
Migration checksum mismatch for migration version 1
-> Applied to database : -1294841729
-> Resolved locally    : -627736039
Either revert the changes to the migration, or run repair to update the schema history.
Need more flexibility with validation rules? Learn more: https://rd.gt/3AbJUZE
	at org.flywaydb.core.Flyway.lambda$migrate$0(Flyway.java:146) ~[flyway-core-9.22.3.jar:na]
	at org.flywaydb.core.FlywayExecutor.execute(FlywayExecutor.java:213) ~[flyway-core-9.22.3.jar:na]
	at org.flywaydb.core.Flyway.migrate(Flyway.java:140) ~[flyway-core-9.22.3.jar:na]
	at org.springframework.boot.autoconfigure.flyway.FlywayMigrationInitializer.afterPropertiesSet(FlywayMigrationInitializer.java:66) ~[spring-boot-autoconfigure-3.2.0.jar:3.2.0]
	at org.springframework.beans.factory.support.AbstractAutowireCapableBeanFactory.invokeInitMethods(AbstractAutowireCapableBeanFactory.java:1822) ~[spring-beans-6.1.1.jar:6.1.1]
	at org.springframework.beans.factory.support.AbstractAutowireCapableBeanFactory.initializeBean(AbstractAutowireCapableBeanFactory.java:1771) ~[spring-beans-6.1.1.jar:6.1.1]
	... 103 common frames omitted

2026-05-23T00:01:29.515+01:00  INFO 32446 --- [main] com.middleware.KoinsApplication          : Starting KoinsApplication using Java 17.0.11 with PID 32446 (/Users/gamp/Downloads/koins/target/classes started by gamp in /Users/gamp/Downloads/koins)
2026-05-23T00:01:29.519+01:00  INFO 32446 --- [main] com.middleware.KoinsApplication          : No active profile set, falling back to 1 default profile: "default"
2026-05-23T00:01:32.151+01:00  INFO 32446 --- [main] .s.d.r.c.RepositoryConfigurationDelegate : Bootstrapping Spring Data JPA repositories in DEFAULT mode.
2026-05-23T00:01:32.720+01:00  INFO 32446 --- [main] .s.d.r.c.RepositoryConfigurationDelegate : Finished Spring Data repository scanning in 544 ms. Found 6 JPA repository interfaces.
2026-05-23T00:01:34.957+01:00  INFO 32446 --- [main] o.s.b.w.embedded.tomcat.TomcatWebServer  : Tomcat initialized with port 8080 (http)
2026-05-23T00:01:34.990+01:00  INFO 32446 --- [main] o.apache.catalina.core.StandardService   : Starting service [Tomcat]
2026-05-23T00:01:34.991+01:00  INFO 32446 --- [main] o.apache.catalina.core.StandardEngine    : Starting Servlet engine: [Apache Tomcat/10.1.16]
2026-05-23T00:01:35.257+01:00  INFO 32446 --- [main] o.a.c.c.C.[Tomcat].[localhost].[/]       : Initializing Spring embedded WebApplicationContext
2026-05-23T00:01:35.257+01:00  INFO 32446 --- [main] w.s.c.ServletWebServerApplicationContext : Root WebApplicationContext: initialization completed in 5621 ms
2026-05-23T00:01:35.815+01:00  INFO 32446 --- [main] com.zaxxer.hikari.HikariDataSource       : HikariPool-1 - Starting...
2026-05-23T00:01:36.353+01:00  INFO 32446 --- [main] com.zaxxer.hikari.pool.HikariPool        : HikariPool-1 - Added connection com.mysql.cj.jdbc.ConnectionImpl@25d911a
2026-05-23T00:01:36.358+01:00  INFO 32446 --- [main] com.zaxxer.hikari.HikariDataSource       : HikariPool-1 - Start completed.
2026-05-23T00:01:36.645+01:00  INFO 32446 --- [main] o.f.c.internal.license.VersionPrinter    : Flyway Community Edition 9.22.3 by Redgate
2026-05-23T00:01:36.646+01:00  INFO 32446 --- [main] o.f.c.internal.license.VersionPrinter    : See release notes here: https://rd.gt/416ObMi
2026-05-23T00:01:36.646+01:00  INFO 32446 --- [main] o.f.c.internal.license.VersionPrinter    : 
2026-05-23T00:01:36.666+01:00  INFO 32446 --- [main] o.f.c.i.resource.ResourceNameValidator   : 1 SQL migrations were detected but not run because they did not follow the filename convention.
2026-05-23T00:01:36.666+01:00  INFO 32446 --- [main] o.f.c.i.resource.ResourceNameValidator   : Set 'validateMigrationNaming' to true to fail fast and see a list of the invalid file names.
2026-05-23T00:01:36.693+01:00  INFO 32446 --- [main] org.flywaydb.core.FlywayExecutor         : Database: jdbc:mysql://localhost:3306/koins_db (MySQL 8.0)
2026-05-23T00:01:36.796+01:00 ERROR 32446 --- [main] o.s.b.web.embedded.tomcat.TomcatStarter  : Error starting Tomcat context. Exception: org.springframework.beans.factory.UnsatisfiedDependencyException. Message: Error creating bean with name 'jwtAuthenticationFilter' defined in file [/Users/gamp/Downloads/koins/target/classes/com/middleware/security/JwtAuthenticationFilter.class]: Unsatisfied dependency expressed through constructor parameter 1: Error creating bean with name 'customUserDetailsService' defined in file [/Users/gamp/Downloads/koins/target/classes/com/middleware/security/CustomUserDetailsService.class]: Unsatisfied dependency expressed through constructor parameter 0: Error creating bean with name 'userRepository' defined in com.middleware.repository.UserRepository defined in @EnableJpaRepositories declared on JpaRepositoriesRegistrar.EnableJpaRepositoriesConfiguration: Cannot resolve reference to bean 'jpaSharedEM_entityManagerFactory' while setting bean property 'entityManager'
2026-05-23T00:01:36.856+01:00  INFO 32446 --- [main] o.apache.catalina.core.StandardService   : Stopping service [Tomcat]
2026-05-23T00:01:36.866+01:00  WARN 32446 --- [main] o.a.c.loader.WebappClassLoaderBase       : The web application [ROOT] appears to have started a thread named [HikariPool-1 housekeeper] but has failed to stop it. This is very likely to create a memory leak. Stack trace of thread:
 java.base@17.0.11/jdk.internal.misc.Unsafe.park(Native Method)
 java.base@17.0.11/java.util.concurrent.locks.LockSupport.parkNanos(LockSupport.java:252)
 java.base@17.0.11/java.util.concurrent.locks.AbstractQueuedSynchronizer$ConditionObject.awaitNanos(AbstractQueuedSynchronizer.java:1672)
 java.base@17.0.11/java.util.concurrent.ScheduledThreadPoolExecutor$DelayedWorkQueue.take(ScheduledThreadPoolExecutor.java:1182)
 java.base@17.0.11/java.util.concurrent.ScheduledThreadPoolExecutor$DelayedWorkQueue.take(ScheduledThreadPoolExecutor.java:899)
 java.base@17.0.11/java.util.concurrent.ThreadPoolExecutor.getTask(ThreadPoolExecutor.java:1062)
 java.base@17.0.11/java.util.concurrent.ThreadPoolExecutor.runWorker(ThreadPoolExecutor.java:1122)
 java.base@17.0.11/java.util.concurrent.ThreadPoolExecutor$Worker.run(ThreadPoolExecutor.java:635)
 java.base@17.0.11/java.lang.Thread.run(Thread.java:842)
2026-05-23T00:01:36.868+01:00  WARN 32446 --- [main] o.a.c.loader.WebappClassLoaderBase       : The web application [ROOT] appears to have started a thread named [HikariPool-1 connection adder] but has failed to stop it. This is very likely to create a memory leak. Stack trace of thread:
 java.base@17.0.11/jdk.internal.misc.Unsafe.park(Native Method)
 java.base@17.0.11/java.util.concurrent.locks.LockSupport.parkNanos(LockSupport.java:252)
 java.base@17.0.11/java.util.concurrent.locks.AbstractQueuedSynchronizer$ConditionObject.awaitNanos(AbstractQueuedSynchronizer.java:1672)
 java.base@17.0.11/java.util.concurrent.LinkedBlockingQueue.poll(LinkedBlockingQueue.java:460)
 java.base@17.0.11/java.util.concurrent.ThreadPoolExecutor.getTask(ThreadPoolExecutor.java:1061)
 java.base@17.0.11/java.util.concurrent.ThreadPoolExecutor.runWorker(ThreadPoolExecutor.java:1122)
 java.base@17.0.11/java.util.concurrent.ThreadPoolExecutor$Worker.run(ThreadPoolExecutor.java:635)
 java.base@17.0.11/java.lang.Thread.run(Thread.java:842)
2026-05-23T00:01:36.882+01:00  WARN 32446 --- [main] ConfigServletWebServerApplicationContext : Exception encountered during context initialization - cancelling refresh attempt: org.springframework.context.ApplicationContextException: Unable to start web server
2026-05-23T00:01:36.883+01:00  INFO 32446 --- [main] com.zaxxer.hikari.HikariDataSource       : HikariPool-1 - Shutdown initiated...
2026-05-23T00:01:36.927+01:00  INFO 32446 --- [main] com.zaxxer.hikari.HikariDataSource       : HikariPool-1 - Shutdown completed.
2026-05-23T00:01:36.960+01:00  INFO 32446 --- [main] .s.b.a.l.ConditionEvaluationReportLogger : 

Error starting ApplicationContext. To display the condition evaluation report re-run your application with 'debug' enabled.
2026-05-23T00:01:37.014+01:00 ERROR 32446 --- [main] o.s.boot.SpringApplication               : Application run failed

org.springframework.context.ApplicationContextException: Unable to start web server
	at org.springframework.boot.web.servlet.context.ServletWebServerApplicationContext.onRefresh(ServletWebServerApplicationContext.java:165) ~[spring-boot-3.2.0.jar:3.2.0]
	at org.springframework.context.support.AbstractApplicationContext.refresh(AbstractApplicationContext.java:610) ~[spring-context-6.1.1.jar:6.1.1]
	at org.springframework.boot.web.servlet.context.ServletWebServerApplicationContext.refresh(ServletWebServerApplicationContext.java:146) ~[spring-boot-3.2.0.jar:3.2.0]
	at org.springframework.boot.SpringApplication.refresh(SpringApplication.java:753) ~[spring-boot-3.2.0.jar:3.2.0]
	at org.springframework.boot.SpringApplication.refreshContext(SpringApplication.java:455) ~[spring-boot-3.2.0.jar:3.2.0]
	at org.springframework.boot.SpringApplication.run(SpringApplication.java:323) ~[spring-boot-3.2.0.jar:3.2.0]
	at org.springframework.boot.SpringApplication.run(SpringApplication.java:1342) ~[spring-boot-3.2.0.jar:3.2.0]
	at org.springframework.boot.SpringApplication.run(SpringApplication.java:1331) ~[spring-boot-3.2.0.jar:3.2.0]
	at com.middleware.KoinsApplication.main(KoinsApplication.java:9) ~[classes/:na]
Caused by: org.springframework.boot.web.server.WebServerException: Unable to start embedded Tomcat
	at org.springframework.boot.web.embedded.tomcat.TomcatWebServer.initialize(TomcatWebServer.java:142) ~[spring-boot-3.2.0.jar:3.2.0]
	at org.springframework.boot.web.embedded.tomcat.TomcatWebServer.<init>(TomcatWebServer.java:104) ~[spring-boot-3.2.0.jar:3.2.0]
	at org.springframework.boot.web.embedded.tomcat.TomcatServletWebServerFactory.getTomcatWebServer(TomcatServletWebServerFactory.java:501) ~[spring-boot-3.2.0.jar:3.2.0]
	at org.springframework.boot.web.embedded.tomcat.TomcatServletWebServerFactory.getWebServer(TomcatServletWebServerFactory.java:218) ~[spring-boot-3.2.0.jar:3.2.0]
	at org.springframework.boot.web.servlet.context.ServletWebServerApplicationContext.createWebServer(ServletWebServerApplicationContext.java:188) ~[spring-boot-3.2.0.jar:3.2.0]
	at org.springframework.boot.web.servlet.context.ServletWebServerApplicationContext.onRefresh(ServletWebServerApplicationContext.java:162) ~[spring-boot-3.2.0.jar:3.2.0]
	... 8 common frames omitted
Caused by: org.springframework.beans.factory.UnsatisfiedDependencyException: Error creating bean with name 'jwtAuthenticationFilter' defined in file [/Users/gamp/Downloads/koins/target/classes/com/middleware/security/JwtAuthenticationFilter.class]: Unsatisfied dependency expressed through constructor parameter 1: Error creating bean with name 'customUserDetailsService' defined in file [/Users/gamp/Downloads/koins/target/classes/com/middleware/security/CustomUserDetailsService.class]: Unsatisfied dependency expressed through constructor parameter 0: Error creating bean with name 'userRepository' defined in com.middleware.repository.UserRepository defined in @EnableJpaRepositories declared on JpaRepositoriesRegistrar.EnableJpaRepositoriesConfiguration: Cannot resolve reference to bean 'jpaSharedEM_entityManagerFactory' while setting bean property 'entityManager'
	at org.springframework.beans.factory.support.ConstructorResolver.createArgumentArray(ConstructorResolver.java:802) ~[spring-beans-6.1.1.jar:6.1.1]
	at org.springframework.beans.factory.support.ConstructorResolver.autowireConstructor(ConstructorResolver.java:241) ~[spring-beans-6.1.1.jar:6.1.1]
	at org.springframework.beans.factory.support.AbstractAutowireCapableBeanFactory.autowireConstructor(AbstractAutowireCapableBeanFactory.java:1356) ~[spring-beans-6.1.1.jar:6.1.1]
	at org.springframework.beans.factory.support.AbstractAutowireCapableBeanFactory.createBeanInstance(AbstractAutowireCapableBeanFactory.java:1193) ~[spring-beans-6.1.1.jar:6.1.1]
	at org.springframework.beans.factory.support.AbstractAutowireCapableBeanFactory.doCreateBean(AbstractAutowireCapableBeanFactory.java:563) ~[spring-beans-6.1.1.jar:6.1.1]
	at org.springframework.beans.factory.support.AbstractAutowireCapableBeanFactory.createBean(AbstractAutowireCapableBeanFactory.java:523) ~[spring-beans-6.1.1.jar:6.1.1]
	at org.springframework.beans.factory.support.AbstractBeanFactory.lambda$doGetBean$0(AbstractBeanFactory.java:325) ~[spring-beans-6.1.1.jar:6.1.1]
	at org.springframework.beans.factory.support.DefaultSingletonBeanRegistry.getSingleton(DefaultSingletonBeanRegistry.java:234) ~[spring-beans-6.1.1.jar:6.1.1]
	at org.springframework.beans.factory.support.AbstractBeanFactory.doGetBean(AbstractBeanFactory.java:323) ~[spring-beans-6.1.1.jar:6.1.1]
	at org.springframework.beans.factory.support.AbstractBeanFactory.getBean(AbstractBeanFactory.java:204) ~[spring-beans-6.1.1.jar:6.1.1]
	at org.springframework.boot.web.servlet.ServletContextInitializerBeans.getOrderedBeansOfType(ServletContextInitializerBeans.java:210) ~[spring-boot-3.2.0.jar:3.2.0]
	at org.springframework.boot.web.servlet.ServletContextInitializerBeans.addAsRegistrationBean(ServletContextInitializerBeans.java:173) ~[spring-boot-3.2.0.jar:3.2.0]
	at org.springframework.boot.web.servlet.ServletContextInitializerBeans.addAsRegistrationBean(ServletContextInitializerBeans.java:168) ~[spring-boot-3.2.0.jar:3.2.0]
	at org.springframework.boot.web.servlet.ServletContextInitializerBeans.addAdaptableBeans(ServletContextInitializerBeans.java:153) ~[spring-boot-3.2.0.jar:3.2.0]
	at org.springframework.boot.web.servlet.ServletContextInitializerBeans.<init>(ServletContextInitializerBeans.java:86) ~[spring-boot-3.2.0.jar:3.2.0]
	at org.springframework.boot.web.servlet.context.ServletWebServerApplicationContext.getServletContextInitializerBeans(ServletWebServerApplicationContext.java:266) ~[spring-boot-3.2.0.jar:3.2.0]
	at org.springframework.boot.web.servlet.context.ServletWebServerApplicationContext.selfInitialize(ServletWebServerApplicationContext.java:240) ~[spring-boot-3.2.0.jar:3.2.0]
	at org.springframework.boot.web.embedded.tomcat.TomcatStarter.onStartup(TomcatStarter.java:52) ~[spring-boot-3.2.0.jar:3.2.0]
	at org.apache.catalina.core.StandardContext.startInternal(StandardContext.java:4850) ~[tomcat-embed-core-10.1.16.jar:10.1.16]
	at org.apache.catalina.util.LifecycleBase.start(LifecycleBase.java:171) ~[tomcat-embed-core-10.1.16.jar:10.1.16]
	at org.apache.catalina.core.ContainerBase$StartChild.call(ContainerBase.java:1332) ~[tomcat-embed-core-10.1.16.jar:10.1.16]
	at org.apache.catalina.core.ContainerBase$StartChild.call(ContainerBase.java:1322) ~[tomcat-embed-core-10.1.16.jar:10.1.16]
	at java.base/java.util.concurrent.FutureTask.run(FutureTask.java:264) ~[na:na]
	at org.apache.tomcat.util.threads.InlineExecutorService.execute(InlineExecutorService.java:75) ~[tomcat-embed-core-10.1.16.jar:10.1.16]
	at java.base/java.util.concurrent.AbstractExecutorService.submit(AbstractExecutorService.java:145) ~[na:na]
	at org.apache.catalina.core.ContainerBase.startInternal(ContainerBase.java:866) ~[tomcat-embed-core-10.1.16.jar:10.1.16]
	at org.apache.catalina.core.StandardHost.startInternal(StandardHost.java:845) ~[tomcat-embed-core-10.1.16.jar:10.1.16]
	at org.apache.catalina.util.LifecycleBase.start(LifecycleBase.java:171) ~[tomcat-embed-core-10.1.16.jar:10.1.16]
	at org.apache.catalina.core.ContainerBase$StartChild.call(ContainerBase.java:1332) ~[tomcat-embed-core-10.1.16.jar:10.1.16]
	at org.apache.catalina.core.ContainerBase$StartChild.call(ContainerBase.java:1322) ~[tomcat-embed-core-10.1.16.jar:10.1.16]
	at java.base/java.util.concurrent.FutureTask.run(FutureTask.java:264) ~[na:na]
	at org.apache.tomcat.util.threads.InlineExecutorService.execute(InlineExecutorService.java:75) ~[tomcat-embed-core-10.1.16.jar:10.1.16]
	at java.base/java.util.concurrent.AbstractExecutorService.submit(AbstractExecutorService.java:145) ~[na:na]
	at org.apache.catalina.core.ContainerBase.startInternal(ContainerBase.java:866) ~[tomcat-embed-core-10.1.16.jar:10.1.16]
	at org.apache.catalina.core.StandardEngine.startInternal(StandardEngine.java:240) ~[tomcat-embed-core-10.1.16.jar:10.1.16]
	at org.apache.catalina.util.LifecycleBase.start(LifecycleBase.java:171) ~[tomcat-embed-core-10.1.16.jar:10.1.16]
	at org.apache.catalina.core.StandardService.startInternal(StandardService.java:433) ~[tomcat-embed-core-10.1.16.jar:10.1.16]
	at org.apache.catalina.util.LifecycleBase.start(LifecycleBase.java:171) ~[tomcat-embed-core-10.1.16.jar:10.1.16]
	at org.apache.catalina.core.StandardServer.startInternal(StandardServer.java:917) ~[tomcat-embed-core-10.1.16.jar:10.1.16]
	at org.apache.catalina.util.LifecycleBase.start(LifecycleBase.java:171) ~[tomcat-embed-core-10.1.16.jar:10.1.16]
	at org.apache.catalina.startup.Tomcat.start(Tomcat.java:488) ~[tomcat-embed-core-10.1.16.jar:10.1.16]
	at org.springframework.boot.web.embedded.tomcat.TomcatWebServer.initialize(TomcatWebServer.java:123) ~[spring-boot-3.2.0.jar:3.2.0]
	... 13 common frames omitted
Caused by: org.springframework.beans.factory.UnsatisfiedDependencyException: Error creating bean with name 'customUserDetailsService' defined in file [/Users/gamp/Downloads/koins/target/classes/com/middleware/security/CustomUserDetailsService.class]: Unsatisfied dependency expressed through constructor parameter 0: Error creating bean with name 'userRepository' defined in com.middleware.repository.UserRepository defined in @EnableJpaRepositories declared on JpaRepositoriesRegistrar.EnableJpaRepositoriesConfiguration: Cannot resolve reference to bean 'jpaSharedEM_entityManagerFactory' while setting bean property 'entityManager'
	at org.springframework.beans.factory.support.ConstructorResolver.createArgumentArray(ConstructorResolver.java:802) ~[spring-beans-6.1.1.jar:6.1.1]
	at org.springframework.beans.factory.support.ConstructorResolver.autowireConstructor(ConstructorResolver.java:241) ~[spring-beans-6.1.1.jar:6.1.1]
	at org.springframework.beans.factory.support.AbstractAutowireCapableBeanFactory.autowireConstructor(AbstractAutowireCapableBeanFactory.java:1356) ~[spring-beans-6.1.1.jar:6.1.1]
	at org.springframework.beans.factory.support.AbstractAutowireCapableBeanFactory.createBeanInstance(AbstractAutowireCapableBeanFactory.java:1193) ~[spring-beans-6.1.1.jar:6.1.1]
	at org.springframework.beans.factory.support.AbstractAutowireCapableBeanFactory.doCreateBean(AbstractAutowireCapableBeanFactory.java:563) ~[spring-beans-6.1.1.jar:6.1.1]
	at org.springframework.beans.factory.support.AbstractAutowireCapableBeanFactory.createBean(AbstractAutowireCapableBeanFactory.java:523) ~[spring-beans-6.1.1.jar:6.1.1]
	at org.springframework.beans.factory.support.AbstractBeanFactory.lambda$doGetBean$0(AbstractBeanFactory.java:325) ~[spring-beans-6.1.1.jar:6.1.1]
	at org.springframework.beans.factory.support.DefaultSingletonBeanRegistry.getSingleton(DefaultSingletonBeanRegistry.java:234) ~[spring-beans-6.1.1.jar:6.1.1]
	at org.springframework.beans.factory.support.AbstractBeanFactory.doGetBean(AbstractBeanFactory.java:323) ~[spring-beans-6.1.1.jar:6.1.1]
	at org.springframework.beans.factory.support.AbstractBeanFactory.getBean(AbstractBeanFactory.java:199) ~[spring-beans-6.1.1.jar:6.1.1]
	at org.springframework.beans.factory.config.DependencyDescriptor.resolveCandidate(DependencyDescriptor.java:254) ~[spring-beans-6.1.1.jar:6.1.1]
	at org.springframework.beans.factory.support.DefaultListableBeanFactory.doResolveDependency(DefaultListableBeanFactory.java:1441) ~[spring-beans-6.1.1.jar:6.1.1]
	at org.springframework.beans.factory.support.DefaultListableBeanFactory.resolveDependency(DefaultListableBeanFactory.java:1348) ~[spring-beans-6.1.1.jar:6.1.1]
	at org.springframework.beans.factory.support.ConstructorResolver.resolveAutowiredArgument(ConstructorResolver.java:911) ~[spring-beans-6.1.1.jar:6.1.1]
	at org.springframework.beans.factory.support.ConstructorResolver.createArgumentArray(ConstructorResolver.java:789) ~[spring-beans-6.1.1.jar:6.1.1]
	... 54 common frames omitted
Caused by: org.springframework.beans.factory.BeanCreationException: Error creating bean with name 'userRepository' defined in com.middleware.repository.UserRepository defined in @EnableJpaRepositories declared on JpaRepositoriesRegistrar.EnableJpaRepositoriesConfiguration: Cannot resolve reference to bean 'jpaSharedEM_entityManagerFactory' while setting bean property 'entityManager'
	at org.springframework.beans.factory.support.BeanDefinitionValueResolver.resolveReference(BeanDefinitionValueResolver.java:377) ~[spring-beans-6.1.1.jar:6.1.1]
	at org.springframework.beans.factory.support.BeanDefinitionValueResolver.resolveValueIfNecessary(BeanDefinitionValueResolver.java:135) ~[spring-beans-6.1.1.jar:6.1.1]
	at org.springframework.beans.factory.support.AbstractAutowireCapableBeanFactory.applyPropertyValues(AbstractAutowireCapableBeanFactory.java:1686) ~[spring-beans-6.1.1.jar:6.1.1]
	at org.springframework.beans.factory.support.AbstractAutowireCapableBeanFactory.populateBean(AbstractAutowireCapableBeanFactory.java:1435) ~[spring-beans-6.1.1.jar:6.1.1]
	at org.springframework.beans.factory.support.AbstractAutowireCapableBeanFactory.doCreateBean(AbstractAutowireCapableBeanFactory.java:600) ~[spring-beans-6.1.1.jar:6.1.1]
	at org.springframework.beans.factory.support.AbstractAutowireCapableBeanFactory.createBean(AbstractAutowireCapableBeanFactory.java:523) ~[spring-beans-6.1.1.jar:6.1.1]
	at org.springframework.beans.factory.support.AbstractBeanFactory.lambda$doGetBean$0(AbstractBeanFactory.java:325) ~[spring-beans-6.1.1.jar:6.1.1]
	at org.springframework.beans.factory.support.DefaultSingletonBeanRegistry.getSingleton(DefaultSingletonBeanRegistry.java:234) ~[spring-beans-6.1.1.jar:6.1.1]
	at org.springframework.beans.factory.support.AbstractBeanFactory.doGetBean(AbstractBeanFactory.java:323) ~[spring-beans-6.1.1.jar:6.1.1]
	at org.springframework.beans.factory.support.AbstractBeanFactory.getBean(AbstractBeanFactory.java:199) ~[spring-beans-6.1.1.jar:6.1.1]
	at org.springframework.beans.factory.config.DependencyDescriptor.resolveCandidate(DependencyDescriptor.java:254) ~[spring-beans-6.1.1.jar:6.1.1]
	at org.springframework.beans.factory.support.DefaultListableBeanFactory.doResolveDependency(DefaultListableBeanFactory.java:1441) ~[spring-beans-6.1.1.jar:6.1.1]
	at org.springframework.beans.factory.support.DefaultListableBeanFactory.resolveDependency(DefaultListableBeanFactory.java:1348) ~[spring-beans-6.1.1.jar:6.1.1]
	at org.springframework.beans.factory.support.ConstructorResolver.resolveAutowiredArgument(ConstructorResolver.java:911) ~[spring-beans-6.1.1.jar:6.1.1]
	at org.springframework.beans.factory.support.ConstructorResolver.createArgumentArray(ConstructorResolver.java:789) ~[spring-beans-6.1.1.jar:6.1.1]
	... 68 common frames omitted
Caused by: org.springframework.beans.factory.BeanCreationException: Error creating bean with name 'jpaSharedEM_entityManagerFactory': Cannot resolve reference to bean 'entityManagerFactory' while setting constructor argument
	at org.springframework.beans.factory.support.BeanDefinitionValueResolver.resolveReference(BeanDefinitionValueResolver.java:377) ~[spring-beans-6.1.1.jar:6.1.1]
	at org.springframework.beans.factory.support.BeanDefinitionValueResolver.resolveValueIfNecessary(BeanDefinitionValueResolver.java:135) ~[spring-beans-6.1.1.jar:6.1.1]
	at org.springframework.beans.factory.support.ConstructorResolver.resolveConstructorArguments(ConstructorResolver.java:689) ~[spring-beans-6.1.1.jar:6.1.1]
	at org.springframework.beans.factory.support.ConstructorResolver.instantiateUsingFactoryMethod(ConstructorResolver.java:513) ~[spring-beans-6.1.1.jar:6.1.1]
	at org.springframework.beans.factory.support.AbstractAutowireCapableBeanFactory.instantiateUsingFactoryMethod(AbstractAutowireCapableBeanFactory.java:1336) ~[spring-beans-6.1.1.jar:6.1.1]
	at org.springframework.beans.factory.support.AbstractAutowireCapableBeanFactory.createBeanInstance(AbstractAutowireCapableBeanFactory.java:1166) ~[spring-beans-6.1.1.jar:6.1.1]
	at org.springframework.beans.factory.support.AbstractAutowireCapableBeanFactory.doCreateBean(AbstractAutowireCapableBeanFactory.java:563) ~[spring-beans-6.1.1.jar:6.1.1]
	at org.springframework.beans.factory.support.AbstractAutowireCapableBeanFactory.createBean(AbstractAutowireCapableBeanFactory.java:523) ~[spring-beans-6.1.1.jar:6.1.1]
	at org.springframework.beans.factory.support.AbstractBeanFactory.lambda$doGetBean$0(AbstractBeanFactory.java:325) ~[spring-beans-6.1.1.jar:6.1.1]
	at org.springframework.beans.factory.support.DefaultSingletonBeanRegistry.getSingleton(DefaultSingletonBeanRegistry.java:234) ~[spring-beans-6.1.1.jar:6.1.1]
	at org.springframework.beans.factory.support.AbstractBeanFactory.doGetBean(AbstractBeanFactory.java:323) ~[spring-beans-6.1.1.jar:6.1.1]
	at org.springframework.beans.factory.support.AbstractBeanFactory.getBean(AbstractBeanFactory.java:199) ~[spring-beans-6.1.1.jar:6.1.1]
	at org.springframework.beans.factory.support.BeanDefinitionValueResolver.resolveReference(BeanDefinitionValueResolver.java:365) ~[spring-beans-6.1.1.jar:6.1.1]
	... 82 common frames omitted
Caused by: org.springframework.beans.factory.BeanCreationException: Error creating bean with name 'flywayInitializer' defined in class path resource [org/springframework/boot/autoconfigure/flyway/FlywayAutoConfiguration$FlywayConfiguration.class]: Validate failed: Migrations have failed validation
Migration checksum mismatch for migration version 1
-> Applied to database : -1294841729
-> Resolved locally    : -627736039
Either revert the changes to the migration, or run repair to update the schema history.
Need more flexibility with validation rules? Learn more: https://rd.gt/3AbJUZE
	at org.springframework.beans.factory.support.AbstractAutowireCapableBeanFactory.initializeBean(AbstractAutowireCapableBeanFactory.java:1775) ~[spring-beans-6.1.1.jar:6.1.1]
	at org.springframework.beans.factory.support.AbstractAutowireCapableBeanFactory.doCreateBean(AbstractAutowireCapableBeanFactory.java:601) ~[spring-beans-6.1.1.jar:6.1.1]
	at org.springframework.beans.factory.support.AbstractAutowireCapableBeanFactory.createBean(AbstractAutowireCapableBeanFactory.java:523) ~[spring-beans-6.1.1.jar:6.1.1]
	at org.springframework.beans.factory.support.AbstractBeanFactory.lambda$doGetBean$0(AbstractBeanFactory.java:325) ~[spring-beans-6.1.1.jar:6.1.1]
	at org.springframework.beans.factory.support.DefaultSingletonBeanRegistry.getSingleton(DefaultSingletonBeanRegistry.java:234) ~[spring-beans-6.1.1.jar:6.1.1]
	at org.springframework.beans.factory.support.AbstractBeanFactory.doGetBean(AbstractBeanFactory.java:323) ~[spring-beans-6.1.1.jar:6.1.1]
	at org.springframework.beans.factory.support.AbstractBeanFactory.getBean(AbstractBeanFactory.java:199) ~[spring-beans-6.1.1.jar:6.1.1]
	at org.springframework.beans.factory.support.AbstractBeanFactory.doGetBean(AbstractBeanFactory.java:312) ~[spring-beans-6.1.1.jar:6.1.1]
	at org.springframework.beans.factory.support.AbstractBeanFactory.getBean(AbstractBeanFactory.java:199) ~[spring-beans-6.1.1.jar:6.1.1]
	at org.springframework.beans.factory.support.BeanDefinitionValueResolver.resolveReference(BeanDefinitionValueResolver.java:365) ~[spring-beans-6.1.1.jar:6.1.1]
	... 94 common frames omitted
Caused by: org.flywaydb.core.api.exception.FlywayValidateException: Validate failed: Migrations have failed validation
Migration checksum mismatch for migration version 1
-> Applied to database : -1294841729
-> Resolved locally    : -627736039
Either revert the changes to the migration, or run repair to update the schema history.
Need more flexibility with validation rules? Learn more: https://rd.gt/3AbJUZE
	at org.flywaydb.core.Flyway.lambda$migrate$0(Flyway.java:146) ~[flyway-core-9.22.3.jar:na]
	at org.flywaydb.core.FlywayExecutor.execute(FlywayExecutor.java:213) ~[flyway-core-9.22.3.jar:na]
	at org.flywaydb.core.Flyway.migrate(Flyway.java:140) ~[flyway-core-9.22.3.jar:na]
	at org.springframework.boot.autoconfigure.flyway.FlywayMigrationInitializer.afterPropertiesSet(FlywayMigrationInitializer.java:66) ~[spring-boot-autoconfigure-3.2.0.jar:3.2.0]
	at org.springframework.beans.factory.support.AbstractAutowireCapableBeanFactory.invokeInitMethods(AbstractAutowireCapableBeanFactory.java:1822) ~[spring-beans-6.1.1.jar:6.1.1]
	at org.springframework.beans.factory.support.AbstractAutowireCapableBeanFactory.initializeBean(AbstractAutowireCapableBeanFactory.java:1771) ~[spring-beans-6.1.1.jar:6.1.1]
	... 103 common frames omitted

2026-05-23T00:06:32.198+01:00  INFO 33343 --- [main] com.middleware.KoinsApplication          : Starting KoinsApplication using Java 17.0.11 with PID 33343 (/Users/gamp/Downloads/koins/target/classes started by gamp in /Users/gamp/Downloads/koins)
2026-05-23T00:06:32.203+01:00  INFO 33343 --- [main] com.middleware.KoinsApplication          : No active profile set, falling back to 1 default profile: "default"
2026-05-23T00:06:34.692+01:00  INFO 33343 --- [main] .s.d.r.c.RepositoryConfigurationDelegate : Bootstrapping Spring Data JPA repositories in DEFAULT mode.
2026-05-23T00:06:35.216+01:00  INFO 33343 --- [main] .s.d.r.c.RepositoryConfigurationDelegate : Finished Spring Data repository scanning in 504 ms. Found 6 JPA repository interfaces.
2026-05-23T00:06:37.080+01:00  INFO 33343 --- [main] o.s.b.w.embedded.tomcat.TomcatWebServer  : Tomcat initialized with port 8080 (http)
2026-05-23T00:06:37.109+01:00  INFO 33343 --- [main] o.apache.catalina.core.StandardService   : Starting service [Tomcat]
2026-05-23T00:06:37.110+01:00  INFO 33343 --- [main] o.apache.catalina.core.StandardEngine    : Starting Servlet engine: [Apache Tomcat/10.1.16]
2026-05-23T00:06:37.291+01:00  INFO 33343 --- [main] o.a.c.c.C.[Tomcat].[localhost].[/]       : Initializing Spring embedded WebApplicationContext
2026-05-23T00:06:37.292+01:00  INFO 33343 --- [main] w.s.c.ServletWebServerApplicationContext : Root WebApplicationContext: initialization completed in 4981 ms
2026-05-23T00:06:37.537+01:00  INFO 33343 --- [main] com.zaxxer.hikari.HikariDataSource       : HikariPool-1 - Starting...
2026-05-23T00:06:37.953+01:00  INFO 33343 --- [main] com.zaxxer.hikari.pool.HikariPool        : HikariPool-1 - Added connection com.mysql.cj.jdbc.ConnectionImpl@3ea48c37
2026-05-23T00:06:37.958+01:00  INFO 33343 --- [main] com.zaxxer.hikari.HikariDataSource       : HikariPool-1 - Start completed.
2026-05-23T00:06:38.215+01:00  INFO 33343 --- [main] o.f.c.internal.license.VersionPrinter    : Flyway Community Edition 9.22.3 by Redgate
2026-05-23T00:06:38.215+01:00  INFO 33343 --- [main] o.f.c.internal.license.VersionPrinter    : See release notes here: https://rd.gt/416ObMi
2026-05-23T00:06:38.215+01:00  INFO 33343 --- [main] o.f.c.internal.license.VersionPrinter    : 
2026-05-23T00:06:38.235+01:00  INFO 33343 --- [main] o.f.c.i.resource.ResourceNameValidator   : 1 SQL migrations were detected but not run because they did not follow the filename convention.
2026-05-23T00:06:38.235+01:00  INFO 33343 --- [main] o.f.c.i.resource.ResourceNameValidator   : Set 'validateMigrationNaming' to true to fail fast and see a list of the invalid file names.
2026-05-23T00:06:38.264+01:00  INFO 33343 --- [main] org.flywaydb.core.FlywayExecutor         : Database: jdbc:mysql://localhost:3306/koins_db (MySQL 8.0)
2026-05-23T00:06:38.371+01:00  INFO 33343 --- [main] o.f.core.internal.command.DbValidate     : Successfully validated 3 migrations (execution time 00:00.053s)
2026-05-23T00:06:38.405+01:00  INFO 33343 --- [main] o.f.core.internal.command.DbMigrate      : Current version of schema `koins_db`: 2
2026-05-23T00:06:38.484+01:00  INFO 33343 --- [main] o.f.core.internal.command.DbMigrate      : Migrating schema `koins_db` to version "3 - secure financial fields and audit logs"
2026-05-23T00:06:38.568+01:00 ERROR 33343 --- [main] o.f.core.internal.command.DbMigrate      : Migration of schema `koins_db` to version "3 - secure financial fields and audit logs" failed! Please restore backups and roll back database and code!
2026-05-23T00:06:38.655+01:00 ERROR 33343 --- [main] o.s.b.web.embedded.tomcat.TomcatStarter  : Error starting Tomcat context. Exception: org.springframework.beans.factory.UnsatisfiedDependencyException. Message: Error creating bean with name 'jwtAuthenticationFilter' defined in file [/Users/gamp/Downloads/koins/target/classes/com/middleware/security/JwtAuthenticationFilter.class]: Unsatisfied dependency expressed through constructor parameter 1: Error creating bean with name 'customUserDetailsService' defined in file [/Users/gamp/Downloads/koins/target/classes/com/middleware/security/CustomUserDetailsService.class]: Unsatisfied dependency expressed through constructor parameter 0: Error creating bean with name 'userRepository' defined in com.middleware.repository.UserRepository defined in @EnableJpaRepositories declared on JpaRepositoriesRegistrar.EnableJpaRepositoriesConfiguration: Cannot resolve reference to bean 'jpaSharedEM_entityManagerFactory' while setting bean property 'entityManager'
2026-05-23T00:06:38.742+01:00  INFO 33343 --- [main] o.apache.catalina.core.StandardService   : Stopping service [Tomcat]
2026-05-23T00:06:38.749+01:00  WARN 33343 --- [main] o.a.c.loader.WebappClassLoaderBase       : The web application [ROOT] appears to have started a thread named [HikariPool-1 housekeeper] but has failed to stop it. This is very likely to create a memory leak. Stack trace of thread:
 java.base@17.0.11/jdk.internal.misc.Unsafe.park(Native Method)
 java.base@17.0.11/java.util.concurrent.locks.LockSupport.parkNanos(LockSupport.java:252)
 java.base@17.0.11/java.util.concurrent.locks.AbstractQueuedSynchronizer$ConditionObject.awaitNanos(AbstractQueuedSynchronizer.java:1672)
 java.base@17.0.11/java.util.concurrent.ScheduledThreadPoolExecutor$DelayedWorkQueue.take(ScheduledThreadPoolExecutor.java:1182)
 java.base@17.0.11/java.util.concurrent.ScheduledThreadPoolExecutor$DelayedWorkQueue.take(ScheduledThreadPoolExecutor.java:899)
 java.base@17.0.11/java.util.concurrent.ThreadPoolExecutor.getTask(ThreadPoolExecutor.java:1062)
 java.base@17.0.11/java.util.concurrent.ThreadPoolExecutor.runWorker(ThreadPoolExecutor.java:1122)
 java.base@17.0.11/java.util.concurrent.ThreadPoolExecutor$Worker.run(ThreadPoolExecutor.java:635)
 java.base@17.0.11/java.lang.Thread.run(Thread.java:842)
2026-05-23T00:06:38.750+01:00  WARN 33343 --- [main] o.a.c.loader.WebappClassLoaderBase       : The web application [ROOT] appears to have started a thread named [HikariPool-1 connection adder] but has failed to stop it. This is very likely to create a memory leak. Stack trace of thread:
 java.base@17.0.11/jdk.internal.misc.Unsafe.park(Native Method)
 java.base@17.0.11/java.util.concurrent.locks.LockSupport.parkNanos(LockSupport.java:252)
 java.base@17.0.11/java.util.concurrent.locks.AbstractQueuedSynchronizer$ConditionObject.awaitNanos(AbstractQueuedSynchronizer.java:1672)
 java.base@17.0.11/java.util.concurrent.LinkedBlockingQueue.poll(LinkedBlockingQueue.java:460)
 java.base@17.0.11/java.util.concurrent.ThreadPoolExecutor.getTask(ThreadPoolExecutor.java:1061)
 java.base@17.0.11/java.util.concurrent.ThreadPoolExecutor.runWorker(ThreadPoolExecutor.java:1122)
 java.base@17.0.11/java.util.concurrent.ThreadPoolExecutor$Worker.run(ThreadPoolExecutor.java:635)
 java.base@17.0.11/java.lang.Thread.run(Thread.java:842)
2026-05-23T00:06:38.757+01:00  WARN 33343 --- [main] ConfigServletWebServerApplicationContext : Exception encountered during context initialization - cancelling refresh attempt: org.springframework.context.ApplicationContextException: Unable to start web server
2026-05-23T00:06:38.758+01:00  INFO 33343 --- [main] com.zaxxer.hikari.HikariDataSource       : HikariPool-1 - Shutdown initiated...
2026-05-23T00:06:38.774+01:00  INFO 33343 --- [main] com.zaxxer.hikari.HikariDataSource       : HikariPool-1 - Shutdown completed.
2026-05-23T00:06:38.797+01:00  INFO 33343 --- [main] .s.b.a.l.ConditionEvaluationReportLogger : 

Error starting ApplicationContext. To display the condition evaluation report re-run your application with 'debug' enabled.
2026-05-23T00:06:38.840+01:00 ERROR 33343 --- [main] o.s.boot.SpringApplication               : Application run failed

org.springframework.context.ApplicationContextException: Unable to start web server
	at org.springframework.boot.web.servlet.context.ServletWebServerApplicationContext.onRefresh(ServletWebServerApplicationContext.java:165) ~[spring-boot-3.2.0.jar:3.2.0]
	at org.springframework.context.support.AbstractApplicationContext.refresh(AbstractApplicationContext.java:610) ~[spring-context-6.1.1.jar:6.1.1]
	at org.springframework.boot.web.servlet.context.ServletWebServerApplicationContext.refresh(ServletWebServerApplicationContext.java:146) ~[spring-boot-3.2.0.jar:3.2.0]
	at org.springframework.boot.SpringApplication.refresh(SpringApplication.java:753) ~[spring-boot-3.2.0.jar:3.2.0]
	at org.springframework.boot.SpringApplication.refreshContext(SpringApplication.java:455) ~[spring-boot-3.2.0.jar:3.2.0]
	at org.springframework.boot.SpringApplication.run(SpringApplication.java:323) ~[spring-boot-3.2.0.jar:3.2.0]
	at org.springframework.boot.SpringApplication.run(SpringApplication.java:1342) ~[spring-boot-3.2.0.jar:3.2.0]
	at org.springframework.boot.SpringApplication.run(SpringApplication.java:1331) ~[spring-boot-3.2.0.jar:3.2.0]
	at com.middleware.KoinsApplication.main(KoinsApplication.java:9) ~[classes/:na]
Caused by: org.springframework.boot.web.server.WebServerException: Unable to start embedded Tomcat
	at org.springframework.boot.web.embedded.tomcat.TomcatWebServer.initialize(TomcatWebServer.java:142) ~[spring-boot-3.2.0.jar:3.2.0]
	at org.springframework.boot.web.embedded.tomcat.TomcatWebServer.<init>(TomcatWebServer.java:104) ~[spring-boot-3.2.0.jar:3.2.0]
	at org.springframework.boot.web.embedded.tomcat.TomcatServletWebServerFactory.getTomcatWebServer(TomcatServletWebServerFactory.java:501) ~[spring-boot-3.2.0.jar:3.2.0]
	at org.springframework.boot.web.embedded.tomcat.TomcatServletWebServerFactory.getWebServer(TomcatServletWebServerFactory.java:218) ~[spring-boot-3.2.0.jar:3.2.0]
	at org.springframework.boot.web.servlet.context.ServletWebServerApplicationContext.createWebServer(ServletWebServerApplicationContext.java:188) ~[spring-boot-3.2.0.jar:3.2.0]
	at org.springframework.boot.web.servlet.context.ServletWebServerApplicationContext.onRefresh(ServletWebServerApplicationContext.java:162) ~[spring-boot-3.2.0.jar:3.2.0]
	... 8 common frames omitted
Caused by: org.springframework.beans.factory.UnsatisfiedDependencyException: Error creating bean with name 'jwtAuthenticationFilter' defined in file [/Users/gamp/Downloads/koins/target/classes/com/middleware/security/JwtAuthenticationFilter.class]: Unsatisfied dependency expressed through constructor parameter 1: Error creating bean with name 'customUserDetailsService' defined in file [/Users/gamp/Downloads/koins/target/classes/com/middleware/security/CustomUserDetailsService.class]: Unsatisfied dependency expressed through constructor parameter 0: Error creating bean with name 'userRepository' defined in com.middleware.repository.UserRepository defined in @EnableJpaRepositories declared on JpaRepositoriesRegistrar.EnableJpaRepositoriesConfiguration: Cannot resolve reference to bean 'jpaSharedEM_entityManagerFactory' while setting bean property 'entityManager'
	at org.springframework.beans.factory.support.ConstructorResolver.createArgumentArray(ConstructorResolver.java:802) ~[spring-beans-6.1.1.jar:6.1.1]
	at org.springframework.beans.factory.support.ConstructorResolver.autowireConstructor(ConstructorResolver.java:241) ~[spring-beans-6.1.1.jar:6.1.1]
	at org.springframework.beans.factory.support.AbstractAutowireCapableBeanFactory.autowireConstructor(AbstractAutowireCapableBeanFactory.java:1356) ~[spring-beans-6.1.1.jar:6.1.1]
	at org.springframework.beans.factory.support.AbstractAutowireCapableBeanFactory.createBeanInstance(AbstractAutowireCapableBeanFactory.java:1193) ~[spring-beans-6.1.1.jar:6.1.1]
	at org.springframework.beans.factory.support.AbstractAutowireCapableBeanFactory.doCreateBean(AbstractAutowireCapableBeanFactory.java:563) ~[spring-beans-6.1.1.jar:6.1.1]
	at org.springframework.beans.factory.support.AbstractAutowireCapableBeanFactory.createBean(AbstractAutowireCapableBeanFactory.java:523) ~[spring-beans-6.1.1.jar:6.1.1]
	at org.springframework.beans.factory.support.AbstractBeanFactory.lambda$doGetBean$0(AbstractBeanFactory.java:325) ~[spring-beans-6.1.1.jar:6.1.1]
	at org.springframework.beans.factory.support.DefaultSingletonBeanRegistry.getSingleton(DefaultSingletonBeanRegistry.java:234) ~[spring-beans-6.1.1.jar:6.1.1]
	at org.springframework.beans.factory.support.AbstractBeanFactory.doGetBean(AbstractBeanFactory.java:323) ~[spring-beans-6.1.1.jar:6.1.1]
	at org.springframework.beans.factory.support.AbstractBeanFactory.getBean(AbstractBeanFactory.java:204) ~[spring-beans-6.1.1.jar:6.1.1]
	at org.springframework.boot.web.servlet.ServletContextInitializerBeans.getOrderedBeansOfType(ServletContextInitializerBeans.java:210) ~[spring-boot-3.2.0.jar:3.2.0]
	at org.springframework.boot.web.servlet.ServletContextInitializerBeans.addAsRegistrationBean(ServletContextInitializerBeans.java:173) ~[spring-boot-3.2.0.jar:3.2.0]
	at org.springframework.boot.web.servlet.ServletContextInitializerBeans.addAsRegistrationBean(ServletContextInitializerBeans.java:168) ~[spring-boot-3.2.0.jar:3.2.0]
	at org.springframework.boot.web.servlet.ServletContextInitializerBeans.addAdaptableBeans(ServletContextInitializerBeans.java:153) ~[spring-boot-3.2.0.jar:3.2.0]
	at org.springframework.boot.web.servlet.ServletContextInitializerBeans.<init>(ServletContextInitializerBeans.java:86) ~[spring-boot-3.2.0.jar:3.2.0]
	at org.springframework.boot.web.servlet.context.ServletWebServerApplicationContext.getServletContextInitializerBeans(ServletWebServerApplicationContext.java:266) ~[spring-boot-3.2.0.jar:3.2.0]
	at org.springframework.boot.web.servlet.context.ServletWebServerApplicationContext.selfInitialize(ServletWebServerApplicationContext.java:240) ~[spring-boot-3.2.0.jar:3.2.0]
	at org.springframework.boot.web.embedded.tomcat.TomcatStarter.onStartup(TomcatStarter.java:52) ~[spring-boot-3.2.0.jar:3.2.0]
	at org.apache.catalina.core.StandardContext.startInternal(StandardContext.java:4850) ~[tomcat-embed-core-10.1.16.jar:10.1.16]
	at org.apache.catalina.util.LifecycleBase.start(LifecycleBase.java:171) ~[tomcat-embed-core-10.1.16.jar:10.1.16]
	at org.apache.catalina.core.ContainerBase$StartChild.call(ContainerBase.java:1332) ~[tomcat-embed-core-10.1.16.jar:10.1.16]
	at org.apache.catalina.core.ContainerBase$StartChild.call(ContainerBase.java:1322) ~[tomcat-embed-core-10.1.16.jar:10.1.16]
	at java.base/java.util.concurrent.FutureTask.run(FutureTask.java:264) ~[na:na]
	at org.apache.tomcat.util.threads.InlineExecutorService.execute(InlineExecutorService.java:75) ~[tomcat-embed-core-10.1.16.jar:10.1.16]
	at java.base/java.util.concurrent.AbstractExecutorService.submit(AbstractExecutorService.java:145) ~[na:na]
	at org.apache.catalina.core.ContainerBase.startInternal(ContainerBase.java:866) ~[tomcat-embed-core-10.1.16.jar:10.1.16]
	at org.apache.catalina.core.StandardHost.startInternal(StandardHost.java:845) ~[tomcat-embed-core-10.1.16.jar:10.1.16]
	at org.apache.catalina.util.LifecycleBase.start(LifecycleBase.java:171) ~[tomcat-embed-core-10.1.16.jar:10.1.16]
	at org.apache.catalina.core.ContainerBase$StartChild.call(ContainerBase.java:1332) ~[tomcat-embed-core-10.1.16.jar:10.1.16]
	at org.apache.catalina.core.ContainerBase$StartChild.call(ContainerBase.java:1322) ~[tomcat-embed-core-10.1.16.jar:10.1.16]
	at java.base/java.util.concurrent.FutureTask.run(FutureTask.java:264) ~[na:na]
	at org.apache.tomcat.util.threads.InlineExecutorService.execute(InlineExecutorService.java:75) ~[tomcat-embed-core-10.1.16.jar:10.1.16]
	at java.base/java.util.concurrent.AbstractExecutorService.submit(AbstractExecutorService.java:145) ~[na:na]
	at org.apache.catalina.core.ContainerBase.startInternal(ContainerBase.java:866) ~[tomcat-embed-core-10.1.16.jar:10.1.16]
	at org.apache.catalina.core.StandardEngine.startInternal(StandardEngine.java:240) ~[tomcat-embed-core-10.1.16.jar:10.1.16]
	at org.apache.catalina.util.LifecycleBase.start(LifecycleBase.java:171) ~[tomcat-embed-core-10.1.16.jar:10.1.16]
	at org.apache.catalina.core.StandardService.startInternal(StandardService.java:433) ~[tomcat-embed-core-10.1.16.jar:10.1.16]
	at org.apache.catalina.util.LifecycleBase.start(LifecycleBase.java:171) ~[tomcat-embed-core-10.1.16.jar:10.1.16]
	at org.apache.catalina.core.StandardServer.startInternal(StandardServer.java:917) ~[tomcat-embed-core-10.1.16.jar:10.1.16]
	at org.apache.catalina.util.LifecycleBase.start(LifecycleBase.java:171) ~[tomcat-embed-core-10.1.16.jar:10.1.16]
	at org.apache.catalina.startup.Tomcat.start(Tomcat.java:488) ~[tomcat-embed-core-10.1.16.jar:10.1.16]
	at org.springframework.boot.web.embedded.tomcat.TomcatWebServer.initialize(TomcatWebServer.java:123) ~[spring-boot-3.2.0.jar:3.2.0]
	... 13 common frames omitted
Caused by: org.springframework.beans.factory.UnsatisfiedDependencyException: Error creating bean with name 'customUserDetailsService' defined in file [/Users/gamp/Downloads/koins/target/classes/com/middleware/security/CustomUserDetailsService.class]: Unsatisfied dependency expressed through constructor parameter 0: Error creating bean with name 'userRepository' defined in com.middleware.repository.UserRepository defined in @EnableJpaRepositories declared on JpaRepositoriesRegistrar.EnableJpaRepositoriesConfiguration: Cannot resolve reference to bean 'jpaSharedEM_entityManagerFactory' while setting bean property 'entityManager'
	at org.springframework.beans.factory.support.ConstructorResolver.createArgumentArray(ConstructorResolver.java:802) ~[spring-beans-6.1.1.jar:6.1.1]
	at org.springframework.beans.factory.support.ConstructorResolver.autowireConstructor(ConstructorResolver.java:241) ~[spring-beans-6.1.1.jar:6.1.1]
	at org.springframework.beans.factory.support.AbstractAutowireCapableBeanFactory.autowireConstructor(AbstractAutowireCapableBeanFactory.java:1356) ~[spring-beans-6.1.1.jar:6.1.1]
	at org.springframework.beans.factory.support.AbstractAutowireCapableBeanFactory.createBeanInstance(AbstractAutowireCapableBeanFactory.java:1193) ~[spring-beans-6.1.1.jar:6.1.1]
	at org.springframework.beans.factory.support.AbstractAutowireCapableBeanFactory.doCreateBean(AbstractAutowireCapableBeanFactory.java:563) ~[spring-beans-6.1.1.jar:6.1.1]
	at org.springframework.beans.factory.support.AbstractAutowireCapableBeanFactory.createBean(AbstractAutowireCapableBeanFactory.java:523) ~[spring-beans-6.1.1.jar:6.1.1]
	at org.springframework.beans.factory.support.AbstractBeanFactory.lambda$doGetBean$0(AbstractBeanFactory.java:325) ~[spring-beans-6.1.1.jar:6.1.1]
	at org.springframework.beans.factory.support.DefaultSingletonBeanRegistry.getSingleton(DefaultSingletonBeanRegistry.java:234) ~[spring-beans-6.1.1.jar:6.1.1]
	at org.springframework.beans.factory.support.AbstractBeanFactory.doGetBean(AbstractBeanFactory.java:323) ~[spring-beans-6.1.1.jar:6.1.1]
	at org.springframework.beans.factory.support.AbstractBeanFactory.getBean(AbstractBeanFactory.java:199) ~[spring-beans-6.1.1.jar:6.1.1]
	at org.springframework.beans.factory.config.DependencyDescriptor.resolveCandidate(DependencyDescriptor.java:254) ~[spring-beans-6.1.1.jar:6.1.1]
	at org.springframework.beans.factory.support.DefaultListableBeanFactory.doResolveDependency(DefaultListableBeanFactory.java:1441) ~[spring-beans-6.1.1.jar:6.1.1]
	at org.springframework.beans.factory.support.DefaultListableBeanFactory.resolveDependency(DefaultListableBeanFactory.java:1348) ~[spring-beans-6.1.1.jar:6.1.1]
	at org.springframework.beans.factory.support.ConstructorResolver.resolveAutowiredArgument(ConstructorResolver.java:911) ~[spring-beans-6.1.1.jar:6.1.1]
	at org.springframework.beans.factory.support.ConstructorResolver.createArgumentArray(ConstructorResolver.java:789) ~[spring-beans-6.1.1.jar:6.1.1]
	... 54 common frames omitted
Caused by: org.springframework.beans.factory.BeanCreationException: Error creating bean with name 'userRepository' defined in com.middleware.repository.UserRepository defined in @EnableJpaRepositories declared on JpaRepositoriesRegistrar.EnableJpaRepositoriesConfiguration: Cannot resolve reference to bean 'jpaSharedEM_entityManagerFactory' while setting bean property 'entityManager'
	at org.springframework.beans.factory.support.BeanDefinitionValueResolver.resolveReference(BeanDefinitionValueResolver.java:377) ~[spring-beans-6.1.1.jar:6.1.1]
	at org.springframework.beans.factory.support.BeanDefinitionValueResolver.resolveValueIfNecessary(BeanDefinitionValueResolver.java:135) ~[spring-beans-6.1.1.jar:6.1.1]
	at org.springframework.beans.factory.support.AbstractAutowireCapableBeanFactory.applyPropertyValues(AbstractAutowireCapableBeanFactory.java:1686) ~[spring-beans-6.1.1.jar:6.1.1]
	at org.springframework.beans.factory.support.AbstractAutowireCapableBeanFactory.populateBean(AbstractAutowireCapableBeanFactory.java:1435) ~[spring-beans-6.1.1.jar:6.1.1]
	at org.springframework.beans.factory.support.AbstractAutowireCapableBeanFactory.doCreateBean(AbstractAutowireCapableBeanFactory.java:600) ~[spring-beans-6.1.1.jar:6.1.1]
	at org.springframework.beans.factory.support.AbstractAutowireCapableBeanFactory.createBean(AbstractAutowireCapableBeanFactory.java:523) ~[spring-beans-6.1.1.jar:6.1.1]
	at org.springframework.beans.factory.support.AbstractBeanFactory.lambda$doGetBean$0(AbstractBeanFactory.java:325) ~[spring-beans-6.1.1.jar:6.1.1]
	at org.springframework.beans.factory.support.DefaultSingletonBeanRegistry.getSingleton(DefaultSingletonBeanRegistry.java:234) ~[spring-beans-6.1.1.jar:6.1.1]
	at org.springframework.beans.factory.support.AbstractBeanFactory.doGetBean(AbstractBeanFactory.java:323) ~[spring-beans-6.1.1.jar:6.1.1]
	at org.springframework.beans.factory.support.AbstractBeanFactory.getBean(AbstractBeanFactory.java:199) ~[spring-beans-6.1.1.jar:6.1.1]
	at org.springframework.beans.factory.config.DependencyDescriptor.resolveCandidate(DependencyDescriptor.java:254) ~[spring-beans-6.1.1.jar:6.1.1]
	at org.springframework.beans.factory.support.DefaultListableBeanFactory.doResolveDependency(DefaultListableBeanFactory.java:1441) ~[spring-beans-6.1.1.jar:6.1.1]
	at org.springframework.beans.factory.support.DefaultListableBeanFactory.resolveDependency(DefaultListableBeanFactory.java:1348) ~[spring-beans-6.1.1.jar:6.1.1]
	at org.springframework.beans.factory.support.ConstructorResolver.resolveAutowiredArgument(ConstructorResolver.java:911) ~[spring-beans-6.1.1.jar:6.1.1]
	at org.springframework.beans.factory.support.ConstructorResolver.createArgumentArray(ConstructorResolver.java:789) ~[spring-beans-6.1.1.jar:6.1.1]
	... 68 common frames omitted
Caused by: org.springframework.beans.factory.BeanCreationException: Error creating bean with name 'jpaSharedEM_entityManagerFactory': Cannot resolve reference to bean 'entityManagerFactory' while setting constructor argument
	at org.springframework.beans.factory.support.BeanDefinitionValueResolver.resolveReference(BeanDefinitionValueResolver.java:377) ~[spring-beans-6.1.1.jar:6.1.1]
	at org.springframework.beans.factory.support.BeanDefinitionValueResolver.resolveValueIfNecessary(BeanDefinitionValueResolver.java:135) ~[spring-beans-6.1.1.jar:6.1.1]
	at org.springframework.beans.factory.support.ConstructorResolver.resolveConstructorArguments(ConstructorResolver.java:689) ~[spring-beans-6.1.1.jar:6.1.1]
	at org.springframework.beans.factory.support.ConstructorResolver.instantiateUsingFactoryMethod(ConstructorResolver.java:513) ~[spring-beans-6.1.1.jar:6.1.1]
	at org.springframework.beans.factory.support.AbstractAutowireCapableBeanFactory.instantiateUsingFactoryMethod(AbstractAutowireCapableBeanFactory.java:1336) ~[spring-beans-6.1.1.jar:6.1.1]
	at org.springframework.beans.factory.support.AbstractAutowireCapableBeanFactory.createBeanInstance(AbstractAutowireCapableBeanFactory.java:1166) ~[spring-beans-6.1.1.jar:6.1.1]
	at org.springframework.beans.factory.support.AbstractAutowireCapableBeanFactory.doCreateBean(AbstractAutowireCapableBeanFactory.java:563) ~[spring-beans-6.1.1.jar:6.1.1]
	at org.springframework.beans.factory.support.AbstractAutowireCapableBeanFactory.createBean(AbstractAutowireCapableBeanFactory.java:523) ~[spring-beans-6.1.1.jar:6.1.1]
	at org.springframework.beans.factory.support.AbstractBeanFactory.lambda$doGetBean$0(AbstractBeanFactory.java:325) ~[spring-beans-6.1.1.jar:6.1.1]
	at org.springframework.beans.factory.support.DefaultSingletonBeanRegistry.getSingleton(DefaultSingletonBeanRegistry.java:234) ~[spring-beans-6.1.1.jar:6.1.1]
	at org.springframework.beans.factory.support.AbstractBeanFactory.doGetBean(AbstractBeanFactory.java:323) ~[spring-beans-6.1.1.jar:6.1.1]
	at org.springframework.beans.factory.support.AbstractBeanFactory.getBean(AbstractBeanFactory.java:199) ~[spring-beans-6.1.1.jar:6.1.1]
	at org.springframework.beans.factory.support.BeanDefinitionValueResolver.resolveReference(BeanDefinitionValueResolver.java:365) ~[spring-beans-6.1.1.jar:6.1.1]
	... 82 common frames omitted
Caused by: org.springframework.beans.factory.BeanCreationException: Error creating bean with name 'flywayInitializer' defined in class path resource [org/springframework/boot/autoconfigure/flyway/FlywayAutoConfiguration$FlywayConfiguration.class]: Migration V3__secure_financial_fields_and_audit_logs.sql failed
---------------------------------------------------------------
SQL State  : 42S21
Error Code : 1060
Message    : Duplicate column name 'otp_action'
Location   : db/V3__secure_financial_fields_and_audit_logs.sql (/Users/gamp/Downloads/koins/target/classes/db/V3__secure_financial_fields_and_audit_logs.sql)
Line       : 9
Statement  : -- ============================================================
-- V3 — Secure Financial Fields + Audit Logs
-- ============================================================

-- ============================================================
-- USERS
-- ============================================================

ALTER TABLE users
ADD COLUMN otp_action VARCHAR(30)
NOT NULL DEFAULT 'EMAIL_VERIFICATION'

	at org.springframework.beans.factory.support.AbstractAutowireCapableBeanFactory.initializeBean(AbstractAutowireCapableBeanFactory.java:1775) ~[spring-beans-6.1.1.jar:6.1.1]
	at org.springframework.beans.factory.support.AbstractAutowireCapableBeanFactory.doCreateBean(AbstractAutowireCapableBeanFactory.java:601) ~[spring-beans-6.1.1.jar:6.1.1]
	at org.springframework.beans.factory.support.AbstractAutowireCapableBeanFactory.createBean(AbstractAutowireCapableBeanFactory.java:523) ~[spring-beans-6.1.1.jar:6.1.1]
	at org.springframework.beans.factory.support.AbstractBeanFactory.lambda$doGetBean$0(AbstractBeanFactory.java:325) ~[spring-beans-6.1.1.jar:6.1.1]
	at org.springframework.beans.factory.support.DefaultSingletonBeanRegistry.getSingleton(DefaultSingletonBeanRegistry.java:234) ~[spring-beans-6.1.1.jar:6.1.1]
	at org.springframework.beans.factory.support.AbstractBeanFactory.doGetBean(AbstractBeanFactory.java:323) ~[spring-beans-6.1.1.jar:6.1.1]
	at org.springframework.beans.factory.support.AbstractBeanFactory.getBean(AbstractBeanFactory.java:199) ~[spring-beans-6.1.1.jar:6.1.1]
	at org.springframework.beans.factory.support.AbstractBeanFactory.doGetBean(AbstractBeanFactory.java:312) ~[spring-beans-6.1.1.jar:6.1.1]
	at org.springframework.beans.factory.support.AbstractBeanFactory.getBean(AbstractBeanFactory.java:199) ~[spring-beans-6.1.1.jar:6.1.1]
	at org.springframework.beans.factory.support.BeanDefinitionValueResolver.resolveReference(BeanDefinitionValueResolver.java:365) ~[spring-beans-6.1.1.jar:6.1.1]
	... 94 common frames omitted
Caused by: org.flywaydb.core.internal.command.DbMigrate$FlywayMigrateException: Migration V3__secure_financial_fields_and_audit_logs.sql failed
---------------------------------------------------------------
SQL State  : 42S21
Error Code : 1060
Message    : Duplicate column name 'otp_action'
Location   : db/V3__secure_financial_fields_and_audit_logs.sql (/Users/gamp/Downloads/koins/target/classes/db/V3__secure_financial_fields_and_audit_logs.sql)
Line       : 9
Statement  : -- ============================================================
-- V3 — Secure Financial Fields + Audit Logs
-- ============================================================

-- ============================================================
-- USERS
-- ============================================================

ALTER TABLE users
ADD COLUMN otp_action VARCHAR(30)
NOT NULL DEFAULT 'EMAIL_VERIFICATION'

	at org.flywaydb.core.internal.command.DbMigrate.doMigrateGroup(DbMigrate.java:382) ~[flyway-core-9.22.3.jar:na]
	at org.flywaydb.core.internal.command.DbMigrate.lambda$applyMigrations$1(DbMigrate.java:272) ~[flyway-core-9.22.3.jar:na]
	at org.flywaydb.core.internal.jdbc.TransactionalExecutionTemplate.execute(TransactionalExecutionTemplate.java:55) ~[flyway-core-9.22.3.jar:na]
	at org.flywaydb.core.internal.command.DbMigrate.applyMigrations(DbMigrate.java:271) ~[flyway-core-9.22.3.jar:na]
	at org.flywaydb.core.internal.command.DbMigrate.migrateGroup(DbMigrate.java:244) ~[flyway-core-9.22.3.jar:na]
	at org.flywaydb.core.internal.command.DbMigrate.lambda$migrateAll$0(DbMigrate.java:139) ~[flyway-core-9.22.3.jar:na]
	at org.flywaydb.database.mysql.MySQLNamedLockTemplate.execute(MySQLNamedLockTemplate.java:58) ~[flyway-mysql-9.22.3.jar:na]
	at org.flywaydb.database.mysql.MySQLConnection.lock(MySQLConnection.java:152) ~[flyway-mysql-9.22.3.jar:na]
	at org.flywaydb.core.internal.schemahistory.JdbcTableSchemaHistory.lock(JdbcTableSchemaHistory.java:144) ~[flyway-core-9.22.3.jar:na]
	at org.flywaydb.core.internal.command.DbMigrate.migrateAll(DbMigrate.java:139) ~[flyway-core-9.22.3.jar:na]
	at org.flywaydb.core.internal.command.DbMigrate.migrate(DbMigrate.java:97) ~[flyway-core-9.22.3.jar:na]
	at org.flywaydb.core.Flyway.lambda$migrate$0(Flyway.java:188) ~[flyway-core-9.22.3.jar:na]
	at org.flywaydb.core.FlywayExecutor.execute(FlywayExecutor.java:213) ~[flyway-core-9.22.3.jar:na]
	at org.flywaydb.core.Flyway.migrate(Flyway.java:140) ~[flyway-core-9.22.3.jar:na]
	at org.springframework.boot.autoconfigure.flyway.FlywayMigrationInitializer.afterPropertiesSet(FlywayMigrationInitializer.java:66) ~[spring-boot-autoconfigure-3.2.0.jar:3.2.0]
	at org.springframework.beans.factory.support.AbstractAutowireCapableBeanFactory.invokeInitMethods(AbstractAutowireCapableBeanFactory.java:1822) ~[spring-beans-6.1.1.jar:6.1.1]
	at org.springframework.beans.factory.support.AbstractAutowireCapableBeanFactory.initializeBean(AbstractAutowireCapableBeanFactory.java:1771) ~[spring-beans-6.1.1.jar:6.1.1]
	... 103 common frames omitted
Caused by: org.flywaydb.core.internal.sqlscript.FlywaySqlScriptException: Migration V3__secure_financial_fields_and_audit_logs.sql failed
---------------------------------------------------------------
SQL State  : 42S21
Error Code : 1060
Message    : Duplicate column name 'otp_action'
Location   : db/V3__secure_financial_fields_and_audit_logs.sql (/Users/gamp/Downloads/koins/target/classes/db/V3__secure_financial_fields_and_audit_logs.sql)
Line       : 9
Statement  : -- ============================================================
-- V3 — Secure Financial Fields + Audit Logs
-- ============================================================

-- ============================================================
-- USERS
-- ============================================================

ALTER TABLE users
ADD COLUMN otp_action VARCHAR(30)
NOT NULL DEFAULT 'EMAIL_VERIFICATION'

	at org.flywaydb.core.internal.sqlscript.DefaultSqlScriptExecutor.handleException(DefaultSqlScriptExecutor.java:267) ~[flyway-core-9.22.3.jar:na]
	at org.flywaydb.core.internal.sqlscript.DefaultSqlScriptExecutor.executeStatement(DefaultSqlScriptExecutor.java:222) ~[flyway-core-9.22.3.jar:na]
	at org.flywaydb.core.internal.sqlscript.DefaultSqlScriptExecutor.execute(DefaultSqlScriptExecutor.java:126) ~[flyway-core-9.22.3.jar:na]
	at org.flywaydb.core.internal.resolver.sql.SqlMigrationExecutor.executeOnce(SqlMigrationExecutor.java:68) ~[flyway-core-9.22.3.jar:na]
	at org.flywaydb.core.internal.resolver.sql.SqlMigrationExecutor.lambda$execute$0(SqlMigrationExecutor.java:57) ~[flyway-core-9.22.3.jar:na]
	at org.flywaydb.core.internal.database.DefaultExecutionStrategy.execute(DefaultExecutionStrategy.java:27) ~[flyway-core-9.22.3.jar:na]
	at org.flywaydb.core.internal.resolver.sql.SqlMigrationExecutor.execute(SqlMigrationExecutor.java:56) ~[flyway-core-9.22.3.jar:na]
	at org.flywaydb.core.internal.command.DbMigrate.doMigrateGroup(DbMigrate.java:374) ~[flyway-core-9.22.3.jar:na]
	... 119 common frames omitted
Caused by: java.sql.SQLSyntaxErrorException: Duplicate column name 'otp_action'
	at com.mysql.cj.jdbc.exceptions.SQLError.createSQLException(SQLError.java:121) ~[mysql-connector-j-8.1.0.jar:8.1.0]
	at com.mysql.cj.jdbc.exceptions.SQLExceptionsMapping.translateException(SQLExceptionsMapping.java:122) ~[mysql-connector-j-8.1.0.jar:8.1.0]
	at com.mysql.cj.jdbc.StatementImpl.executeInternal(StatementImpl.java:763) ~[mysql-connector-j-8.1.0.jar:8.1.0]
	at com.mysql.cj.jdbc.StatementImpl.execute(StatementImpl.java:648) ~[mysql-connector-j-8.1.0.jar:8.1.0]
	at com.zaxxer.hikari.pool.ProxyStatement.execute(ProxyStatement.java:94) ~[HikariCP-5.0.1.jar:na]
	at com.zaxxer.hikari.pool.HikariProxyStatement.execute(HikariProxyStatement.java) ~[HikariCP-5.0.1.jar:na]
	at org.flywaydb.core.internal.jdbc.JdbcTemplate.executeStatement(JdbcTemplate.java:201) ~[flyway-core-9.22.3.jar:na]
	at org.flywaydb.core.internal.sqlscript.ParsedSqlStatement.execute(ParsedSqlStatement.java:95) ~[flyway-core-9.22.3.jar:na]
	at org.flywaydb.core.internal.sqlscript.DefaultSqlScriptExecutor.executeStatement(DefaultSqlScriptExecutor.java:210) ~[flyway-core-9.22.3.jar:na]
	... 125 common frames omitted

2026-05-23T00:10:49.505+01:00  INFO 34093 --- [main] com.middleware.KoinsApplication          : Starting KoinsApplication using Java 17.0.11 with PID 34093 (/Users/gamp/Downloads/koins/target/classes started by gamp in /Users/gamp/Downloads/koins)
2026-05-23T00:10:49.509+01:00  INFO 34093 --- [main] com.middleware.KoinsApplication          : No active profile set, falling back to 1 default profile: "default"
2026-05-23T00:10:52.113+01:00  INFO 34093 --- [main] .s.d.r.c.RepositoryConfigurationDelegate : Bootstrapping Spring Data JPA repositories in DEFAULT mode.
2026-05-23T00:10:52.634+01:00  INFO 34093 --- [main] .s.d.r.c.RepositoryConfigurationDelegate : Finished Spring Data repository scanning in 503 ms. Found 6 JPA repository interfaces.
2026-05-23T00:10:54.576+01:00  INFO 34093 --- [main] o.s.b.w.embedded.tomcat.TomcatWebServer  : Tomcat initialized with port 8080 (http)
2026-05-23T00:10:54.601+01:00  INFO 34093 --- [main] o.apache.catalina.core.StandardService   : Starting service [Tomcat]
2026-05-23T00:10:54.602+01:00  INFO 34093 --- [main] o.apache.catalina.core.StandardEngine    : Starting Servlet engine: [Apache Tomcat/10.1.16]
2026-05-23T00:10:54.788+01:00  INFO 34093 --- [main] o.a.c.c.C.[Tomcat].[localhost].[/]       : Initializing Spring embedded WebApplicationContext
2026-05-23T00:10:54.790+01:00  INFO 34093 --- [main] w.s.c.ServletWebServerApplicationContext : Root WebApplicationContext: initialization completed in 5156 ms
2026-05-23T00:10:55.027+01:00  INFO 34093 --- [main] com.zaxxer.hikari.HikariDataSource       : HikariPool-1 - Starting...
2026-05-23T00:10:55.432+01:00  INFO 34093 --- [main] com.zaxxer.hikari.pool.HikariPool        : HikariPool-1 - Added connection com.mysql.cj.jdbc.ConnectionImpl@25d911a
2026-05-23T00:10:55.438+01:00  INFO 34093 --- [main] com.zaxxer.hikari.HikariDataSource       : HikariPool-1 - Start completed.
2026-05-23T00:10:55.702+01:00  INFO 34093 --- [main] o.f.c.internal.license.VersionPrinter    : Flyway Community Edition 9.22.3 by Redgate
2026-05-23T00:10:55.703+01:00  INFO 34093 --- [main] o.f.c.internal.license.VersionPrinter    : See release notes here: https://rd.gt/416ObMi
2026-05-23T00:10:55.703+01:00  INFO 34093 --- [main] o.f.c.internal.license.VersionPrinter    : 
2026-05-23T00:10:55.725+01:00  INFO 34093 --- [main] o.f.c.i.resource.ResourceNameValidator   : 1 SQL migrations were detected but not run because they did not follow the filename convention.
2026-05-23T00:10:55.726+01:00  INFO 34093 --- [main] o.f.c.i.resource.ResourceNameValidator   : Set 'validateMigrationNaming' to true to fail fast and see a list of the invalid file names.
2026-05-23T00:10:55.755+01:00  INFO 34093 --- [main] org.flywaydb.core.FlywayExecutor         : Database: jdbc:mysql://localhost:3306/koins_db (MySQL 8.0)
2026-05-23T00:10:55.877+01:00 ERROR 34093 --- [main] o.s.b.web.embedded.tomcat.TomcatStarter  : Error starting Tomcat context. Exception: org.springframework.beans.factory.UnsatisfiedDependencyException. Message: Error creating bean with name 'jwtAuthenticationFilter' defined in file [/Users/gamp/Downloads/koins/target/classes/com/middleware/security/JwtAuthenticationFilter.class]: Unsatisfied dependency expressed through constructor parameter 1: Error creating bean with name 'customUserDetailsService' defined in file [/Users/gamp/Downloads/koins/target/classes/com/middleware/security/CustomUserDetailsService.class]: Unsatisfied dependency expressed through constructor parameter 0: Error creating bean with name 'userRepository' defined in com.middleware.repository.UserRepository defined in @EnableJpaRepositories declared on JpaRepositoriesRegistrar.EnableJpaRepositoriesConfiguration: Cannot resolve reference to bean 'jpaSharedEM_entityManagerFactory' while setting bean property 'entityManager'
2026-05-23T00:10:55.975+01:00  INFO 34093 --- [main] o.apache.catalina.core.StandardService   : Stopping service [Tomcat]
2026-05-23T00:10:55.987+01:00  WARN 34093 --- [main] o.a.c.loader.WebappClassLoaderBase       : The web application [ROOT] appears to have started a thread named [HikariPool-1 housekeeper] but has failed to stop it. This is very likely to create a memory leak. Stack trace of thread:
 java.base@17.0.11/jdk.internal.misc.Unsafe.park(Native Method)
 java.base@17.0.11/java.util.concurrent.locks.LockSupport.parkNanos(LockSupport.java:252)
 java.base@17.0.11/java.util.concurrent.locks.AbstractQueuedSynchronizer$ConditionObject.awaitNanos(AbstractQueuedSynchronizer.java:1672)
 java.base@17.0.11/java.util.concurrent.ScheduledThreadPoolExecutor$DelayedWorkQueue.take(ScheduledThreadPoolExecutor.java:1182)
 java.base@17.0.11/java.util.concurrent.ScheduledThreadPoolExecutor$DelayedWorkQueue.take(ScheduledThreadPoolExecutor.java:899)
 java.base@17.0.11/java.util.concurrent.ThreadPoolExecutor.getTask(ThreadPoolExecutor.java:1062)
 java.base@17.0.11/java.util.concurrent.ThreadPoolExecutor.runWorker(ThreadPoolExecutor.java:1122)
 java.base@17.0.11/java.util.concurrent.ThreadPoolExecutor$Worker.run(ThreadPoolExecutor.java:635)
 java.base@17.0.11/java.lang.Thread.run(Thread.java:842)
2026-05-23T00:10:55.989+01:00  WARN 34093 --- [main] o.a.c.loader.WebappClassLoaderBase       : The web application [ROOT] appears to have started a thread named [HikariPool-1 connection adder] but has failed to stop it. This is very likely to create a memory leak. Stack trace of thread:
 java.base@17.0.11/jdk.internal.misc.Unsafe.park(Native Method)
 java.base@17.0.11/java.util.concurrent.locks.LockSupport.parkNanos(LockSupport.java:252)
 java.base@17.0.11/java.util.concurrent.locks.AbstractQueuedSynchronizer$ConditionObject.awaitNanos(AbstractQueuedSynchronizer.java:1672)
 java.base@17.0.11/java.util.concurrent.LinkedBlockingQueue.poll(LinkedBlockingQueue.java:460)
 java.base@17.0.11/java.util.concurrent.ThreadPoolExecutor.getTask(ThreadPoolExecutor.java:1061)
 java.base@17.0.11/java.util.concurrent.ThreadPoolExecutor.runWorker(ThreadPoolExecutor.java:1122)
 java.base@17.0.11/java.util.concurrent.ThreadPoolExecutor$Worker.run(ThreadPoolExecutor.java:635)
 java.base@17.0.11/java.lang.Thread.run(Thread.java:842)
2026-05-23T00:10:55.995+01:00  WARN 34093 --- [main] ConfigServletWebServerApplicationContext : Exception encountered during context initialization - cancelling refresh attempt: org.springframework.context.ApplicationContextException: Unable to start web server
2026-05-23T00:10:55.996+01:00  INFO 34093 --- [main] com.zaxxer.hikari.HikariDataSource       : HikariPool-1 - Shutdown initiated...
2026-05-23T00:10:56.015+01:00  INFO 34093 --- [main] com.zaxxer.hikari.HikariDataSource       : HikariPool-1 - Shutdown completed.
2026-05-23T00:10:56.037+01:00  INFO 34093 --- [main] .s.b.a.l.ConditionEvaluationReportLogger : 

Error starting ApplicationContext. To display the condition evaluation report re-run your application with 'debug' enabled.
2026-05-23T00:10:56.081+01:00 ERROR 34093 --- [main] o.s.boot.SpringApplication               : Application run failed

org.springframework.context.ApplicationContextException: Unable to start web server
	at org.springframework.boot.web.servlet.context.ServletWebServerApplicationContext.onRefresh(ServletWebServerApplicationContext.java:165) ~[spring-boot-3.2.0.jar:3.2.0]
	at org.springframework.context.support.AbstractApplicationContext.refresh(AbstractApplicationContext.java:610) ~[spring-context-6.1.1.jar:6.1.1]
	at org.springframework.boot.web.servlet.context.ServletWebServerApplicationContext.refresh(ServletWebServerApplicationContext.java:146) ~[spring-boot-3.2.0.jar:3.2.0]
	at org.springframework.boot.SpringApplication.refresh(SpringApplication.java:753) ~[spring-boot-3.2.0.jar:3.2.0]
	at org.springframework.boot.SpringApplication.refreshContext(SpringApplication.java:455) ~[spring-boot-3.2.0.jar:3.2.0]
	at org.springframework.boot.SpringApplication.run(SpringApplication.java:323) ~[spring-boot-3.2.0.jar:3.2.0]
	at org.springframework.boot.SpringApplication.run(SpringApplication.java:1342) ~[spring-boot-3.2.0.jar:3.2.0]
	at org.springframework.boot.SpringApplication.run(SpringApplication.java:1331) ~[spring-boot-3.2.0.jar:3.2.0]
	at com.middleware.KoinsApplication.main(KoinsApplication.java:9) ~[classes/:na]
Caused by: org.springframework.boot.web.server.WebServerException: Unable to start embedded Tomcat
	at org.springframework.boot.web.embedded.tomcat.TomcatWebServer.initialize(TomcatWebServer.java:142) ~[spring-boot-3.2.0.jar:3.2.0]
	at org.springframework.boot.web.embedded.tomcat.TomcatWebServer.<init>(TomcatWebServer.java:104) ~[spring-boot-3.2.0.jar:3.2.0]
	at org.springframework.boot.web.embedded.tomcat.TomcatServletWebServerFactory.getTomcatWebServer(TomcatServletWebServerFactory.java:501) ~[spring-boot-3.2.0.jar:3.2.0]
	at org.springframework.boot.web.embedded.tomcat.TomcatServletWebServerFactory.getWebServer(TomcatServletWebServerFactory.java:218) ~[spring-boot-3.2.0.jar:3.2.0]
	at org.springframework.boot.web.servlet.context.ServletWebServerApplicationContext.createWebServer(ServletWebServerApplicationContext.java:188) ~[spring-boot-3.2.0.jar:3.2.0]
	at org.springframework.boot.web.servlet.context.ServletWebServerApplicationContext.onRefresh(ServletWebServerApplicationContext.java:162) ~[spring-boot-3.2.0.jar:3.2.0]
	... 8 common frames omitted
Caused by: org.springframework.beans.factory.UnsatisfiedDependencyException: Error creating bean with name 'jwtAuthenticationFilter' defined in file [/Users/gamp/Downloads/koins/target/classes/com/middleware/security/JwtAuthenticationFilter.class]: Unsatisfied dependency expressed through constructor parameter 1: Error creating bean with name 'customUserDetailsService' defined in file [/Users/gamp/Downloads/koins/target/classes/com/middleware/security/CustomUserDetailsService.class]: Unsatisfied dependency expressed through constructor parameter 0: Error creating bean with name 'userRepository' defined in com.middleware.repository.UserRepository defined in @EnableJpaRepositories declared on JpaRepositoriesRegistrar.EnableJpaRepositoriesConfiguration: Cannot resolve reference to bean 'jpaSharedEM_entityManagerFactory' while setting bean property 'entityManager'
	at org.springframework.beans.factory.support.ConstructorResolver.createArgumentArray(ConstructorResolver.java:802) ~[spring-beans-6.1.1.jar:6.1.1]
	at org.springframework.beans.factory.support.ConstructorResolver.autowireConstructor(ConstructorResolver.java:241) ~[spring-beans-6.1.1.jar:6.1.1]
	at org.springframework.beans.factory.support.AbstractAutowireCapableBeanFactory.autowireConstructor(AbstractAutowireCapableBeanFactory.java:1356) ~[spring-beans-6.1.1.jar:6.1.1]
	at org.springframework.beans.factory.support.AbstractAutowireCapableBeanFactory.createBeanInstance(AbstractAutowireCapableBeanFactory.java:1193) ~[spring-beans-6.1.1.jar:6.1.1]
	at org.springframework.beans.factory.support.AbstractAutowireCapableBeanFactory.doCreateBean(AbstractAutowireCapableBeanFactory.java:563) ~[spring-beans-6.1.1.jar:6.1.1]
	at org.springframework.beans.factory.support.AbstractAutowireCapableBeanFactory.createBean(AbstractAutowireCapableBeanFactory.java:523) ~[spring-beans-6.1.1.jar:6.1.1]
	at org.springframework.beans.factory.support.AbstractBeanFactory.lambda$doGetBean$0(AbstractBeanFactory.java:325) ~[spring-beans-6.1.1.jar:6.1.1]
	at org.springframework.beans.factory.support.DefaultSingletonBeanRegistry.getSingleton(DefaultSingletonBeanRegistry.java:234) ~[spring-beans-6.1.1.jar:6.1.1]
	at org.springframework.beans.factory.support.AbstractBeanFactory.doGetBean(AbstractBeanFactory.java:323) ~[spring-beans-6.1.1.jar:6.1.1]
	at org.springframework.beans.factory.support.AbstractBeanFactory.getBean(AbstractBeanFactory.java:204) ~[spring-beans-6.1.1.jar:6.1.1]
	at org.springframework.boot.web.servlet.ServletContextInitializerBeans.getOrderedBeansOfType(ServletContextInitializerBeans.java:210) ~[spring-boot-3.2.0.jar:3.2.0]
	at org.springframework.boot.web.servlet.ServletContextInitializerBeans.addAsRegistrationBean(ServletContextInitializerBeans.java:173) ~[spring-boot-3.2.0.jar:3.2.0]
	at org.springframework.boot.web.servlet.ServletContextInitializerBeans.addAsRegistrationBean(ServletContextInitializerBeans.java:168) ~[spring-boot-3.2.0.jar:3.2.0]
	at org.springframework.boot.web.servlet.ServletContextInitializerBeans.addAdaptableBeans(ServletContextInitializerBeans.java:153) ~[spring-boot-3.2.0.jar:3.2.0]
	at org.springframework.boot.web.servlet.ServletContextInitializerBeans.<init>(ServletContextInitializerBeans.java:86) ~[spring-boot-3.2.0.jar:3.2.0]
	at org.springframework.boot.web.servlet.context.ServletWebServerApplicationContext.getServletContextInitializerBeans(ServletWebServerApplicationContext.java:266) ~[spring-boot-3.2.0.jar:3.2.0]
	at org.springframework.boot.web.servlet.context.ServletWebServerApplicationContext.selfInitialize(ServletWebServerApplicationContext.java:240) ~[spring-boot-3.2.0.jar:3.2.0]
	at org.springframework.boot.web.embedded.tomcat.TomcatStarter.onStartup(TomcatStarter.java:52) ~[spring-boot-3.2.0.jar:3.2.0]
	at org.apache.catalina.core.StandardContext.startInternal(StandardContext.java:4850) ~[tomcat-embed-core-10.1.16.jar:10.1.16]
	at org.apache.catalina.util.LifecycleBase.start(LifecycleBase.java:171) ~[tomcat-embed-core-10.1.16.jar:10.1.16]
	at org.apache.catalina.core.ContainerBase$StartChild.call(ContainerBase.java:1332) ~[tomcat-embed-core-10.1.16.jar:10.1.16]
	at org.apache.catalina.core.ContainerBase$StartChild.call(ContainerBase.java:1322) ~[tomcat-embed-core-10.1.16.jar:10.1.16]
	at java.base/java.util.concurrent.FutureTask.run(FutureTask.java:264) ~[na:na]
	at org.apache.tomcat.util.threads.InlineExecutorService.execute(InlineExecutorService.java:75) ~[tomcat-embed-core-10.1.16.jar:10.1.16]
	at java.base/java.util.concurrent.AbstractExecutorService.submit(AbstractExecutorService.java:145) ~[na:na]
	at org.apache.catalina.core.ContainerBase.startInternal(ContainerBase.java:866) ~[tomcat-embed-core-10.1.16.jar:10.1.16]
	at org.apache.catalina.core.StandardHost.startInternal(StandardHost.java:845) ~[tomcat-embed-core-10.1.16.jar:10.1.16]
	at org.apache.catalina.util.LifecycleBase.start(LifecycleBase.java:171) ~[tomcat-embed-core-10.1.16.jar:10.1.16]
	at org.apache.catalina.core.ContainerBase$StartChild.call(ContainerBase.java:1332) ~[tomcat-embed-core-10.1.16.jar:10.1.16]
	at org.apache.catalina.core.ContainerBase$StartChild.call(ContainerBase.java:1322) ~[tomcat-embed-core-10.1.16.jar:10.1.16]
	at java.base/java.util.concurrent.FutureTask.run(FutureTask.java:264) ~[na:na]
	at org.apache.tomcat.util.threads.InlineExecutorService.execute(InlineExecutorService.java:75) ~[tomcat-embed-core-10.1.16.jar:10.1.16]
	at java.base/java.util.concurrent.AbstractExecutorService.submit(AbstractExecutorService.java:145) ~[na:na]
	at org.apache.catalina.core.ContainerBase.startInternal(ContainerBase.java:866) ~[tomcat-embed-core-10.1.16.jar:10.1.16]
	at org.apache.catalina.core.StandardEngine.startInternal(StandardEngine.java:240) ~[tomcat-embed-core-10.1.16.jar:10.1.16]
	at org.apache.catalina.util.LifecycleBase.start(LifecycleBase.java:171) ~[tomcat-embed-core-10.1.16.jar:10.1.16]
	at org.apache.catalina.core.StandardService.startInternal(StandardService.java:433) ~[tomcat-embed-core-10.1.16.jar:10.1.16]
	at org.apache.catalina.util.LifecycleBase.start(LifecycleBase.java:171) ~[tomcat-embed-core-10.1.16.jar:10.1.16]
	at org.apache.catalina.core.StandardServer.startInternal(StandardServer.java:917) ~[tomcat-embed-core-10.1.16.jar:10.1.16]
	at org.apache.catalina.util.LifecycleBase.start(LifecycleBase.java:171) ~[tomcat-embed-core-10.1.16.jar:10.1.16]
	at org.apache.catalina.startup.Tomcat.start(Tomcat.java:488) ~[tomcat-embed-core-10.1.16.jar:10.1.16]
	at org.springframework.boot.web.embedded.tomcat.TomcatWebServer.initialize(TomcatWebServer.java:123) ~[spring-boot-3.2.0.jar:3.2.0]
	... 13 common frames omitted
Caused by: org.springframework.beans.factory.UnsatisfiedDependencyException: Error creating bean with name 'customUserDetailsService' defined in file [/Users/gamp/Downloads/koins/target/classes/com/middleware/security/CustomUserDetailsService.class]: Unsatisfied dependency expressed through constructor parameter 0: Error creating bean with name 'userRepository' defined in com.middleware.repository.UserRepository defined in @EnableJpaRepositories declared on JpaRepositoriesRegistrar.EnableJpaRepositoriesConfiguration: Cannot resolve reference to bean 'jpaSharedEM_entityManagerFactory' while setting bean property 'entityManager'
	at org.springframework.beans.factory.support.ConstructorResolver.createArgumentArray(ConstructorResolver.java:802) ~[spring-beans-6.1.1.jar:6.1.1]
	at org.springframework.beans.factory.support.ConstructorResolver.autowireConstructor(ConstructorResolver.java:241) ~[spring-beans-6.1.1.jar:6.1.1]
	at org.springframework.beans.factory.support.AbstractAutowireCapableBeanFactory.autowireConstructor(AbstractAutowireCapableBeanFactory.java:1356) ~[spring-beans-6.1.1.jar:6.1.1]
	at org.springframework.beans.factory.support.AbstractAutowireCapableBeanFactory.createBeanInstance(AbstractAutowireCapableBeanFactory.java:1193) ~[spring-beans-6.1.1.jar:6.1.1]
	at org.springframework.beans.factory.support.AbstractAutowireCapableBeanFactory.doCreateBean(AbstractAutowireCapableBeanFactory.java:563) ~[spring-beans-6.1.1.jar:6.1.1]
	at org.springframework.beans.factory.support.AbstractAutowireCapableBeanFactory.createBean(AbstractAutowireCapableBeanFactory.java:523) ~[spring-beans-6.1.1.jar:6.1.1]
	at org.springframework.beans.factory.support.AbstractBeanFactory.lambda$doGetBean$0(AbstractBeanFactory.java:325) ~[spring-beans-6.1.1.jar:6.1.1]
	at org.springframework.beans.factory.support.DefaultSingletonBeanRegistry.getSingleton(DefaultSingletonBeanRegistry.java:234) ~[spring-beans-6.1.1.jar:6.1.1]
	at org.springframework.beans.factory.support.AbstractBeanFactory.doGetBean(AbstractBeanFactory.java:323) ~[spring-beans-6.1.1.jar:6.1.1]
	at org.springframework.beans.factory.support.AbstractBeanFactory.getBean(AbstractBeanFactory.java:199) ~[spring-beans-6.1.1.jar:6.1.1]
	at org.springframework.beans.factory.config.DependencyDescriptor.resolveCandidate(DependencyDescriptor.java:254) ~[spring-beans-6.1.1.jar:6.1.1]
	at org.springframework.beans.factory.support.DefaultListableBeanFactory.doResolveDependency(DefaultListableBeanFactory.java:1441) ~[spring-beans-6.1.1.jar:6.1.1]
	at org.springframework.beans.factory.support.DefaultListableBeanFactory.resolveDependency(DefaultListableBeanFactory.java:1348) ~[spring-beans-6.1.1.jar:6.1.1]
	at org.springframework.beans.factory.support.ConstructorResolver.resolveAutowiredArgument(ConstructorResolver.java:911) ~[spring-beans-6.1.1.jar:6.1.1]
	at org.springframework.beans.factory.support.ConstructorResolver.createArgumentArray(ConstructorResolver.java:789) ~[spring-beans-6.1.1.jar:6.1.1]
	... 54 common frames omitted
Caused by: org.springframework.beans.factory.BeanCreationException: Error creating bean with name 'userRepository' defined in com.middleware.repository.UserRepository defined in @EnableJpaRepositories declared on JpaRepositoriesRegistrar.EnableJpaRepositoriesConfiguration: Cannot resolve reference to bean 'jpaSharedEM_entityManagerFactory' while setting bean property 'entityManager'
	at org.springframework.beans.factory.support.BeanDefinitionValueResolver.resolveReference(BeanDefinitionValueResolver.java:377) ~[spring-beans-6.1.1.jar:6.1.1]
	at org.springframework.beans.factory.support.BeanDefinitionValueResolver.resolveValueIfNecessary(BeanDefinitionValueResolver.java:135) ~[spring-beans-6.1.1.jar:6.1.1]
	at org.springframework.beans.factory.support.AbstractAutowireCapableBeanFactory.applyPropertyValues(AbstractAutowireCapableBeanFactory.java:1686) ~[spring-beans-6.1.1.jar:6.1.1]
	at org.springframework.beans.factory.support.AbstractAutowireCapableBeanFactory.populateBean(AbstractAutowireCapableBeanFactory.java:1435) ~[spring-beans-6.1.1.jar:6.1.1]
	at org.springframework.beans.factory.support.AbstractAutowireCapableBeanFactory.doCreateBean(AbstractAutowireCapableBeanFactory.java:600) ~[spring-beans-6.1.1.jar:6.1.1]
	at org.springframework.beans.factory.support.AbstractAutowireCapableBeanFactory.createBean(AbstractAutowireCapableBeanFactory.java:523) ~[spring-beans-6.1.1.jar:6.1.1]
	at org.springframework.beans.factory.support.AbstractBeanFactory.lambda$doGetBean$0(AbstractBeanFactory.java:325) ~[spring-beans-6.1.1.jar:6.1.1]
	at org.springframework.beans.factory.support.DefaultSingletonBeanRegistry.getSingleton(DefaultSingletonBeanRegistry.java:234) ~[spring-beans-6.1.1.jar:6.1.1]
	at org.springframework.beans.factory.support.AbstractBeanFactory.doGetBean(AbstractBeanFactory.java:323) ~[spring-beans-6.1.1.jar:6.1.1]
	at org.springframework.beans.factory.support.AbstractBeanFactory.getBean(AbstractBeanFactory.java:199) ~[spring-beans-6.1.1.jar:6.1.1]
	at org.springframework.beans.factory.config.DependencyDescriptor.resolveCandidate(DependencyDescriptor.java:254) ~[spring-beans-6.1.1.jar:6.1.1]
	at org.springframework.beans.factory.support.DefaultListableBeanFactory.doResolveDependency(DefaultListableBeanFactory.java:1441) ~[spring-beans-6.1.1.jar:6.1.1]
	at org.springframework.beans.factory.support.DefaultListableBeanFactory.resolveDependency(DefaultListableBeanFactory.java:1348) ~[spring-beans-6.1.1.jar:6.1.1]
	at org.springframework.beans.factory.support.ConstructorResolver.resolveAutowiredArgument(ConstructorResolver.java:911) ~[spring-beans-6.1.1.jar:6.1.1]
	at org.springframework.beans.factory.support.ConstructorResolver.createArgumentArray(ConstructorResolver.java:789) ~[spring-beans-6.1.1.jar:6.1.1]
	... 68 common frames omitted
Caused by: org.springframework.beans.factory.BeanCreationException: Error creating bean with name 'jpaSharedEM_entityManagerFactory': Cannot resolve reference to bean 'entityManagerFactory' while setting constructor argument
	at org.springframework.beans.factory.support.BeanDefinitionValueResolver.resolveReference(BeanDefinitionValueResolver.java:377) ~[spring-beans-6.1.1.jar:6.1.1]
	at org.springframework.beans.factory.support.BeanDefinitionValueResolver.resolveValueIfNecessary(BeanDefinitionValueResolver.java:135) ~[spring-beans-6.1.1.jar:6.1.1]
	at org.springframework.beans.factory.support.ConstructorResolver.resolveConstructorArguments(ConstructorResolver.java:689) ~[spring-beans-6.1.1.jar:6.1.1]
	at org.springframework.beans.factory.support.ConstructorResolver.instantiateUsingFactoryMethod(ConstructorResolver.java:513) ~[spring-beans-6.1.1.jar:6.1.1]
	at org.springframework.beans.factory.support.AbstractAutowireCapableBeanFactory.instantiateUsingFactoryMethod(AbstractAutowireCapableBeanFactory.java:1336) ~[spring-beans-6.1.1.jar:6.1.1]
	at org.springframework.beans.factory.support.AbstractAutowireCapableBeanFactory.createBeanInstance(AbstractAutowireCapableBeanFactory.java:1166) ~[spring-beans-6.1.1.jar:6.1.1]
	at org.springframework.beans.factory.support.AbstractAutowireCapableBeanFactory.doCreateBean(AbstractAutowireCapableBeanFactory.java:563) ~[spring-beans-6.1.1.jar:6.1.1]
	at org.springframework.beans.factory.support.AbstractAutowireCapableBeanFactory.createBean(AbstractAutowireCapableBeanFactory.java:523) ~[spring-beans-6.1.1.jar:6.1.1]
	at org.springframework.beans.factory.support.AbstractBeanFactory.lambda$doGetBean$0(AbstractBeanFactory.java:325) ~[spring-beans-6.1.1.jar:6.1.1]
	at org.springframework.beans.factory.support.DefaultSingletonBeanRegistry.getSingleton(DefaultSingletonBeanRegistry.java:234) ~[spring-beans-6.1.1.jar:6.1.1]
	at org.springframework.beans.factory.support.AbstractBeanFactory.doGetBean(AbstractBeanFactory.java:323) ~[spring-beans-6.1.1.jar:6.1.1]
	at org.springframework.beans.factory.support.AbstractBeanFactory.getBean(AbstractBeanFactory.java:199) ~[spring-beans-6.1.1.jar:6.1.1]
	at org.springframework.beans.factory.support.BeanDefinitionValueResolver.resolveReference(BeanDefinitionValueResolver.java:365) ~[spring-beans-6.1.1.jar:6.1.1]
	... 82 common frames omitted
Caused by: org.springframework.beans.factory.BeanCreationException: Error creating bean with name 'flywayInitializer' defined in class path resource [org/springframework/boot/autoconfigure/flyway/FlywayAutoConfiguration$FlywayConfiguration.class]: Validate failed: Migrations have failed validation
Migration checksum mismatch for migration version 1
-> Applied to database : -1294841729
-> Resolved locally    : -1233684033
Either revert the changes to the migration, or run repair to update the schema history.
Detected failed migration to version 3 (secure financial fields and audit logs).
Please remove any half-completed changes then run repair to fix the schema history.
Need more flexibility with validation rules? Learn more: https://rd.gt/3AbJUZE
	at org.springframework.beans.factory.support.AbstractAutowireCapableBeanFactory.initializeBean(AbstractAutowireCapableBeanFactory.java:1775) ~[spring-beans-6.1.1.jar:6.1.1]
	at org.springframework.beans.factory.support.AbstractAutowireCapableBeanFactory.doCreateBean(AbstractAutowireCapableBeanFactory.java:601) ~[spring-beans-6.1.1.jar:6.1.1]
	at org.springframework.beans.factory.support.AbstractAutowireCapableBeanFactory.createBean(AbstractAutowireCapableBeanFactory.java:523) ~[spring-beans-6.1.1.jar:6.1.1]
	at org.springframework.beans.factory.support.AbstractBeanFactory.lambda$doGetBean$0(AbstractBeanFactory.java:325) ~[spring-beans-6.1.1.jar:6.1.1]
	at org.springframework.beans.factory.support.DefaultSingletonBeanRegistry.getSingleton(DefaultSingletonBeanRegistry.java:234) ~[spring-beans-6.1.1.jar:6.1.1]
	at org.springframework.beans.factory.support.AbstractBeanFactory.doGetBean(AbstractBeanFactory.java:323) ~[spring-beans-6.1.1.jar:6.1.1]
	at org.springframework.beans.factory.support.AbstractBeanFactory.getBean(AbstractBeanFactory.java:199) ~[spring-beans-6.1.1.jar:6.1.1]
	at org.springframework.beans.factory.support.AbstractBeanFactory.doGetBean(AbstractBeanFactory.java:312) ~[spring-beans-6.1.1.jar:6.1.1]
	at org.springframework.beans.factory.support.AbstractBeanFactory.getBean(AbstractBeanFactory.java:199) ~[spring-beans-6.1.1.jar:6.1.1]
	at org.springframework.beans.factory.support.BeanDefinitionValueResolver.resolveReference(BeanDefinitionValueResolver.java:365) ~[spring-beans-6.1.1.jar:6.1.1]
	... 94 common frames omitted
Caused by: org.flywaydb.core.api.exception.FlywayValidateException: Validate failed: Migrations have failed validation
Migration checksum mismatch for migration version 1
-> Applied to database : -1294841729
-> Resolved locally    : -1233684033
Either revert the changes to the migration, or run repair to update the schema history.
Detected failed migration to version 3 (secure financial fields and audit logs).
Please remove any half-completed changes then run repair to fix the schema history.
Need more flexibility with validation rules? Learn more: https://rd.gt/3AbJUZE
	at org.flywaydb.core.Flyway.lambda$migrate$0(Flyway.java:146) ~[flyway-core-9.22.3.jar:na]
	at org.flywaydb.core.FlywayExecutor.execute(FlywayExecutor.java:213) ~[flyway-core-9.22.3.jar:na]
	at org.flywaydb.core.Flyway.migrate(Flyway.java:140) ~[flyway-core-9.22.3.jar:na]
	at org.springframework.boot.autoconfigure.flyway.FlywayMigrationInitializer.afterPropertiesSet(FlywayMigrationInitializer.java:66) ~[spring-boot-autoconfigure-3.2.0.jar:3.2.0]
	at org.springframework.beans.factory.support.AbstractAutowireCapableBeanFactory.invokeInitMethods(AbstractAutowireCapableBeanFactory.java:1822) ~[spring-beans-6.1.1.jar:6.1.1]
	at org.springframework.beans.factory.support.AbstractAutowireCapableBeanFactory.initializeBean(AbstractAutowireCapableBeanFactory.java:1771) ~[spring-beans-6.1.1.jar:6.1.1]
	... 103 common frames omitted

2026-05-23T00:12:35.453+01:00  INFO 34413 --- [main] com.middleware.KoinsApplication          : Starting KoinsApplication using Java 17.0.11 with PID 34413 (/Users/gamp/Downloads/koins/target/classes started by gamp in /Users/gamp/Downloads/koins)
2026-05-23T00:12:35.458+01:00  INFO 34413 --- [main] com.middleware.KoinsApplication          : No active profile set, falling back to 1 default profile: "default"
2026-05-23T00:12:38.111+01:00  INFO 34413 --- [main] .s.d.r.c.RepositoryConfigurationDelegate : Bootstrapping Spring Data JPA repositories in DEFAULT mode.
2026-05-23T00:12:38.630+01:00  INFO 34413 --- [main] .s.d.r.c.RepositoryConfigurationDelegate : Finished Spring Data repository scanning in 500 ms. Found 6 JPA repository interfaces.
2026-05-23T00:12:40.500+01:00  INFO 34413 --- [main] o.s.b.w.embedded.tomcat.TomcatWebServer  : Tomcat initialized with port 8080 (http)
2026-05-23T00:12:40.525+01:00  INFO 34413 --- [main] o.apache.catalina.core.StandardService   : Starting service [Tomcat]
2026-05-23T00:12:40.525+01:00  INFO 34413 --- [main] o.apache.catalina.core.StandardEngine    : Starting Servlet engine: [Apache Tomcat/10.1.16]
2026-05-23T00:12:40.704+01:00  INFO 34413 --- [main] o.a.c.c.C.[Tomcat].[localhost].[/]       : Initializing Spring embedded WebApplicationContext
2026-05-23T00:12:40.705+01:00  INFO 34413 --- [main] w.s.c.ServletWebServerApplicationContext : Root WebApplicationContext: initialization completed in 5116 ms
2026-05-23T00:12:40.937+01:00  INFO 34413 --- [main] com.zaxxer.hikari.HikariDataSource       : HikariPool-1 - Starting...
2026-05-23T00:12:41.341+01:00  INFO 34413 --- [main] com.zaxxer.hikari.pool.HikariPool        : HikariPool-1 - Added connection com.mysql.cj.jdbc.ConnectionImpl@710ae6a7
2026-05-23T00:12:41.347+01:00  INFO 34413 --- [main] com.zaxxer.hikari.HikariDataSource       : HikariPool-1 - Start completed.
2026-05-23T00:12:41.606+01:00  INFO 34413 --- [main] o.f.c.internal.license.VersionPrinter    : Flyway Community Edition 9.22.3 by Redgate
2026-05-23T00:12:41.606+01:00  INFO 34413 --- [main] o.f.c.internal.license.VersionPrinter    : See release notes here: https://rd.gt/416ObMi
2026-05-23T00:12:41.606+01:00  INFO 34413 --- [main] o.f.c.internal.license.VersionPrinter    : 
2026-05-23T00:12:41.626+01:00  INFO 34413 --- [main] o.f.c.i.resource.ResourceNameValidator   : 1 SQL migrations were detected but not run because they did not follow the filename convention.
2026-05-23T00:12:41.627+01:00  INFO 34413 --- [main] o.f.c.i.resource.ResourceNameValidator   : Set 'validateMigrationNaming' to true to fail fast and see a list of the invalid file names.
2026-05-23T00:12:41.651+01:00  INFO 34413 --- [main] org.flywaydb.core.FlywayExecutor         : Database: jdbc:mysql://localhost:3306/koins_db (MySQL 8.0)
2026-05-23T00:12:41.755+01:00 ERROR 34413 --- [main] o.s.b.web.embedded.tomcat.TomcatStarter  : Error starting Tomcat context. Exception: org.springframework.beans.factory.UnsatisfiedDependencyException. Message: Error creating bean with name 'jwtAuthenticationFilter' defined in file [/Users/gamp/Downloads/koins/target/classes/com/middleware/security/JwtAuthenticationFilter.class]: Unsatisfied dependency expressed through constructor parameter 1: Error creating bean with name 'customUserDetailsService' defined in file [/Users/gamp/Downloads/koins/target/classes/com/middleware/security/CustomUserDetailsService.class]: Unsatisfied dependency expressed through constructor parameter 0: Error creating bean with name 'userRepository' defined in com.middleware.repository.UserRepository defined in @EnableJpaRepositories declared on JpaRepositoriesRegistrar.EnableJpaRepositoriesConfiguration: Cannot resolve reference to bean 'jpaSharedEM_entityManagerFactory' while setting bean property 'entityManager'
2026-05-23T00:12:41.815+01:00  INFO 34413 --- [main] o.apache.catalina.core.StandardService   : Stopping service [Tomcat]
2026-05-23T00:12:41.825+01:00  WARN 34413 --- [main] o.a.c.loader.WebappClassLoaderBase       : The web application [ROOT] appears to have started a thread named [HikariPool-1 housekeeper] but has failed to stop it. This is very likely to create a memory leak. Stack trace of thread:
 java.base@17.0.11/jdk.internal.misc.Unsafe.park(Native Method)
 java.base@17.0.11/java.util.concurrent.locks.LockSupport.parkNanos(LockSupport.java:252)
 java.base@17.0.11/java.util.concurrent.locks.AbstractQueuedSynchronizer$ConditionObject.awaitNanos(AbstractQueuedSynchronizer.java:1672)
 java.base@17.0.11/java.util.concurrent.ScheduledThreadPoolExecutor$DelayedWorkQueue.take(ScheduledThreadPoolExecutor.java:1182)
 java.base@17.0.11/java.util.concurrent.ScheduledThreadPoolExecutor$DelayedWorkQueue.take(ScheduledThreadPoolExecutor.java:899)
 java.base@17.0.11/java.util.concurrent.ThreadPoolExecutor.getTask(ThreadPoolExecutor.java:1062)
 java.base@17.0.11/java.util.concurrent.ThreadPoolExecutor.runWorker(ThreadPoolExecutor.java:1122)
 java.base@17.0.11/java.util.concurrent.ThreadPoolExecutor$Worker.run(ThreadPoolExecutor.java:635)
 java.base@17.0.11/java.lang.Thread.run(Thread.java:842)
2026-05-23T00:12:41.827+01:00  WARN 34413 --- [main] o.a.c.loader.WebappClassLoaderBase       : The web application [ROOT] appears to have started a thread named [HikariPool-1 connection adder] but has failed to stop it. This is very likely to create a memory leak. Stack trace of thread:
 java.base@17.0.11/jdk.internal.misc.Unsafe.park(Native Method)
 java.base@17.0.11/java.util.concurrent.locks.LockSupport.parkNanos(LockSupport.java:252)
 java.base@17.0.11/java.util.concurrent.locks.AbstractQueuedSynchronizer$ConditionObject.awaitNanos(AbstractQueuedSynchronizer.java:1672)
 java.base@17.0.11/java.util.concurrent.LinkedBlockingQueue.poll(LinkedBlockingQueue.java:460)
 java.base@17.0.11/java.util.concurrent.ThreadPoolExecutor.getTask(ThreadPoolExecutor.java:1061)
 java.base@17.0.11/java.util.concurrent.ThreadPoolExecutor.runWorker(ThreadPoolExecutor.java:1122)
 java.base@17.0.11/java.util.concurrent.ThreadPoolExecutor$Worker.run(ThreadPoolExecutor.java:635)
 java.base@17.0.11/java.lang.Thread.run(Thread.java:842)
2026-05-23T00:12:41.837+01:00  WARN 34413 --- [main] ConfigServletWebServerApplicationContext : Exception encountered during context initialization - cancelling refresh attempt: org.springframework.context.ApplicationContextException: Unable to start web server
2026-05-23T00:12:41.838+01:00  INFO 34413 --- [main] com.zaxxer.hikari.HikariDataSource       : HikariPool-1 - Shutdown initiated...
2026-05-23T00:12:41.870+01:00  INFO 34413 --- [main] com.zaxxer.hikari.HikariDataSource       : HikariPool-1 - Shutdown completed.
2026-05-23T00:12:41.901+01:00  INFO 34413 --- [main] .s.b.a.l.ConditionEvaluationReportLogger : 

Error starting ApplicationContext. To display the condition evaluation report re-run your application with 'debug' enabled.
2026-05-23T00:12:41.952+01:00 ERROR 34413 --- [main] o.s.boot.SpringApplication               : Application run failed

org.springframework.context.ApplicationContextException: Unable to start web server
	at org.springframework.boot.web.servlet.context.ServletWebServerApplicationContext.onRefresh(ServletWebServerApplicationContext.java:165) ~[spring-boot-3.2.0.jar:3.2.0]
	at org.springframework.context.support.AbstractApplicationContext.refresh(AbstractApplicationContext.java:610) ~[spring-context-6.1.1.jar:6.1.1]
	at org.springframework.boot.web.servlet.context.ServletWebServerApplicationContext.refresh(ServletWebServerApplicationContext.java:146) ~[spring-boot-3.2.0.jar:3.2.0]
	at org.springframework.boot.SpringApplication.refresh(SpringApplication.java:753) ~[spring-boot-3.2.0.jar:3.2.0]
	at org.springframework.boot.SpringApplication.refreshContext(SpringApplication.java:455) ~[spring-boot-3.2.0.jar:3.2.0]
	at org.springframework.boot.SpringApplication.run(SpringApplication.java:323) ~[spring-boot-3.2.0.jar:3.2.0]
	at org.springframework.boot.SpringApplication.run(SpringApplication.java:1342) ~[spring-boot-3.2.0.jar:3.2.0]
	at org.springframework.boot.SpringApplication.run(SpringApplication.java:1331) ~[spring-boot-3.2.0.jar:3.2.0]
	at com.middleware.KoinsApplication.main(KoinsApplication.java:9) ~[classes/:na]
Caused by: org.springframework.boot.web.server.WebServerException: Unable to start embedded Tomcat
	at org.springframework.boot.web.embedded.tomcat.TomcatWebServer.initialize(TomcatWebServer.java:142) ~[spring-boot-3.2.0.jar:3.2.0]
	at org.springframework.boot.web.embedded.tomcat.TomcatWebServer.<init>(TomcatWebServer.java:104) ~[spring-boot-3.2.0.jar:3.2.0]
	at org.springframework.boot.web.embedded.tomcat.TomcatServletWebServerFactory.getTomcatWebServer(TomcatServletWebServerFactory.java:501) ~[spring-boot-3.2.0.jar:3.2.0]
	at org.springframework.boot.web.embedded.tomcat.TomcatServletWebServerFactory.getWebServer(TomcatServletWebServerFactory.java:218) ~[spring-boot-3.2.0.jar:3.2.0]
	at org.springframework.boot.web.servlet.context.ServletWebServerApplicationContext.createWebServer(ServletWebServerApplicationContext.java:188) ~[spring-boot-3.2.0.jar:3.2.0]
	at org.springframework.boot.web.servlet.context.ServletWebServerApplicationContext.onRefresh(ServletWebServerApplicationContext.java:162) ~[spring-boot-3.2.0.jar:3.2.0]
	... 8 common frames omitted
Caused by: org.springframework.beans.factory.UnsatisfiedDependencyException: Error creating bean with name 'jwtAuthenticationFilter' defined in file [/Users/gamp/Downloads/koins/target/classes/com/middleware/security/JwtAuthenticationFilter.class]: Unsatisfied dependency expressed through constructor parameter 1: Error creating bean with name 'customUserDetailsService' defined in file [/Users/gamp/Downloads/koins/target/classes/com/middleware/security/CustomUserDetailsService.class]: Unsatisfied dependency expressed through constructor parameter 0: Error creating bean with name 'userRepository' defined in com.middleware.repository.UserRepository defined in @EnableJpaRepositories declared on JpaRepositoriesRegistrar.EnableJpaRepositoriesConfiguration: Cannot resolve reference to bean 'jpaSharedEM_entityManagerFactory' while setting bean property 'entityManager'
	at org.springframework.beans.factory.support.ConstructorResolver.createArgumentArray(ConstructorResolver.java:802) ~[spring-beans-6.1.1.jar:6.1.1]
	at org.springframework.beans.factory.support.ConstructorResolver.autowireConstructor(ConstructorResolver.java:241) ~[spring-beans-6.1.1.jar:6.1.1]
	at org.springframework.beans.factory.support.AbstractAutowireCapableBeanFactory.autowireConstructor(AbstractAutowireCapableBeanFactory.java:1356) ~[spring-beans-6.1.1.jar:6.1.1]
	at org.springframework.beans.factory.support.AbstractAutowireCapableBeanFactory.createBeanInstance(AbstractAutowireCapableBeanFactory.java:1193) ~[spring-beans-6.1.1.jar:6.1.1]
	at org.springframework.beans.factory.support.AbstractAutowireCapableBeanFactory.doCreateBean(AbstractAutowireCapableBeanFactory.java:563) ~[spring-beans-6.1.1.jar:6.1.1]
	at org.springframework.beans.factory.support.AbstractAutowireCapableBeanFactory.createBean(AbstractAutowireCapableBeanFactory.java:523) ~[spring-beans-6.1.1.jar:6.1.1]
	at org.springframework.beans.factory.support.AbstractBeanFactory.lambda$doGetBean$0(AbstractBeanFactory.java:325) ~[spring-beans-6.1.1.jar:6.1.1]
	at org.springframework.beans.factory.support.DefaultSingletonBeanRegistry.getSingleton(DefaultSingletonBeanRegistry.java:234) ~[spring-beans-6.1.1.jar:6.1.1]
	at org.springframework.beans.factory.support.AbstractBeanFactory.doGetBean(AbstractBeanFactory.java:323) ~[spring-beans-6.1.1.jar:6.1.1]
	at org.springframework.beans.factory.support.AbstractBeanFactory.getBean(AbstractBeanFactory.java:204) ~[spring-beans-6.1.1.jar:6.1.1]
	at org.springframework.boot.web.servlet.ServletContextInitializerBeans.getOrderedBeansOfType(ServletContextInitializerBeans.java:210) ~[spring-boot-3.2.0.jar:3.2.0]
	at org.springframework.boot.web.servlet.ServletContextInitializerBeans.addAsRegistrationBean(ServletContextInitializerBeans.java:173) ~[spring-boot-3.2.0.jar:3.2.0]
	at org.springframework.boot.web.servlet.ServletContextInitializerBeans.addAsRegistrationBean(ServletContextInitializerBeans.java:168) ~[spring-boot-3.2.0.jar:3.2.0]
	at org.springframework.boot.web.servlet.ServletContextInitializerBeans.addAdaptableBeans(ServletContextInitializerBeans.java:153) ~[spring-boot-3.2.0.jar:3.2.0]
	at org.springframework.boot.web.servlet.ServletContextInitializerBeans.<init>(ServletContextInitializerBeans.java:86) ~[spring-boot-3.2.0.jar:3.2.0]
	at org.springframework.boot.web.servlet.context.ServletWebServerApplicationContext.getServletContextInitializerBeans(ServletWebServerApplicationContext.java:266) ~[spring-boot-3.2.0.jar:3.2.0]
	at org.springframework.boot.web.servlet.context.ServletWebServerApplicationContext.selfInitialize(ServletWebServerApplicationContext.java:240) ~[spring-boot-3.2.0.jar:3.2.0]
	at org.springframework.boot.web.embedded.tomcat.TomcatStarter.onStartup(TomcatStarter.java:52) ~[spring-boot-3.2.0.jar:3.2.0]
	at org.apache.catalina.core.StandardContext.startInternal(StandardContext.java:4850) ~[tomcat-embed-core-10.1.16.jar:10.1.16]
	at org.apache.catalina.util.LifecycleBase.start(LifecycleBase.java:171) ~[tomcat-embed-core-10.1.16.jar:10.1.16]
	at org.apache.catalina.core.ContainerBase$StartChild.call(ContainerBase.java:1332) ~[tomcat-embed-core-10.1.16.jar:10.1.16]
	at org.apache.catalina.core.ContainerBase$StartChild.call(ContainerBase.java:1322) ~[tomcat-embed-core-10.1.16.jar:10.1.16]
	at java.base/java.util.concurrent.FutureTask.run(FutureTask.java:264) ~[na:na]
	at org.apache.tomcat.util.threads.InlineExecutorService.execute(InlineExecutorService.java:75) ~[tomcat-embed-core-10.1.16.jar:10.1.16]
	at java.base/java.util.concurrent.AbstractExecutorService.submit(AbstractExecutorService.java:145) ~[na:na]
	at org.apache.catalina.core.ContainerBase.startInternal(ContainerBase.java:866) ~[tomcat-embed-core-10.1.16.jar:10.1.16]
	at org.apache.catalina.core.StandardHost.startInternal(StandardHost.java:845) ~[tomcat-embed-core-10.1.16.jar:10.1.16]
	at org.apache.catalina.util.LifecycleBase.start(LifecycleBase.java:171) ~[tomcat-embed-core-10.1.16.jar:10.1.16]
	at org.apache.catalina.core.ContainerBase$StartChild.call(ContainerBase.java:1332) ~[tomcat-embed-core-10.1.16.jar:10.1.16]
	at org.apache.catalina.core.ContainerBase$StartChild.call(ContainerBase.java:1322) ~[tomcat-embed-core-10.1.16.jar:10.1.16]
	at java.base/java.util.concurrent.FutureTask.run(FutureTask.java:264) ~[na:na]
	at org.apache.tomcat.util.threads.InlineExecutorService.execute(InlineExecutorService.java:75) ~[tomcat-embed-core-10.1.16.jar:10.1.16]
	at java.base/java.util.concurrent.AbstractExecutorService.submit(AbstractExecutorService.java:145) ~[na:na]
	at org.apache.catalina.core.ContainerBase.startInternal(ContainerBase.java:866) ~[tomcat-embed-core-10.1.16.jar:10.1.16]
	at org.apache.catalina.core.StandardEngine.startInternal(StandardEngine.java:240) ~[tomcat-embed-core-10.1.16.jar:10.1.16]
	at org.apache.catalina.util.LifecycleBase.start(LifecycleBase.java:171) ~[tomcat-embed-core-10.1.16.jar:10.1.16]
	at org.apache.catalina.core.StandardService.startInternal(StandardService.java:433) ~[tomcat-embed-core-10.1.16.jar:10.1.16]
	at org.apache.catalina.util.LifecycleBase.start(LifecycleBase.java:171) ~[tomcat-embed-core-10.1.16.jar:10.1.16]
	at org.apache.catalina.core.StandardServer.startInternal(StandardServer.java:917) ~[tomcat-embed-core-10.1.16.jar:10.1.16]
	at org.apache.catalina.util.LifecycleBase.start(LifecycleBase.java:171) ~[tomcat-embed-core-10.1.16.jar:10.1.16]
	at org.apache.catalina.startup.Tomcat.start(Tomcat.java:488) ~[tomcat-embed-core-10.1.16.jar:10.1.16]
	at org.springframework.boot.web.embedded.tomcat.TomcatWebServer.initialize(TomcatWebServer.java:123) ~[spring-boot-3.2.0.jar:3.2.0]
	... 13 common frames omitted
Caused by: org.springframework.beans.factory.UnsatisfiedDependencyException: Error creating bean with name 'customUserDetailsService' defined in file [/Users/gamp/Downloads/koins/target/classes/com/middleware/security/CustomUserDetailsService.class]: Unsatisfied dependency expressed through constructor parameter 0: Error creating bean with name 'userRepository' defined in com.middleware.repository.UserRepository defined in @EnableJpaRepositories declared on JpaRepositoriesRegistrar.EnableJpaRepositoriesConfiguration: Cannot resolve reference to bean 'jpaSharedEM_entityManagerFactory' while setting bean property 'entityManager'
	at org.springframework.beans.factory.support.ConstructorResolver.createArgumentArray(ConstructorResolver.java:802) ~[spring-beans-6.1.1.jar:6.1.1]
	at org.springframework.beans.factory.support.ConstructorResolver.autowireConstructor(ConstructorResolver.java:241) ~[spring-beans-6.1.1.jar:6.1.1]
	at org.springframework.beans.factory.support.AbstractAutowireCapableBeanFactory.autowireConstructor(AbstractAutowireCapableBeanFactory.java:1356) ~[spring-beans-6.1.1.jar:6.1.1]
	at org.springframework.beans.factory.support.AbstractAutowireCapableBeanFactory.createBeanInstance(AbstractAutowireCapableBeanFactory.java:1193) ~[spring-beans-6.1.1.jar:6.1.1]
	at org.springframework.beans.factory.support.AbstractAutowireCapableBeanFactory.doCreateBean(AbstractAutowireCapableBeanFactory.java:563) ~[spring-beans-6.1.1.jar:6.1.1]
	at org.springframework.beans.factory.support.AbstractAutowireCapableBeanFactory.createBean(AbstractAutowireCapableBeanFactory.java:523) ~[spring-beans-6.1.1.jar:6.1.1]
	at org.springframework.beans.factory.support.AbstractBeanFactory.lambda$doGetBean$0(AbstractBeanFactory.java:325) ~[spring-beans-6.1.1.jar:6.1.1]
	at org.springframework.beans.factory.support.DefaultSingletonBeanRegistry.getSingleton(DefaultSingletonBeanRegistry.java:234) ~[spring-beans-6.1.1.jar:6.1.1]
	at org.springframework.beans.factory.support.AbstractBeanFactory.doGetBean(AbstractBeanFactory.java:323) ~[spring-beans-6.1.1.jar:6.1.1]
	at org.springframework.beans.factory.support.AbstractBeanFactory.getBean(AbstractBeanFactory.java:199) ~[spring-beans-6.1.1.jar:6.1.1]
	at org.springframework.beans.factory.config.DependencyDescriptor.resolveCandidate(DependencyDescriptor.java:254) ~[spring-beans-6.1.1.jar:6.1.1]
	at org.springframework.beans.factory.support.DefaultListableBeanFactory.doResolveDependency(DefaultListableBeanFactory.java:1441) ~[spring-beans-6.1.1.jar:6.1.1]
	at org.springframework.beans.factory.support.DefaultListableBeanFactory.resolveDependency(DefaultListableBeanFactory.java:1348) ~[spring-beans-6.1.1.jar:6.1.1]
	at org.springframework.beans.factory.support.ConstructorResolver.resolveAutowiredArgument(ConstructorResolver.java:911) ~[spring-beans-6.1.1.jar:6.1.1]
	at org.springframework.beans.factory.support.ConstructorResolver.createArgumentArray(ConstructorResolver.java:789) ~[spring-beans-6.1.1.jar:6.1.1]
	... 54 common frames omitted
Caused by: org.springframework.beans.factory.BeanCreationException: Error creating bean with name 'userRepository' defined in com.middleware.repository.UserRepository defined in @EnableJpaRepositories declared on JpaRepositoriesRegistrar.EnableJpaRepositoriesConfiguration: Cannot resolve reference to bean 'jpaSharedEM_entityManagerFactory' while setting bean property 'entityManager'
	at org.springframework.beans.factory.support.BeanDefinitionValueResolver.resolveReference(BeanDefinitionValueResolver.java:377) ~[spring-beans-6.1.1.jar:6.1.1]
	at org.springframework.beans.factory.support.BeanDefinitionValueResolver.resolveValueIfNecessary(BeanDefinitionValueResolver.java:135) ~[spring-beans-6.1.1.jar:6.1.1]
	at org.springframework.beans.factory.support.AbstractAutowireCapableBeanFactory.applyPropertyValues(AbstractAutowireCapableBeanFactory.java:1686) ~[spring-beans-6.1.1.jar:6.1.1]
	at org.springframework.beans.factory.support.AbstractAutowireCapableBeanFactory.populateBean(AbstractAutowireCapableBeanFactory.java:1435) ~[spring-beans-6.1.1.jar:6.1.1]
	at org.springframework.beans.factory.support.AbstractAutowireCapableBeanFactory.doCreateBean(AbstractAutowireCapableBeanFactory.java:600) ~[spring-beans-6.1.1.jar:6.1.1]
	at org.springframework.beans.factory.support.AbstractAutowireCapableBeanFactory.createBean(AbstractAutowireCapableBeanFactory.java:523) ~[spring-beans-6.1.1.jar:6.1.1]
	at org.springframework.beans.factory.support.AbstractBeanFactory.lambda$doGetBean$0(AbstractBeanFactory.java:325) ~[spring-beans-6.1.1.jar:6.1.1]
	at org.springframework.beans.factory.support.DefaultSingletonBeanRegistry.getSingleton(DefaultSingletonBeanRegistry.java:234) ~[spring-beans-6.1.1.jar:6.1.1]
	at org.springframework.beans.factory.support.AbstractBeanFactory.doGetBean(AbstractBeanFactory.java:323) ~[spring-beans-6.1.1.jar:6.1.1]
	at org.springframework.beans.factory.support.AbstractBeanFactory.getBean(AbstractBeanFactory.java:199) ~[spring-beans-6.1.1.jar:6.1.1]
	at org.springframework.beans.factory.config.DependencyDescriptor.resolveCandidate(DependencyDescriptor.java:254) ~[spring-beans-6.1.1.jar:6.1.1]
	at org.springframework.beans.factory.support.DefaultListableBeanFactory.doResolveDependency(DefaultListableBeanFactory.java:1441) ~[spring-beans-6.1.1.jar:6.1.1]
	at org.springframework.beans.factory.support.DefaultListableBeanFactory.resolveDependency(DefaultListableBeanFactory.java:1348) ~[spring-beans-6.1.1.jar:6.1.1]
	at org.springframework.beans.factory.support.ConstructorResolver.resolveAutowiredArgument(ConstructorResolver.java:911) ~[spring-beans-6.1.1.jar:6.1.1]
	at org.springframework.beans.factory.support.ConstructorResolver.createArgumentArray(ConstructorResolver.java:789) ~[spring-beans-6.1.1.jar:6.1.1]
	... 68 common frames omitted
Caused by: org.springframework.beans.factory.BeanCreationException: Error creating bean with name 'jpaSharedEM_entityManagerFactory': Cannot resolve reference to bean 'entityManagerFactory' while setting constructor argument
	at org.springframework.beans.factory.support.BeanDefinitionValueResolver.resolveReference(BeanDefinitionValueResolver.java:377) ~[spring-beans-6.1.1.jar:6.1.1]
	at org.springframework.beans.factory.support.BeanDefinitionValueResolver.resolveValueIfNecessary(BeanDefinitionValueResolver.java:135) ~[spring-beans-6.1.1.jar:6.1.1]
	at org.springframework.beans.factory.support.ConstructorResolver.resolveConstructorArguments(ConstructorResolver.java:689) ~[spring-beans-6.1.1.jar:6.1.1]
	at org.springframework.beans.factory.support.ConstructorResolver.instantiateUsingFactoryMethod(ConstructorResolver.java:513) ~[spring-beans-6.1.1.jar:6.1.1]
	at org.springframework.beans.factory.support.AbstractAutowireCapableBeanFactory.instantiateUsingFactoryMethod(AbstractAutowireCapableBeanFactory.java:1336) ~[spring-beans-6.1.1.jar:6.1.1]
	at org.springframework.beans.factory.support.AbstractAutowireCapableBeanFactory.createBeanInstance(AbstractAutowireCapableBeanFactory.java:1166) ~[spring-beans-6.1.1.jar:6.1.1]
	at org.springframework.beans.factory.support.AbstractAutowireCapableBeanFactory.doCreateBean(AbstractAutowireCapableBeanFactory.java:563) ~[spring-beans-6.1.1.jar:6.1.1]
	at org.springframework.beans.factory.support.AbstractAutowireCapableBeanFactory.createBean(AbstractAutowireCapableBeanFactory.java:523) ~[spring-beans-6.1.1.jar:6.1.1]
	at org.springframework.beans.factory.support.AbstractBeanFactory.lambda$doGetBean$0(AbstractBeanFactory.java:325) ~[spring-beans-6.1.1.jar:6.1.1]
	at org.springframework.beans.factory.support.DefaultSingletonBeanRegistry.getSingleton(DefaultSingletonBeanRegistry.java:234) ~[spring-beans-6.1.1.jar:6.1.1]
	at org.springframework.beans.factory.support.AbstractBeanFactory.doGetBean(AbstractBeanFactory.java:323) ~[spring-beans-6.1.1.jar:6.1.1]
	at org.springframework.beans.factory.support.AbstractBeanFactory.getBean(AbstractBeanFactory.java:199) ~[spring-beans-6.1.1.jar:6.1.1]
	at org.springframework.beans.factory.support.BeanDefinitionValueResolver.resolveReference(BeanDefinitionValueResolver.java:365) ~[spring-beans-6.1.1.jar:6.1.1]
	... 82 common frames omitted
Caused by: org.springframework.beans.factory.BeanCreationException: Error creating bean with name 'flywayInitializer' defined in class path resource [org/springframework/boot/autoconfigure/flyway/FlywayAutoConfiguration$FlywayConfiguration.class]: Validate failed: Migrations have failed validation
Migration checksum mismatch for migration version 1
-> Applied to database : -1294841729
-> Resolved locally    : -1233684033
Either revert the changes to the migration, or run repair to update the schema history.
Need more flexibility with validation rules? Learn more: https://rd.gt/3AbJUZE
	at org.springframework.beans.factory.support.AbstractAutowireCapableBeanFactory.initializeBean(AbstractAutowireCapableBeanFactory.java:1775) ~[spring-beans-6.1.1.jar:6.1.1]
	at org.springframework.beans.factory.support.AbstractAutowireCapableBeanFactory.doCreateBean(AbstractAutowireCapableBeanFactory.java:601) ~[spring-beans-6.1.1.jar:6.1.1]
	at org.springframework.beans.factory.support.AbstractAutowireCapableBeanFactory.createBean(AbstractAutowireCapableBeanFactory.java:523) ~[spring-beans-6.1.1.jar:6.1.1]
	at org.springframework.beans.factory.support.AbstractBeanFactory.lambda$doGetBean$0(AbstractBeanFactory.java:325) ~[spring-beans-6.1.1.jar:6.1.1]
	at org.springframework.beans.factory.support.DefaultSingletonBeanRegistry.getSingleton(DefaultSingletonBeanRegistry.java:234) ~[spring-beans-6.1.1.jar:6.1.1]
	at org.springframework.beans.factory.support.AbstractBeanFactory.doGetBean(AbstractBeanFactory.java:323) ~[spring-beans-6.1.1.jar:6.1.1]
	at org.springframework.beans.factory.support.AbstractBeanFactory.getBean(AbstractBeanFactory.java:199) ~[spring-beans-6.1.1.jar:6.1.1]
	at org.springframework.beans.factory.support.AbstractBeanFactory.doGetBean(AbstractBeanFactory.java:312) ~[spring-beans-6.1.1.jar:6.1.1]
	at org.springframework.beans.factory.support.AbstractBeanFactory.getBean(AbstractBeanFactory.java:199) ~[spring-beans-6.1.1.jar:6.1.1]
	at org.springframework.beans.factory.support.BeanDefinitionValueResolver.resolveReference(BeanDefinitionValueResolver.java:365) ~[spring-beans-6.1.1.jar:6.1.1]
	... 94 common frames omitted
Caused by: org.flywaydb.core.api.exception.FlywayValidateException: Validate failed: Migrations have failed validation
Migration checksum mismatch for migration version 1
-> Applied to database : -1294841729
-> Resolved locally    : -1233684033
Either revert the changes to the migration, or run repair to update the schema history.
Need more flexibility with validation rules? Learn more: https://rd.gt/3AbJUZE
	at org.flywaydb.core.Flyway.lambda$migrate$0(Flyway.java:146) ~[flyway-core-9.22.3.jar:na]
	at org.flywaydb.core.FlywayExecutor.execute(FlywayExecutor.java:213) ~[flyway-core-9.22.3.jar:na]
	at org.flywaydb.core.Flyway.migrate(Flyway.java:140) ~[flyway-core-9.22.3.jar:na]
	at org.springframework.boot.autoconfigure.flyway.FlywayMigrationInitializer.afterPropertiesSet(FlywayMigrationInitializer.java:66) ~[spring-boot-autoconfigure-3.2.0.jar:3.2.0]
	at org.springframework.beans.factory.support.AbstractAutowireCapableBeanFactory.invokeInitMethods(AbstractAutowireCapableBeanFactory.java:1822) ~[spring-beans-6.1.1.jar:6.1.1]
	at org.springframework.beans.factory.support.AbstractAutowireCapableBeanFactory.initializeBean(AbstractAutowireCapableBeanFactory.java:1771) ~[spring-beans-6.1.1.jar:6.1.1]
	... 103 common frames omitted

2026-05-23T00:13:36.728+01:00  INFO 34597 --- [main] com.middleware.KoinsApplication          : Starting KoinsApplication using Java 17.0.11 with PID 34597 (/Users/gamp/Downloads/koins/target/classes started by gamp in /Users/gamp/Downloads/koins)
2026-05-23T00:13:36.733+01:00  INFO 34597 --- [main] com.middleware.KoinsApplication          : No active profile set, falling back to 1 default profile: "default"
2026-05-23T00:13:39.230+01:00  INFO 34597 --- [main] .s.d.r.c.RepositoryConfigurationDelegate : Bootstrapping Spring Data JPA repositories in DEFAULT mode.
2026-05-23T00:13:39.767+01:00  INFO 34597 --- [main] .s.d.r.c.RepositoryConfigurationDelegate : Finished Spring Data repository scanning in 516 ms. Found 6 JPA repository interfaces.
2026-05-23T00:13:41.704+01:00  INFO 34597 --- [main] o.s.b.w.embedded.tomcat.TomcatWebServer  : Tomcat initialized with port 8080 (http)
2026-05-23T00:13:41.732+01:00  INFO 34597 --- [main] o.apache.catalina.core.StandardService   : Starting service [Tomcat]
2026-05-23T00:13:41.732+01:00  INFO 34597 --- [main] o.apache.catalina.core.StandardEngine    : Starting Servlet engine: [Apache Tomcat/10.1.16]
2026-05-23T00:13:41.935+01:00  INFO 34597 --- [main] o.a.c.c.C.[Tomcat].[localhost].[/]       : Initializing Spring embedded WebApplicationContext
2026-05-23T00:13:41.936+01:00  INFO 34597 --- [main] w.s.c.ServletWebServerApplicationContext : Root WebApplicationContext: initialization completed in 5094 ms
2026-05-23T00:13:42.177+01:00  INFO 34597 --- [main] com.zaxxer.hikari.HikariDataSource       : HikariPool-1 - Starting...
2026-05-23T00:13:42.574+01:00  INFO 34597 --- [main] com.zaxxer.hikari.pool.HikariPool        : HikariPool-1 - Added connection com.mysql.cj.jdbc.ConnectionImpl@76828577
2026-05-23T00:13:42.578+01:00  INFO 34597 --- [main] com.zaxxer.hikari.HikariDataSource       : HikariPool-1 - Start completed.
2026-05-23T00:13:42.862+01:00  INFO 34597 --- [main] o.f.c.internal.license.VersionPrinter    : Flyway Community Edition 9.22.3 by Redgate
2026-05-23T00:13:42.862+01:00  INFO 34597 --- [main] o.f.c.internal.license.VersionPrinter    : See release notes here: https://rd.gt/416ObMi
2026-05-23T00:13:42.863+01:00  INFO 34597 --- [main] o.f.c.internal.license.VersionPrinter    : 
2026-05-23T00:13:42.887+01:00  INFO 34597 --- [main] o.f.c.i.resource.ResourceNameValidator   : 1 SQL migrations were detected but not run because they did not follow the filename convention.
2026-05-23T00:13:42.887+01:00  INFO 34597 --- [main] o.f.c.i.resource.ResourceNameValidator   : Set 'validateMigrationNaming' to true to fail fast and see a list of the invalid file names.
2026-05-23T00:13:42.906+01:00  INFO 34597 --- [main] org.flywaydb.core.FlywayExecutor         : Database: jdbc:mysql://localhost:3306/koins_db (MySQL 8.0)
2026-05-23T00:13:42.994+01:00  INFO 34597 --- [main] o.f.core.internal.command.DbValidate     : Successfully validated 3 migrations (execution time 00:00.044s)
2026-05-23T00:13:43.031+01:00  INFO 34597 --- [main] o.f.core.internal.command.DbMigrate      : Current version of schema `koins_db`: << Empty Schema >>
2026-05-23T00:13:43.099+01:00  INFO 34597 --- [main] o.f.core.internal.command.DbMigrate      : Migrating schema `koins_db` to version "1 - init schema"
2026-05-23T00:13:43.157+01:00  WARN 34597 --- [main] o.f.c.i.s.DefaultSqlScriptExecutor       : DB: Table 'users' already exists (SQL State: 42S01 - Error Code: 1050)
2026-05-23T00:13:43.179+01:00  WARN 34597 --- [main] o.f.c.i.s.DefaultSqlScriptExecutor       : DB: Table 'wallets' already exists (SQL State: 42S01 - Error Code: 1050)
2026-05-23T00:13:43.196+01:00  WARN 34597 --- [main] o.f.c.i.s.DefaultSqlScriptExecutor       : DB: Table 'loans' already exists (SQL State: 42S01 - Error Code: 1050)
2026-05-23T00:13:43.208+01:00  WARN 34597 --- [main] o.f.c.i.s.DefaultSqlScriptExecutor       : DB: Table 'transactions' already exists (SQL State: 42S01 - Error Code: 1050)
2026-05-23T00:13:43.217+01:00  WARN 34597 --- [main] o.f.c.i.s.DefaultSqlScriptExecutor       : DB: Table 'token_blacklist' already exists (SQL State: 42S01 - Error Code: 1050)
2026-05-23T00:13:43.252+01:00 ERROR 34597 --- [main] o.f.core.internal.command.DbMigrate      : Migration of schema `koins_db` to version "1 - init schema" failed! Please restore backups and roll back database and code!
2026-05-23T00:13:43.282+01:00 ERROR 34597 --- [main] o.s.b.web.embedded.tomcat.TomcatStarter  : Error starting Tomcat context. Exception: org.springframework.beans.factory.UnsatisfiedDependencyException. Message: Error creating bean with name 'jwtAuthenticationFilter' defined in file [/Users/gamp/Downloads/koins/target/classes/com/middleware/security/JwtAuthenticationFilter.class]: Unsatisfied dependency expressed through constructor parameter 1: Error creating bean with name 'customUserDetailsService' defined in file [/Users/gamp/Downloads/koins/target/classes/com/middleware/security/CustomUserDetailsService.class]: Unsatisfied dependency expressed through constructor parameter 0: Error creating bean with name 'userRepository' defined in com.middleware.repository.UserRepository defined in @EnableJpaRepositories declared on JpaRepositoriesRegistrar.EnableJpaRepositoriesConfiguration: Cannot resolve reference to bean 'jpaSharedEM_entityManagerFactory' while setting bean property 'entityManager'
2026-05-23T00:13:43.365+01:00  INFO 34597 --- [main] o.apache.catalina.core.StandardService   : Stopping service [Tomcat]
2026-05-23T00:13:43.378+01:00  WARN 34597 --- [main] o.a.c.loader.WebappClassLoaderBase       : The web application [ROOT] appears to have started a thread named [HikariPool-1 housekeeper] but has failed to stop it. This is very likely to create a memory leak. Stack trace of thread:
 java.base@17.0.11/jdk.internal.misc.Unsafe.park(Native Method)
 java.base@17.0.11/java.util.concurrent.locks.LockSupport.parkNanos(LockSupport.java:252)
 java.base@17.0.11/java.util.concurrent.locks.AbstractQueuedSynchronizer$ConditionObject.awaitNanos(AbstractQueuedSynchronizer.java:1672)
 java.base@17.0.11/java.util.concurrent.ScheduledThreadPoolExecutor$DelayedWorkQueue.take(ScheduledThreadPoolExecutor.java:1182)
 java.base@17.0.11/java.util.concurrent.ScheduledThreadPoolExecutor$DelayedWorkQueue.take(ScheduledThreadPoolExecutor.java:899)
 java.base@17.0.11/java.util.concurrent.ThreadPoolExecutor.getTask(ThreadPoolExecutor.java:1062)
 java.base@17.0.11/java.util.concurrent.ThreadPoolExecutor.runWorker(ThreadPoolExecutor.java:1122)
 java.base@17.0.11/java.util.concurrent.ThreadPoolExecutor$Worker.run(ThreadPoolExecutor.java:635)
 java.base@17.0.11/java.lang.Thread.run(Thread.java:842)
2026-05-23T00:13:43.387+01:00  WARN 34597 --- [main] o.a.c.loader.WebappClassLoaderBase       : The web application [ROOT] appears to have started a thread named [HikariPool-1 connection adder] but has failed to stop it. This is very likely to create a memory leak. Stack trace of thread:
 java.base@17.0.11/jdk.internal.misc.Unsafe.park(Native Method)
 java.base@17.0.11/java.util.concurrent.locks.LockSupport.parkNanos(LockSupport.java:252)
 java.base@17.0.11/java.util.concurrent.locks.AbstractQueuedSynchronizer$ConditionObject.awaitNanos(AbstractQueuedSynchronizer.java:1672)
 java.base@17.0.11/java.util.concurrent.LinkedBlockingQueue.poll(LinkedBlockingQueue.java:460)
 java.base@17.0.11/java.util.concurrent.ThreadPoolExecutor.getTask(ThreadPoolExecutor.java:1061)
 java.base@17.0.11/java.util.concurrent.ThreadPoolExecutor.runWorker(ThreadPoolExecutor.java:1122)
 java.base@17.0.11/java.util.concurrent.ThreadPoolExecutor$Worker.run(ThreadPoolExecutor.java:635)
 java.base@17.0.11/java.lang.Thread.run(Thread.java:842)
2026-05-23T00:13:43.397+01:00  WARN 34597 --- [main] ConfigServletWebServerApplicationContext : Exception encountered during context initialization - cancelling refresh attempt: org.springframework.context.ApplicationContextException: Unable to start web server
2026-05-23T00:13:43.397+01:00  INFO 34597 --- [main] com.zaxxer.hikari.HikariDataSource       : HikariPool-1 - Shutdown initiated...
2026-05-23T00:13:43.415+01:00  INFO 34597 --- [main] com.zaxxer.hikari.HikariDataSource       : HikariPool-1 - Shutdown completed.
2026-05-23T00:13:43.438+01:00  INFO 34597 --- [main] .s.b.a.l.ConditionEvaluationReportLogger : 

Error starting ApplicationContext. To display the condition evaluation report re-run your application with 'debug' enabled.
2026-05-23T00:13:43.483+01:00 ERROR 34597 --- [main] o.s.boot.SpringApplication               : Application run failed

org.springframework.context.ApplicationContextException: Unable to start web server
	at org.springframework.boot.web.servlet.context.ServletWebServerApplicationContext.onRefresh(ServletWebServerApplicationContext.java:165) ~[spring-boot-3.2.0.jar:3.2.0]
	at org.springframework.context.support.AbstractApplicationContext.refresh(AbstractApplicationContext.java:610) ~[spring-context-6.1.1.jar:6.1.1]
	at org.springframework.boot.web.servlet.context.ServletWebServerApplicationContext.refresh(ServletWebServerApplicationContext.java:146) ~[spring-boot-3.2.0.jar:3.2.0]
	at org.springframework.boot.SpringApplication.refresh(SpringApplication.java:753) ~[spring-boot-3.2.0.jar:3.2.0]
	at org.springframework.boot.SpringApplication.refreshContext(SpringApplication.java:455) ~[spring-boot-3.2.0.jar:3.2.0]
	at org.springframework.boot.SpringApplication.run(SpringApplication.java:323) ~[spring-boot-3.2.0.jar:3.2.0]
	at org.springframework.boot.SpringApplication.run(SpringApplication.java:1342) ~[spring-boot-3.2.0.jar:3.2.0]
	at org.springframework.boot.SpringApplication.run(SpringApplication.java:1331) ~[spring-boot-3.2.0.jar:3.2.0]
	at com.middleware.KoinsApplication.main(KoinsApplication.java:9) ~[classes/:na]
Caused by: org.springframework.boot.web.server.WebServerException: Unable to start embedded Tomcat
	at org.springframework.boot.web.embedded.tomcat.TomcatWebServer.initialize(TomcatWebServer.java:142) ~[spring-boot-3.2.0.jar:3.2.0]
	at org.springframework.boot.web.embedded.tomcat.TomcatWebServer.<init>(TomcatWebServer.java:104) ~[spring-boot-3.2.0.jar:3.2.0]
	at org.springframework.boot.web.embedded.tomcat.TomcatServletWebServerFactory.getTomcatWebServer(TomcatServletWebServerFactory.java:501) ~[spring-boot-3.2.0.jar:3.2.0]
	at org.springframework.boot.web.embedded.tomcat.TomcatServletWebServerFactory.getWebServer(TomcatServletWebServerFactory.java:218) ~[spring-boot-3.2.0.jar:3.2.0]
	at org.springframework.boot.web.servlet.context.ServletWebServerApplicationContext.createWebServer(ServletWebServerApplicationContext.java:188) ~[spring-boot-3.2.0.jar:3.2.0]
	at org.springframework.boot.web.servlet.context.ServletWebServerApplicationContext.onRefresh(ServletWebServerApplicationContext.java:162) ~[spring-boot-3.2.0.jar:3.2.0]
	... 8 common frames omitted
Caused by: org.springframework.beans.factory.UnsatisfiedDependencyException: Error creating bean with name 'jwtAuthenticationFilter' defined in file [/Users/gamp/Downloads/koins/target/classes/com/middleware/security/JwtAuthenticationFilter.class]: Unsatisfied dependency expressed through constructor parameter 1: Error creating bean with name 'customUserDetailsService' defined in file [/Users/gamp/Downloads/koins/target/classes/com/middleware/security/CustomUserDetailsService.class]: Unsatisfied dependency expressed through constructor parameter 0: Error creating bean with name 'userRepository' defined in com.middleware.repository.UserRepository defined in @EnableJpaRepositories declared on JpaRepositoriesRegistrar.EnableJpaRepositoriesConfiguration: Cannot resolve reference to bean 'jpaSharedEM_entityManagerFactory' while setting bean property 'entityManager'
	at org.springframework.beans.factory.support.ConstructorResolver.createArgumentArray(ConstructorResolver.java:802) ~[spring-beans-6.1.1.jar:6.1.1]
	at org.springframework.beans.factory.support.ConstructorResolver.autowireConstructor(ConstructorResolver.java:241) ~[spring-beans-6.1.1.jar:6.1.1]
	at org.springframework.beans.factory.support.AbstractAutowireCapableBeanFactory.autowireConstructor(AbstractAutowireCapableBeanFactory.java:1356) ~[spring-beans-6.1.1.jar:6.1.1]
	at org.springframework.beans.factory.support.AbstractAutowireCapableBeanFactory.createBeanInstance(AbstractAutowireCapableBeanFactory.java:1193) ~[spring-beans-6.1.1.jar:6.1.1]
	at org.springframework.beans.factory.support.AbstractAutowireCapableBeanFactory.doCreateBean(AbstractAutowireCapableBeanFactory.java:563) ~[spring-beans-6.1.1.jar:6.1.1]
	at org.springframework.beans.factory.support.AbstractAutowireCapableBeanFactory.createBean(AbstractAutowireCapableBeanFactory.java:523) ~[spring-beans-6.1.1.jar:6.1.1]
	at org.springframework.beans.factory.support.AbstractBeanFactory.lambda$doGetBean$0(AbstractBeanFactory.java:325) ~[spring-beans-6.1.1.jar:6.1.1]
	at org.springframework.beans.factory.support.DefaultSingletonBeanRegistry.getSingleton(DefaultSingletonBeanRegistry.java:234) ~[spring-beans-6.1.1.jar:6.1.1]
	at org.springframework.beans.factory.support.AbstractBeanFactory.doGetBean(AbstractBeanFactory.java:323) ~[spring-beans-6.1.1.jar:6.1.1]
	at org.springframework.beans.factory.support.AbstractBeanFactory.getBean(AbstractBeanFactory.java:204) ~[spring-beans-6.1.1.jar:6.1.1]
	at org.springframework.boot.web.servlet.ServletContextInitializerBeans.getOrderedBeansOfType(ServletContextInitializerBeans.java:210) ~[spring-boot-3.2.0.jar:3.2.0]
	at org.springframework.boot.web.servlet.ServletContextInitializerBeans.addAsRegistrationBean(ServletContextInitializerBeans.java:173) ~[spring-boot-3.2.0.jar:3.2.0]
	at org.springframework.boot.web.servlet.ServletContextInitializerBeans.addAsRegistrationBean(ServletContextInitializerBeans.java:168) ~[spring-boot-3.2.0.jar:3.2.0]
	at org.springframework.boot.web.servlet.ServletContextInitializerBeans.addAdaptableBeans(ServletContextInitializerBeans.java:153) ~[spring-boot-3.2.0.jar:3.2.0]
	at org.springframework.boot.web.servlet.ServletContextInitializerBeans.<init>(ServletContextInitializerBeans.java:86) ~[spring-boot-3.2.0.jar:3.2.0]
	at org.springframework.boot.web.servlet.context.ServletWebServerApplicationContext.getServletContextInitializerBeans(ServletWebServerApplicationContext.java:266) ~[spring-boot-3.2.0.jar:3.2.0]
	at org.springframework.boot.web.servlet.context.ServletWebServerApplicationContext.selfInitialize(ServletWebServerApplicationContext.java:240) ~[spring-boot-3.2.0.jar:3.2.0]
	at org.springframework.boot.web.embedded.tomcat.TomcatStarter.onStartup(TomcatStarter.java:52) ~[spring-boot-3.2.0.jar:3.2.0]
	at org.apache.catalina.core.StandardContext.startInternal(StandardContext.java:4850) ~[tomcat-embed-core-10.1.16.jar:10.1.16]
	at org.apache.catalina.util.LifecycleBase.start(LifecycleBase.java:171) ~[tomcat-embed-core-10.1.16.jar:10.1.16]
	at org.apache.catalina.core.ContainerBase$StartChild.call(ContainerBase.java:1332) ~[tomcat-embed-core-10.1.16.jar:10.1.16]
	at org.apache.catalina.core.ContainerBase$StartChild.call(ContainerBase.java:1322) ~[tomcat-embed-core-10.1.16.jar:10.1.16]
	at java.base/java.util.concurrent.FutureTask.run(FutureTask.java:264) ~[na:na]
	at org.apache.tomcat.util.threads.InlineExecutorService.execute(InlineExecutorService.java:75) ~[tomcat-embed-core-10.1.16.jar:10.1.16]
	at java.base/java.util.concurrent.AbstractExecutorService.submit(AbstractExecutorService.java:145) ~[na:na]
	at org.apache.catalina.core.ContainerBase.startInternal(ContainerBase.java:866) ~[tomcat-embed-core-10.1.16.jar:10.1.16]
	at org.apache.catalina.core.StandardHost.startInternal(StandardHost.java:845) ~[tomcat-embed-core-10.1.16.jar:10.1.16]
	at org.apache.catalina.util.LifecycleBase.start(LifecycleBase.java:171) ~[tomcat-embed-core-10.1.16.jar:10.1.16]
	at org.apache.catalina.core.ContainerBase$StartChild.call(ContainerBase.java:1332) ~[tomcat-embed-core-10.1.16.jar:10.1.16]
	at org.apache.catalina.core.ContainerBase$StartChild.call(ContainerBase.java:1322) ~[tomcat-embed-core-10.1.16.jar:10.1.16]
	at java.base/java.util.concurrent.FutureTask.run(FutureTask.java:264) ~[na:na]
	at org.apache.tomcat.util.threads.InlineExecutorService.execute(InlineExecutorService.java:75) ~[tomcat-embed-core-10.1.16.jar:10.1.16]
	at java.base/java.util.concurrent.AbstractExecutorService.submit(AbstractExecutorService.java:145) ~[na:na]
	at org.apache.catalina.core.ContainerBase.startInternal(ContainerBase.java:866) ~[tomcat-embed-core-10.1.16.jar:10.1.16]
	at org.apache.catalina.core.StandardEngine.startInternal(StandardEngine.java:240) ~[tomcat-embed-core-10.1.16.jar:10.1.16]
	at org.apache.catalina.util.LifecycleBase.start(LifecycleBase.java:171) ~[tomcat-embed-core-10.1.16.jar:10.1.16]
	at org.apache.catalina.core.StandardService.startInternal(StandardService.java:433) ~[tomcat-embed-core-10.1.16.jar:10.1.16]
	at org.apache.catalina.util.LifecycleBase.start(LifecycleBase.java:171) ~[tomcat-embed-core-10.1.16.jar:10.1.16]
	at org.apache.catalina.core.StandardServer.startInternal(StandardServer.java:917) ~[tomcat-embed-core-10.1.16.jar:10.1.16]
	at org.apache.catalina.util.LifecycleBase.start(LifecycleBase.java:171) ~[tomcat-embed-core-10.1.16.jar:10.1.16]
	at org.apache.catalina.startup.Tomcat.start(Tomcat.java:488) ~[tomcat-embed-core-10.1.16.jar:10.1.16]
	at org.springframework.boot.web.embedded.tomcat.TomcatWebServer.initialize(TomcatWebServer.java:123) ~[spring-boot-3.2.0.jar:3.2.0]
	... 13 common frames omitted
Caused by: org.springframework.beans.factory.UnsatisfiedDependencyException: Error creating bean with name 'customUserDetailsService' defined in file [/Users/gamp/Downloads/koins/target/classes/com/middleware/security/CustomUserDetailsService.class]: Unsatisfied dependency expressed through constructor parameter 0: Error creating bean with name 'userRepository' defined in com.middleware.repository.UserRepository defined in @EnableJpaRepositories declared on JpaRepositoriesRegistrar.EnableJpaRepositoriesConfiguration: Cannot resolve reference to bean 'jpaSharedEM_entityManagerFactory' while setting bean property 'entityManager'
	at org.springframework.beans.factory.support.ConstructorResolver.createArgumentArray(ConstructorResolver.java:802) ~[spring-beans-6.1.1.jar:6.1.1]
	at org.springframework.beans.factory.support.ConstructorResolver.autowireConstructor(ConstructorResolver.java:241) ~[spring-beans-6.1.1.jar:6.1.1]
	at org.springframework.beans.factory.support.AbstractAutowireCapableBeanFactory.autowireConstructor(AbstractAutowireCapableBeanFactory.java:1356) ~[spring-beans-6.1.1.jar:6.1.1]
	at org.springframework.beans.factory.support.AbstractAutowireCapableBeanFactory.createBeanInstance(AbstractAutowireCapableBeanFactory.java:1193) ~[spring-beans-6.1.1.jar:6.1.1]
	at org.springframework.beans.factory.support.AbstractAutowireCapableBeanFactory.doCreateBean(AbstractAutowireCapableBeanFactory.java:563) ~[spring-beans-6.1.1.jar:6.1.1]
	at org.springframework.beans.factory.support.AbstractAutowireCapableBeanFactory.createBean(AbstractAutowireCapableBeanFactory.java:523) ~[spring-beans-6.1.1.jar:6.1.1]
	at org.springframework.beans.factory.support.AbstractBeanFactory.lambda$doGetBean$0(AbstractBeanFactory.java:325) ~[spring-beans-6.1.1.jar:6.1.1]
	at org.springframework.beans.factory.support.DefaultSingletonBeanRegistry.getSingleton(DefaultSingletonBeanRegistry.java:234) ~[spring-beans-6.1.1.jar:6.1.1]
	at org.springframework.beans.factory.support.AbstractBeanFactory.doGetBean(AbstractBeanFactory.java:323) ~[spring-beans-6.1.1.jar:6.1.1]
	at org.springframework.beans.factory.support.AbstractBeanFactory.getBean(AbstractBeanFactory.java:199) ~[spring-beans-6.1.1.jar:6.1.1]
	at org.springframework.beans.factory.config.DependencyDescriptor.resolveCandidate(DependencyDescriptor.java:254) ~[spring-beans-6.1.1.jar:6.1.1]
	at org.springframework.beans.factory.support.DefaultListableBeanFactory.doResolveDependency(DefaultListableBeanFactory.java:1441) ~[spring-beans-6.1.1.jar:6.1.1]
	at org.springframework.beans.factory.support.DefaultListableBeanFactory.resolveDependency(DefaultListableBeanFactory.java:1348) ~[spring-beans-6.1.1.jar:6.1.1]
	at org.springframework.beans.factory.support.ConstructorResolver.resolveAutowiredArgument(ConstructorResolver.java:911) ~[spring-beans-6.1.1.jar:6.1.1]
	at org.springframework.beans.factory.support.ConstructorResolver.createArgumentArray(ConstructorResolver.java:789) ~[spring-beans-6.1.1.jar:6.1.1]
	... 54 common frames omitted
Caused by: org.springframework.beans.factory.BeanCreationException: Error creating bean with name 'userRepository' defined in com.middleware.repository.UserRepository defined in @EnableJpaRepositories declared on JpaRepositoriesRegistrar.EnableJpaRepositoriesConfiguration: Cannot resolve reference to bean 'jpaSharedEM_entityManagerFactory' while setting bean property 'entityManager'
	at org.springframework.beans.factory.support.BeanDefinitionValueResolver.resolveReference(BeanDefinitionValueResolver.java:377) ~[spring-beans-6.1.1.jar:6.1.1]
	at org.springframework.beans.factory.support.BeanDefinitionValueResolver.resolveValueIfNecessary(BeanDefinitionValueResolver.java:135) ~[spring-beans-6.1.1.jar:6.1.1]
	at org.springframework.beans.factory.support.AbstractAutowireCapableBeanFactory.applyPropertyValues(AbstractAutowireCapableBeanFactory.java:1686) ~[spring-beans-6.1.1.jar:6.1.1]
	at org.springframework.beans.factory.support.AbstractAutowireCapableBeanFactory.populateBean(AbstractAutowireCapableBeanFactory.java:1435) ~[spring-beans-6.1.1.jar:6.1.1]
	at org.springframework.beans.factory.support.AbstractAutowireCapableBeanFactory.doCreateBean(AbstractAutowireCapableBeanFactory.java:600) ~[spring-beans-6.1.1.jar:6.1.1]
	at org.springframework.beans.factory.support.AbstractAutowireCapableBeanFactory.createBean(AbstractAutowireCapableBeanFactory.java:523) ~[spring-beans-6.1.1.jar:6.1.1]
	at org.springframework.beans.factory.support.AbstractBeanFactory.lambda$doGetBean$0(AbstractBeanFactory.java:325) ~[spring-beans-6.1.1.jar:6.1.1]
	at org.springframework.beans.factory.support.DefaultSingletonBeanRegistry.getSingleton(DefaultSingletonBeanRegistry.java:234) ~[spring-beans-6.1.1.jar:6.1.1]
	at org.springframework.beans.factory.support.AbstractBeanFactory.doGetBean(AbstractBeanFactory.java:323) ~[spring-beans-6.1.1.jar:6.1.1]
	at org.springframework.beans.factory.support.AbstractBeanFactory.getBean(AbstractBeanFactory.java:199) ~[spring-beans-6.1.1.jar:6.1.1]
	at org.springframework.beans.factory.config.DependencyDescriptor.resolveCandidate(DependencyDescriptor.java:254) ~[spring-beans-6.1.1.jar:6.1.1]
	at org.springframework.beans.factory.support.DefaultListableBeanFactory.doResolveDependency(DefaultListableBeanFactory.java:1441) ~[spring-beans-6.1.1.jar:6.1.1]
	at org.springframework.beans.factory.support.DefaultListableBeanFactory.resolveDependency(DefaultListableBeanFactory.java:1348) ~[spring-beans-6.1.1.jar:6.1.1]
	at org.springframework.beans.factory.support.ConstructorResolver.resolveAutowiredArgument(ConstructorResolver.java:911) ~[spring-beans-6.1.1.jar:6.1.1]
	at org.springframework.beans.factory.support.ConstructorResolver.createArgumentArray(ConstructorResolver.java:789) ~[spring-beans-6.1.1.jar:6.1.1]
	... 68 common frames omitted
Caused by: org.springframework.beans.factory.BeanCreationException: Error creating bean with name 'jpaSharedEM_entityManagerFactory': Cannot resolve reference to bean 'entityManagerFactory' while setting constructor argument
	at org.springframework.beans.factory.support.BeanDefinitionValueResolver.resolveReference(BeanDefinitionValueResolver.java:377) ~[spring-beans-6.1.1.jar:6.1.1]
	at org.springframework.beans.factory.support.BeanDefinitionValueResolver.resolveValueIfNecessary(BeanDefinitionValueResolver.java:135) ~[spring-beans-6.1.1.jar:6.1.1]
	at org.springframework.beans.factory.support.ConstructorResolver.resolveConstructorArguments(ConstructorResolver.java:689) ~[spring-beans-6.1.1.jar:6.1.1]
	at org.springframework.beans.factory.support.ConstructorResolver.instantiateUsingFactoryMethod(ConstructorResolver.java:513) ~[spring-beans-6.1.1.jar:6.1.1]
	at org.springframework.beans.factory.support.AbstractAutowireCapableBeanFactory.instantiateUsingFactoryMethod(AbstractAutowireCapableBeanFactory.java:1336) ~[spring-beans-6.1.1.jar:6.1.1]
	at org.springframework.beans.factory.support.AbstractAutowireCapableBeanFactory.createBeanInstance(AbstractAutowireCapableBeanFactory.java:1166) ~[spring-beans-6.1.1.jar:6.1.1]
	at org.springframework.beans.factory.support.AbstractAutowireCapableBeanFactory.doCreateBean(AbstractAutowireCapableBeanFactory.java:563) ~[spring-beans-6.1.1.jar:6.1.1]
	at org.springframework.beans.factory.support.AbstractAutowireCapableBeanFactory.createBean(AbstractAutowireCapableBeanFactory.java:523) ~[spring-beans-6.1.1.jar:6.1.1]
	at org.springframework.beans.factory.support.AbstractBeanFactory.lambda$doGetBean$0(AbstractBeanFactory.java:325) ~[spring-beans-6.1.1.jar:6.1.1]
	at org.springframework.beans.factory.support.DefaultSingletonBeanRegistry.getSingleton(DefaultSingletonBeanRegistry.java:234) ~[spring-beans-6.1.1.jar:6.1.1]
	at org.springframework.beans.factory.support.AbstractBeanFactory.doGetBean(AbstractBeanFactory.java:323) ~[spring-beans-6.1.1.jar:6.1.1]
	at org.springframework.beans.factory.support.AbstractBeanFactory.getBean(AbstractBeanFactory.java:199) ~[spring-beans-6.1.1.jar:6.1.1]
	at org.springframework.beans.factory.support.BeanDefinitionValueResolver.resolveReference(BeanDefinitionValueResolver.java:365) ~[spring-beans-6.1.1.jar:6.1.1]
	... 82 common frames omitted
Caused by: org.springframework.beans.factory.BeanCreationException: Error creating bean with name 'flywayInitializer' defined in class path resource [org/springframework/boot/autoconfigure/flyway/FlywayAutoConfiguration$FlywayConfiguration.class]: Migration V1__init_schema.sql failed
------------------------------------
SQL State  : 42000
Error Code : 1061
Message    : Duplicate key name 'idx_loans_user_id'
Location   : db/V1__init_schema.sql (/Users/gamp/Downloads/koins/target/classes/db/V1__init_schema.sql)
Line       : 142
Statement  : -- ============================================================
-- INDEXES
-- ============================================================

CREATE INDEX idx_loans_user_id
ON loans(user_id)

	at org.springframework.beans.factory.support.AbstractAutowireCapableBeanFactory.initializeBean(AbstractAutowireCapableBeanFactory.java:1775) ~[spring-beans-6.1.1.jar:6.1.1]
	at org.springframework.beans.factory.support.AbstractAutowireCapableBeanFactory.doCreateBean(AbstractAutowireCapableBeanFactory.java:601) ~[spring-beans-6.1.1.jar:6.1.1]
	at org.springframework.beans.factory.support.AbstractAutowireCapableBeanFactory.createBean(AbstractAutowireCapableBeanFactory.java:523) ~[spring-beans-6.1.1.jar:6.1.1]
	at org.springframework.beans.factory.support.AbstractBeanFactory.lambda$doGetBean$0(AbstractBeanFactory.java:325) ~[spring-beans-6.1.1.jar:6.1.1]
	at org.springframework.beans.factory.support.DefaultSingletonBeanRegistry.getSingleton(DefaultSingletonBeanRegistry.java:234) ~[spring-beans-6.1.1.jar:6.1.1]
	at org.springframework.beans.factory.support.AbstractBeanFactory.doGetBean(AbstractBeanFactory.java:323) ~[spring-beans-6.1.1.jar:6.1.1]
	at org.springframework.beans.factory.support.AbstractBeanFactory.getBean(AbstractBeanFactory.java:199) ~[spring-beans-6.1.1.jar:6.1.1]
	at org.springframework.beans.factory.support.AbstractBeanFactory.doGetBean(AbstractBeanFactory.java:312) ~[spring-beans-6.1.1.jar:6.1.1]
	at org.springframework.beans.factory.support.AbstractBeanFactory.getBean(AbstractBeanFactory.java:199) ~[spring-beans-6.1.1.jar:6.1.1]
	at org.springframework.beans.factory.support.BeanDefinitionValueResolver.resolveReference(BeanDefinitionValueResolver.java:365) ~[spring-beans-6.1.1.jar:6.1.1]
	... 94 common frames omitted
Caused by: org.flywaydb.core.internal.command.DbMigrate$FlywayMigrateException: Migration V1__init_schema.sql failed
------------------------------------
SQL State  : 42000
Error Code : 1061
Message    : Duplicate key name 'idx_loans_user_id'
Location   : db/V1__init_schema.sql (/Users/gamp/Downloads/koins/target/classes/db/V1__init_schema.sql)
Line       : 142
Statement  : -- ============================================================
-- INDEXES
-- ============================================================

CREATE INDEX idx_loans_user_id
ON loans(user_id)

	at org.flywaydb.core.internal.command.DbMigrate.doMigrateGroup(DbMigrate.java:382) ~[flyway-core-9.22.3.jar:na]
	at org.flywaydb.core.internal.command.DbMigrate.lambda$applyMigrations$1(DbMigrate.java:272) ~[flyway-core-9.22.3.jar:na]
	at org.flywaydb.core.internal.jdbc.TransactionalExecutionTemplate.execute(TransactionalExecutionTemplate.java:55) ~[flyway-core-9.22.3.jar:na]
	at org.flywaydb.core.internal.command.DbMigrate.applyMigrations(DbMigrate.java:271) ~[flyway-core-9.22.3.jar:na]
	at org.flywaydb.core.internal.command.DbMigrate.migrateGroup(DbMigrate.java:244) ~[flyway-core-9.22.3.jar:na]
	at org.flywaydb.core.internal.command.DbMigrate.lambda$migrateAll$0(DbMigrate.java:139) ~[flyway-core-9.22.3.jar:na]
	at org.flywaydb.database.mysql.MySQLNamedLockTemplate.execute(MySQLNamedLockTemplate.java:58) ~[flyway-mysql-9.22.3.jar:na]
	at org.flywaydb.database.mysql.MySQLConnection.lock(MySQLConnection.java:152) ~[flyway-mysql-9.22.3.jar:na]
	at org.flywaydb.core.internal.schemahistory.JdbcTableSchemaHistory.lock(JdbcTableSchemaHistory.java:144) ~[flyway-core-9.22.3.jar:na]
	at org.flywaydb.core.internal.command.DbMigrate.migrateAll(DbMigrate.java:139) ~[flyway-core-9.22.3.jar:na]
	at org.flywaydb.core.internal.command.DbMigrate.migrate(DbMigrate.java:97) ~[flyway-core-9.22.3.jar:na]
	at org.flywaydb.core.Flyway.lambda$migrate$0(Flyway.java:188) ~[flyway-core-9.22.3.jar:na]
	at org.flywaydb.core.FlywayExecutor.execute(FlywayExecutor.java:213) ~[flyway-core-9.22.3.jar:na]
	at org.flywaydb.core.Flyway.migrate(Flyway.java:140) ~[flyway-core-9.22.3.jar:na]
	at org.springframework.boot.autoconfigure.flyway.FlywayMigrationInitializer.afterPropertiesSet(FlywayMigrationInitializer.java:66) ~[spring-boot-autoconfigure-3.2.0.jar:3.2.0]
	at org.springframework.beans.factory.support.AbstractAutowireCapableBeanFactory.invokeInitMethods(AbstractAutowireCapableBeanFactory.java:1822) ~[spring-beans-6.1.1.jar:6.1.1]
	at org.springframework.beans.factory.support.AbstractAutowireCapableBeanFactory.initializeBean(AbstractAutowireCapableBeanFactory.java:1771) ~[spring-beans-6.1.1.jar:6.1.1]
	... 103 common frames omitted
Caused by: org.flywaydb.core.internal.sqlscript.FlywaySqlScriptException: Migration V1__init_schema.sql failed
------------------------------------
SQL State  : 42000
Error Code : 1061
Message    : Duplicate key name 'idx_loans_user_id'
Location   : db/V1__init_schema.sql (/Users/gamp/Downloads/koins/target/classes/db/V1__init_schema.sql)
Line       : 142
Statement  : -- ============================================================
-- INDEXES
-- ============================================================

CREATE INDEX idx_loans_user_id
ON loans(user_id)

	at org.flywaydb.core.internal.sqlscript.DefaultSqlScriptExecutor.handleException(DefaultSqlScriptExecutor.java:267) ~[flyway-core-9.22.3.jar:na]
	at org.flywaydb.core.internal.sqlscript.DefaultSqlScriptExecutor.executeStatement(DefaultSqlScriptExecutor.java:222) ~[flyway-core-9.22.3.jar:na]
	at org.flywaydb.core.internal.sqlscript.DefaultSqlScriptExecutor.execute(DefaultSqlScriptExecutor.java:126) ~[flyway-core-9.22.3.jar:na]
	at org.flywaydb.core.internal.resolver.sql.SqlMigrationExecutor.executeOnce(SqlMigrationExecutor.java:68) ~[flyway-core-9.22.3.jar:na]
	at org.flywaydb.core.internal.resolver.sql.SqlMigrationExecutor.lambda$execute$0(SqlMigrationExecutor.java:57) ~[flyway-core-9.22.3.jar:na]
	at org.flywaydb.core.internal.database.DefaultExecutionStrategy.execute(DefaultExecutionStrategy.java:27) ~[flyway-core-9.22.3.jar:na]
	at org.flywaydb.core.internal.resolver.sql.SqlMigrationExecutor.execute(SqlMigrationExecutor.java:56) ~[flyway-core-9.22.3.jar:na]
	at org.flywaydb.core.internal.command.DbMigrate.doMigrateGroup(DbMigrate.java:374) ~[flyway-core-9.22.3.jar:na]
	... 119 common frames omitted
Caused by: java.sql.SQLSyntaxErrorException: Duplicate key name 'idx_loans_user_id'
	at com.mysql.cj.jdbc.exceptions.SQLError.createSQLException(SQLError.java:121) ~[mysql-connector-j-8.1.0.jar:8.1.0]
	at com.mysql.cj.jdbc.exceptions.SQLExceptionsMapping.translateException(SQLExceptionsMapping.java:122) ~[mysql-connector-j-8.1.0.jar:8.1.0]
	at com.mysql.cj.jdbc.StatementImpl.executeInternal(StatementImpl.java:763) ~[mysql-connector-j-8.1.0.jar:8.1.0]
	at com.mysql.cj.jdbc.StatementImpl.execute(StatementImpl.java:648) ~[mysql-connector-j-8.1.0.jar:8.1.0]
	at com.zaxxer.hikari.pool.ProxyStatement.execute(ProxyStatement.java:94) ~[HikariCP-5.0.1.jar:na]
	at com.zaxxer.hikari.pool.HikariProxyStatement.execute(HikariProxyStatement.java) ~[HikariCP-5.0.1.jar:na]
	at org.flywaydb.core.internal.jdbc.JdbcTemplate.executeStatement(JdbcTemplate.java:201) ~[flyway-core-9.22.3.jar:na]
	at org.flywaydb.core.internal.sqlscript.ParsedSqlStatement.execute(ParsedSqlStatement.java:95) ~[flyway-core-9.22.3.jar:na]
	at org.flywaydb.core.internal.sqlscript.DefaultSqlScriptExecutor.executeStatement(DefaultSqlScriptExecutor.java:210) ~[flyway-core-9.22.3.jar:na]
	... 125 common frames omitted

2026-05-23T00:15:09.014+01:00  INFO 34880 --- [main] com.middleware.KoinsApplication          : Starting KoinsApplication using Java 17.0.11 with PID 34880 (/Users/gamp/Downloads/koins/target/classes started by gamp in /Users/gamp/Downloads/koins)
2026-05-23T00:15:09.019+01:00  INFO 34880 --- [main] com.middleware.KoinsApplication          : No active profile set, falling back to 1 default profile: "default"
2026-05-23T00:15:11.558+01:00  INFO 34880 --- [main] .s.d.r.c.RepositoryConfigurationDelegate : Bootstrapping Spring Data JPA repositories in DEFAULT mode.
2026-05-23T00:15:12.123+01:00  INFO 34880 --- [main] .s.d.r.c.RepositoryConfigurationDelegate : Finished Spring Data repository scanning in 543 ms. Found 6 JPA repository interfaces.
2026-05-23T00:15:14.043+01:00  INFO 34880 --- [main] o.s.b.w.embedded.tomcat.TomcatWebServer  : Tomcat initialized with port 8080 (http)
2026-05-23T00:15:14.072+01:00  INFO 34880 --- [main] o.apache.catalina.core.StandardService   : Starting service [Tomcat]
2026-05-23T00:15:14.072+01:00  INFO 34880 --- [main] o.apache.catalina.core.StandardEngine    : Starting Servlet engine: [Apache Tomcat/10.1.16]
2026-05-23T00:15:14.241+01:00  INFO 34880 --- [main] o.a.c.c.C.[Tomcat].[localhost].[/]       : Initializing Spring embedded WebApplicationContext
2026-05-23T00:15:14.241+01:00  INFO 34880 --- [main] w.s.c.ServletWebServerApplicationContext : Root WebApplicationContext: initialization completed in 5113 ms
2026-05-23T00:15:14.475+01:00  INFO 34880 --- [main] com.zaxxer.hikari.HikariDataSource       : HikariPool-1 - Starting...
2026-05-23T00:15:14.882+01:00  INFO 34880 --- [main] com.zaxxer.hikari.pool.HikariPool        : HikariPool-1 - Added connection com.mysql.cj.jdbc.ConnectionImpl@bb6f3f7
2026-05-23T00:15:14.887+01:00  INFO 34880 --- [main] com.zaxxer.hikari.HikariDataSource       : HikariPool-1 - Start completed.
2026-05-23T00:15:15.446+01:00  INFO 34880 --- [main] o.f.c.internal.license.VersionPrinter    : Flyway Community Edition 9.22.3 by Redgate
2026-05-23T00:15:15.447+01:00  INFO 34880 --- [main] o.f.c.internal.license.VersionPrinter    : See release notes here: https://rd.gt/416ObMi
2026-05-23T00:15:15.447+01:00  INFO 34880 --- [main] o.f.c.internal.license.VersionPrinter    : 
2026-05-23T00:15:15.475+01:00  INFO 34880 --- [main] o.f.c.i.resource.ResourceNameValidator   : 1 SQL migrations were detected but not run because they did not follow the filename convention.
2026-05-23T00:15:15.476+01:00  INFO 34880 --- [main] o.f.c.i.resource.ResourceNameValidator   : Set 'validateMigrationNaming' to true to fail fast and see a list of the invalid file names.
2026-05-23T00:15:15.658+01:00  INFO 34880 --- [main] org.flywaydb.core.FlywayExecutor         : Database: jdbc:mysql://localhost:3306/koins_db (MySQL 8.0)
2026-05-23T00:15:15.833+01:00  INFO 34880 --- [main] o.f.c.i.s.JdbcTableSchemaHistory         : Schema history table `koins_db`.`flyway_schema_history` does not exist yet
2026-05-23T00:15:15.841+01:00  INFO 34880 --- [main] o.f.core.internal.command.DbValidate     : Successfully validated 3 migrations (execution time 00:00.045s)
2026-05-23T00:15:16.043+01:00  INFO 34880 --- [main] o.f.c.i.s.JdbcTableSchemaHistory         : Creating Schema History table `koins_db`.`flyway_schema_history` ...
2026-05-23T00:15:16.248+01:00  INFO 34880 --- [main] o.f.core.internal.command.DbMigrate      : Current version of schema `koins_db`: << Empty Schema >>
2026-05-23T00:15:16.301+01:00  INFO 34880 --- [main] o.f.core.internal.command.DbMigrate      : Migrating schema `koins_db` to version "1 - init schema"
2026-05-23T00:15:16.936+01:00  INFO 34880 --- [main] o.f.core.internal.command.DbMigrate      : Migrating schema `koins_db` to version "2 - seed admin user"
2026-05-23T00:15:16.961+01:00 ERROR 34880 --- [main] o.f.core.internal.command.DbMigrate      : Migration of schema `koins_db` to version "2 - seed admin user" failed! Please restore backups and roll back database and code!
2026-05-23T00:15:16.987+01:00 ERROR 34880 --- [main] o.s.b.web.embedded.tomcat.TomcatStarter  : Error starting Tomcat context. Exception: org.springframework.beans.factory.UnsatisfiedDependencyException. Message: Error creating bean with name 'jwtAuthenticationFilter' defined in file [/Users/gamp/Downloads/koins/target/classes/com/middleware/security/JwtAuthenticationFilter.class]: Unsatisfied dependency expressed through constructor parameter 1: Error creating bean with name 'customUserDetailsService' defined in file [/Users/gamp/Downloads/koins/target/classes/com/middleware/security/CustomUserDetailsService.class]: Unsatisfied dependency expressed through constructor parameter 0: Error creating bean with name 'userRepository' defined in com.middleware.repository.UserRepository defined in @EnableJpaRepositories declared on JpaRepositoriesRegistrar.EnableJpaRepositoriesConfiguration: Cannot resolve reference to bean 'jpaSharedEM_entityManagerFactory' while setting bean property 'entityManager'
2026-05-23T00:15:17.051+01:00  INFO 34880 --- [main] o.apache.catalina.core.StandardService   : Stopping service [Tomcat]
2026-05-23T00:15:17.058+01:00  WARN 34880 --- [main] o.a.c.loader.WebappClassLoaderBase       : The web application [ROOT] appears to have started a thread named [HikariPool-1 housekeeper] but has failed to stop it. This is very likely to create a memory leak. Stack trace of thread:
 java.base@17.0.11/jdk.internal.misc.Unsafe.park(Native Method)
 java.base@17.0.11/java.util.concurrent.locks.LockSupport.parkNanos(LockSupport.java:252)
 java.base@17.0.11/java.util.concurrent.locks.AbstractQueuedSynchronizer$ConditionObject.awaitNanos(AbstractQueuedSynchronizer.java:1672)
 java.base@17.0.11/java.util.concurrent.ScheduledThreadPoolExecutor$DelayedWorkQueue.take(ScheduledThreadPoolExecutor.java:1182)
 java.base@17.0.11/java.util.concurrent.ScheduledThreadPoolExecutor$DelayedWorkQueue.take(ScheduledThreadPoolExecutor.java:899)
 java.base@17.0.11/java.util.concurrent.ThreadPoolExecutor.getTask(ThreadPoolExecutor.java:1062)
 java.base@17.0.11/java.util.concurrent.ThreadPoolExecutor.runWorker(ThreadPoolExecutor.java:1122)
 java.base@17.0.11/java.util.concurrent.ThreadPoolExecutor$Worker.run(ThreadPoolExecutor.java:635)
 java.base@17.0.11/java.lang.Thread.run(Thread.java:842)
2026-05-23T00:15:17.059+01:00  WARN 34880 --- [main] o.a.c.loader.WebappClassLoaderBase       : The web application [ROOT] appears to have started a thread named [HikariPool-1 connection adder] but has failed to stop it. This is very likely to create a memory leak. Stack trace of thread:
 java.base@17.0.11/jdk.internal.misc.Unsafe.park(Native Method)
 java.base@17.0.11/java.util.concurrent.locks.LockSupport.parkNanos(LockSupport.java:252)
 java.base@17.0.11/java.util.concurrent.locks.AbstractQueuedSynchronizer$ConditionObject.awaitNanos(AbstractQueuedSynchronizer.java:1672)
 java.base@17.0.11/java.util.concurrent.LinkedBlockingQueue.poll(LinkedBlockingQueue.java:460)
 java.base@17.0.11/java.util.concurrent.ThreadPoolExecutor.getTask(ThreadPoolExecutor.java:1061)
 java.base@17.0.11/java.util.concurrent.ThreadPoolExecutor.runWorker(ThreadPoolExecutor.java:1122)
 java.base@17.0.11/java.util.concurrent.ThreadPoolExecutor$Worker.run(ThreadPoolExecutor.java:635)
 java.base@17.0.11/java.lang.Thread.run(Thread.java:842)
2026-05-23T00:15:17.066+01:00  WARN 34880 --- [main] ConfigServletWebServerApplicationContext : Exception encountered during context initialization - cancelling refresh attempt: org.springframework.context.ApplicationContextException: Unable to start web server
2026-05-23T00:15:17.067+01:00  INFO 34880 --- [main] com.zaxxer.hikari.HikariDataSource       : HikariPool-1 - Shutdown initiated...
2026-05-23T00:15:17.084+01:00  INFO 34880 --- [main] com.zaxxer.hikari.HikariDataSource       : HikariPool-1 - Shutdown completed.
2026-05-23T00:15:17.114+01:00  INFO 34880 --- [main] .s.b.a.l.ConditionEvaluationReportLogger : 

Error starting ApplicationContext. To display the condition evaluation report re-run your application with 'debug' enabled.
2026-05-23T00:15:17.164+01:00 ERROR 34880 --- [main] o.s.boot.SpringApplication               : Application run failed

org.springframework.context.ApplicationContextException: Unable to start web server
	at org.springframework.boot.web.servlet.context.ServletWebServerApplicationContext.onRefresh(ServletWebServerApplicationContext.java:165) ~[spring-boot-3.2.0.jar:3.2.0]
	at org.springframework.context.support.AbstractApplicationContext.refresh(AbstractApplicationContext.java:610) ~[spring-context-6.1.1.jar:6.1.1]
	at org.springframework.boot.web.servlet.context.ServletWebServerApplicationContext.refresh(ServletWebServerApplicationContext.java:146) ~[spring-boot-3.2.0.jar:3.2.0]
	at org.springframework.boot.SpringApplication.refresh(SpringApplication.java:753) ~[spring-boot-3.2.0.jar:3.2.0]
	at org.springframework.boot.SpringApplication.refreshContext(SpringApplication.java:455) ~[spring-boot-3.2.0.jar:3.2.0]
	at org.springframework.boot.SpringApplication.run(SpringApplication.java:323) ~[spring-boot-3.2.0.jar:3.2.0]
	at org.springframework.boot.SpringApplication.run(SpringApplication.java:1342) ~[spring-boot-3.2.0.jar:3.2.0]
	at org.springframework.boot.SpringApplication.run(SpringApplication.java:1331) ~[spring-boot-3.2.0.jar:3.2.0]
	at com.middleware.KoinsApplication.main(KoinsApplication.java:9) ~[classes/:na]
Caused by: org.springframework.boot.web.server.WebServerException: Unable to start embedded Tomcat
	at org.springframework.boot.web.embedded.tomcat.TomcatWebServer.initialize(TomcatWebServer.java:142) ~[spring-boot-3.2.0.jar:3.2.0]
	at org.springframework.boot.web.embedded.tomcat.TomcatWebServer.<init>(TomcatWebServer.java:104) ~[spring-boot-3.2.0.jar:3.2.0]
	at org.springframework.boot.web.embedded.tomcat.TomcatServletWebServerFactory.getTomcatWebServer(TomcatServletWebServerFactory.java:501) ~[spring-boot-3.2.0.jar:3.2.0]
	at org.springframework.boot.web.embedded.tomcat.TomcatServletWebServerFactory.getWebServer(TomcatServletWebServerFactory.java:218) ~[spring-boot-3.2.0.jar:3.2.0]
	at org.springframework.boot.web.servlet.context.ServletWebServerApplicationContext.createWebServer(ServletWebServerApplicationContext.java:188) ~[spring-boot-3.2.0.jar:3.2.0]
	at org.springframework.boot.web.servlet.context.ServletWebServerApplicationContext.onRefresh(ServletWebServerApplicationContext.java:162) ~[spring-boot-3.2.0.jar:3.2.0]
	... 8 common frames omitted
Caused by: org.springframework.beans.factory.UnsatisfiedDependencyException: Error creating bean with name 'jwtAuthenticationFilter' defined in file [/Users/gamp/Downloads/koins/target/classes/com/middleware/security/JwtAuthenticationFilter.class]: Unsatisfied dependency expressed through constructor parameter 1: Error creating bean with name 'customUserDetailsService' defined in file [/Users/gamp/Downloads/koins/target/classes/com/middleware/security/CustomUserDetailsService.class]: Unsatisfied dependency expressed through constructor parameter 0: Error creating bean with name 'userRepository' defined in com.middleware.repository.UserRepository defined in @EnableJpaRepositories declared on JpaRepositoriesRegistrar.EnableJpaRepositoriesConfiguration: Cannot resolve reference to bean 'jpaSharedEM_entityManagerFactory' while setting bean property 'entityManager'
	at org.springframework.beans.factory.support.ConstructorResolver.createArgumentArray(ConstructorResolver.java:802) ~[spring-beans-6.1.1.jar:6.1.1]
	at org.springframework.beans.factory.support.ConstructorResolver.autowireConstructor(ConstructorResolver.java:241) ~[spring-beans-6.1.1.jar:6.1.1]
	at org.springframework.beans.factory.support.AbstractAutowireCapableBeanFactory.autowireConstructor(AbstractAutowireCapableBeanFactory.java:1356) ~[spring-beans-6.1.1.jar:6.1.1]
	at org.springframework.beans.factory.support.AbstractAutowireCapableBeanFactory.createBeanInstance(AbstractAutowireCapableBeanFactory.java:1193) ~[spring-beans-6.1.1.jar:6.1.1]
	at org.springframework.beans.factory.support.AbstractAutowireCapableBeanFactory.doCreateBean(AbstractAutowireCapableBeanFactory.java:563) ~[spring-beans-6.1.1.jar:6.1.1]
	at org.springframework.beans.factory.support.AbstractAutowireCapableBeanFactory.createBean(AbstractAutowireCapableBeanFactory.java:523) ~[spring-beans-6.1.1.jar:6.1.1]
	at org.springframework.beans.factory.support.AbstractBeanFactory.lambda$doGetBean$0(AbstractBeanFactory.java:325) ~[spring-beans-6.1.1.jar:6.1.1]
	at org.springframework.beans.factory.support.DefaultSingletonBeanRegistry.getSingleton(DefaultSingletonBeanRegistry.java:234) ~[spring-beans-6.1.1.jar:6.1.1]
	at org.springframework.beans.factory.support.AbstractBeanFactory.doGetBean(AbstractBeanFactory.java:323) ~[spring-beans-6.1.1.jar:6.1.1]
	at org.springframework.beans.factory.support.AbstractBeanFactory.getBean(AbstractBeanFactory.java:204) ~[spring-beans-6.1.1.jar:6.1.1]
	at org.springframework.boot.web.servlet.ServletContextInitializerBeans.getOrderedBeansOfType(ServletContextInitializerBeans.java:210) ~[spring-boot-3.2.0.jar:3.2.0]
	at org.springframework.boot.web.servlet.ServletContextInitializerBeans.addAsRegistrationBean(ServletContextInitializerBeans.java:173) ~[spring-boot-3.2.0.jar:3.2.0]
	at org.springframework.boot.web.servlet.ServletContextInitializerBeans.addAsRegistrationBean(ServletContextInitializerBeans.java:168) ~[spring-boot-3.2.0.jar:3.2.0]
	at org.springframework.boot.web.servlet.ServletContextInitializerBeans.addAdaptableBeans(ServletContextInitializerBeans.java:153) ~[spring-boot-3.2.0.jar:3.2.0]
	at org.springframework.boot.web.servlet.ServletContextInitializerBeans.<init>(ServletContextInitializerBeans.java:86) ~[spring-boot-3.2.0.jar:3.2.0]
	at org.springframework.boot.web.servlet.context.ServletWebServerApplicationContext.getServletContextInitializerBeans(ServletWebServerApplicationContext.java:266) ~[spring-boot-3.2.0.jar:3.2.0]
	at org.springframework.boot.web.servlet.context.ServletWebServerApplicationContext.selfInitialize(ServletWebServerApplicationContext.java:240) ~[spring-boot-3.2.0.jar:3.2.0]
	at org.springframework.boot.web.embedded.tomcat.TomcatStarter.onStartup(TomcatStarter.java:52) ~[spring-boot-3.2.0.jar:3.2.0]
	at org.apache.catalina.core.StandardContext.startInternal(StandardContext.java:4850) ~[tomcat-embed-core-10.1.16.jar:10.1.16]
	at org.apache.catalina.util.LifecycleBase.start(LifecycleBase.java:171) ~[tomcat-embed-core-10.1.16.jar:10.1.16]
	at org.apache.catalina.core.ContainerBase$StartChild.call(ContainerBase.java:1332) ~[tomcat-embed-core-10.1.16.jar:10.1.16]
	at org.apache.catalina.core.ContainerBase$StartChild.call(ContainerBase.java:1322) ~[tomcat-embed-core-10.1.16.jar:10.1.16]
	at java.base/java.util.concurrent.FutureTask.run(FutureTask.java:264) ~[na:na]
	at org.apache.tomcat.util.threads.InlineExecutorService.execute(InlineExecutorService.java:75) ~[tomcat-embed-core-10.1.16.jar:10.1.16]
	at java.base/java.util.concurrent.AbstractExecutorService.submit(AbstractExecutorService.java:145) ~[na:na]
	at org.apache.catalina.core.ContainerBase.startInternal(ContainerBase.java:866) ~[tomcat-embed-core-10.1.16.jar:10.1.16]
	at org.apache.catalina.core.StandardHost.startInternal(StandardHost.java:845) ~[tomcat-embed-core-10.1.16.jar:10.1.16]
	at org.apache.catalina.util.LifecycleBase.start(LifecycleBase.java:171) ~[tomcat-embed-core-10.1.16.jar:10.1.16]
	at org.apache.catalina.core.ContainerBase$StartChild.call(ContainerBase.java:1332) ~[tomcat-embed-core-10.1.16.jar:10.1.16]
	at org.apache.catalina.core.ContainerBase$StartChild.call(ContainerBase.java:1322) ~[tomcat-embed-core-10.1.16.jar:10.1.16]
	at java.base/java.util.concurrent.FutureTask.run(FutureTask.java:264) ~[na:na]
	at org.apache.tomcat.util.threads.InlineExecutorService.execute(InlineExecutorService.java:75) ~[tomcat-embed-core-10.1.16.jar:10.1.16]
	at java.base/java.util.concurrent.AbstractExecutorService.submit(AbstractExecutorService.java:145) ~[na:na]
	at org.apache.catalina.core.ContainerBase.startInternal(ContainerBase.java:866) ~[tomcat-embed-core-10.1.16.jar:10.1.16]
	at org.apache.catalina.core.StandardEngine.startInternal(StandardEngine.java:240) ~[tomcat-embed-core-10.1.16.jar:10.1.16]
	at org.apache.catalina.util.LifecycleBase.start(LifecycleBase.java:171) ~[tomcat-embed-core-10.1.16.jar:10.1.16]
	at org.apache.catalina.core.StandardService.startInternal(StandardService.java:433) ~[tomcat-embed-core-10.1.16.jar:10.1.16]
	at org.apache.catalina.util.LifecycleBase.start(LifecycleBase.java:171) ~[tomcat-embed-core-10.1.16.jar:10.1.16]
	at org.apache.catalina.core.StandardServer.startInternal(StandardServer.java:917) ~[tomcat-embed-core-10.1.16.jar:10.1.16]
	at org.apache.catalina.util.LifecycleBase.start(LifecycleBase.java:171) ~[tomcat-embed-core-10.1.16.jar:10.1.16]
	at org.apache.catalina.startup.Tomcat.start(Tomcat.java:488) ~[tomcat-embed-core-10.1.16.jar:10.1.16]
	at org.springframework.boot.web.embedded.tomcat.TomcatWebServer.initialize(TomcatWebServer.java:123) ~[spring-boot-3.2.0.jar:3.2.0]
	... 13 common frames omitted
Caused by: org.springframework.beans.factory.UnsatisfiedDependencyException: Error creating bean with name 'customUserDetailsService' defined in file [/Users/gamp/Downloads/koins/target/classes/com/middleware/security/CustomUserDetailsService.class]: Unsatisfied dependency expressed through constructor parameter 0: Error creating bean with name 'userRepository' defined in com.middleware.repository.UserRepository defined in @EnableJpaRepositories declared on JpaRepositoriesRegistrar.EnableJpaRepositoriesConfiguration: Cannot resolve reference to bean 'jpaSharedEM_entityManagerFactory' while setting bean property 'entityManager'
	at org.springframework.beans.factory.support.ConstructorResolver.createArgumentArray(ConstructorResolver.java:802) ~[spring-beans-6.1.1.jar:6.1.1]
	at org.springframework.beans.factory.support.ConstructorResolver.autowireConstructor(ConstructorResolver.java:241) ~[spring-beans-6.1.1.jar:6.1.1]
	at org.springframework.beans.factory.support.AbstractAutowireCapableBeanFactory.autowireConstructor(AbstractAutowireCapableBeanFactory.java:1356) ~[spring-beans-6.1.1.jar:6.1.1]
	at org.springframework.beans.factory.support.AbstractAutowireCapableBeanFactory.createBeanInstance(AbstractAutowireCapableBeanFactory.java:1193) ~[spring-beans-6.1.1.jar:6.1.1]
	at org.springframework.beans.factory.support.AbstractAutowireCapableBeanFactory.doCreateBean(AbstractAutowireCapableBeanFactory.java:563) ~[spring-beans-6.1.1.jar:6.1.1]
	at org.springframework.beans.factory.support.AbstractAutowireCapableBeanFactory.createBean(AbstractAutowireCapableBeanFactory.java:523) ~[spring-beans-6.1.1.jar:6.1.1]
	at org.springframework.beans.factory.support.AbstractBeanFactory.lambda$doGetBean$0(AbstractBeanFactory.java:325) ~[spring-beans-6.1.1.jar:6.1.1]
	at org.springframework.beans.factory.support.DefaultSingletonBeanRegistry.getSingleton(DefaultSingletonBeanRegistry.java:234) ~[spring-beans-6.1.1.jar:6.1.1]
	at org.springframework.beans.factory.support.AbstractBeanFactory.doGetBean(AbstractBeanFactory.java:323) ~[spring-beans-6.1.1.jar:6.1.1]
	at org.springframework.beans.factory.support.AbstractBeanFactory.getBean(AbstractBeanFactory.java:199) ~[spring-beans-6.1.1.jar:6.1.1]
	at org.springframework.beans.factory.config.DependencyDescriptor.resolveCandidate(DependencyDescriptor.java:254) ~[spring-beans-6.1.1.jar:6.1.1]
	at org.springframework.beans.factory.support.DefaultListableBeanFactory.doResolveDependency(DefaultListableBeanFactory.java:1441) ~[spring-beans-6.1.1.jar:6.1.1]
	at org.springframework.beans.factory.support.DefaultListableBeanFactory.resolveDependency(DefaultListableBeanFactory.java:1348) ~[spring-beans-6.1.1.jar:6.1.1]
	at org.springframework.beans.factory.support.ConstructorResolver.resolveAutowiredArgument(ConstructorResolver.java:911) ~[spring-beans-6.1.1.jar:6.1.1]
	at org.springframework.beans.factory.support.ConstructorResolver.createArgumentArray(ConstructorResolver.java:789) ~[spring-beans-6.1.1.jar:6.1.1]
	... 54 common frames omitted
Caused by: org.springframework.beans.factory.BeanCreationException: Error creating bean with name 'userRepository' defined in com.middleware.repository.UserRepository defined in @EnableJpaRepositories declared on JpaRepositoriesRegistrar.EnableJpaRepositoriesConfiguration: Cannot resolve reference to bean 'jpaSharedEM_entityManagerFactory' while setting bean property 'entityManager'
	at org.springframework.beans.factory.support.BeanDefinitionValueResolver.resolveReference(BeanDefinitionValueResolver.java:377) ~[spring-beans-6.1.1.jar:6.1.1]
	at org.springframework.beans.factory.support.BeanDefinitionValueResolver.resolveValueIfNecessary(BeanDefinitionValueResolver.java:135) ~[spring-beans-6.1.1.jar:6.1.1]
	at org.springframework.beans.factory.support.AbstractAutowireCapableBeanFactory.applyPropertyValues(AbstractAutowireCapableBeanFactory.java:1686) ~[spring-beans-6.1.1.jar:6.1.1]
	at org.springframework.beans.factory.support.AbstractAutowireCapableBeanFactory.populateBean(AbstractAutowireCapableBeanFactory.java:1435) ~[spring-beans-6.1.1.jar:6.1.1]
	at org.springframework.beans.factory.support.AbstractAutowireCapableBeanFactory.doCreateBean(AbstractAutowireCapableBeanFactory.java:600) ~[spring-beans-6.1.1.jar:6.1.1]
	at org.springframework.beans.factory.support.AbstractAutowireCapableBeanFactory.createBean(AbstractAutowireCapableBeanFactory.java:523) ~[spring-beans-6.1.1.jar:6.1.1]
	at org.springframework.beans.factory.support.AbstractBeanFactory.lambda$doGetBean$0(AbstractBeanFactory.java:325) ~[spring-beans-6.1.1.jar:6.1.1]
	at org.springframework.beans.factory.support.DefaultSingletonBeanRegistry.getSingleton(DefaultSingletonBeanRegistry.java:234) ~[spring-beans-6.1.1.jar:6.1.1]
	at org.springframework.beans.factory.support.AbstractBeanFactory.doGetBean(AbstractBeanFactory.java:323) ~[spring-beans-6.1.1.jar:6.1.1]
	at org.springframework.beans.factory.support.AbstractBeanFactory.getBean(AbstractBeanFactory.java:199) ~[spring-beans-6.1.1.jar:6.1.1]
	at org.springframework.beans.factory.config.DependencyDescriptor.resolveCandidate(DependencyDescriptor.java:254) ~[spring-beans-6.1.1.jar:6.1.1]
	at org.springframework.beans.factory.support.DefaultListableBeanFactory.doResolveDependency(DefaultListableBeanFactory.java:1441) ~[spring-beans-6.1.1.jar:6.1.1]
	at org.springframework.beans.factory.support.DefaultListableBeanFactory.resolveDependency(DefaultListableBeanFactory.java:1348) ~[spring-beans-6.1.1.jar:6.1.1]
	at org.springframework.beans.factory.support.ConstructorResolver.resolveAutowiredArgument(ConstructorResolver.java:911) ~[spring-beans-6.1.1.jar:6.1.1]
	at org.springframework.beans.factory.support.ConstructorResolver.createArgumentArray(ConstructorResolver.java:789) ~[spring-beans-6.1.1.jar:6.1.1]
	... 68 common frames omitted
Caused by: org.springframework.beans.factory.BeanCreationException: Error creating bean with name 'jpaSharedEM_entityManagerFactory': Cannot resolve reference to bean 'entityManagerFactory' while setting constructor argument
	at org.springframework.beans.factory.support.BeanDefinitionValueResolver.resolveReference(BeanDefinitionValueResolver.java:377) ~[spring-beans-6.1.1.jar:6.1.1]
	at org.springframework.beans.factory.support.BeanDefinitionValueResolver.resolveValueIfNecessary(BeanDefinitionValueResolver.java:135) ~[spring-beans-6.1.1.jar:6.1.1]
	at org.springframework.beans.factory.support.ConstructorResolver.resolveConstructorArguments(ConstructorResolver.java:689) ~[spring-beans-6.1.1.jar:6.1.1]
	at org.springframework.beans.factory.support.ConstructorResolver.instantiateUsingFactoryMethod(ConstructorResolver.java:513) ~[spring-beans-6.1.1.jar:6.1.1]
	at org.springframework.beans.factory.support.AbstractAutowireCapableBeanFactory.instantiateUsingFactoryMethod(AbstractAutowireCapableBeanFactory.java:1336) ~[spring-beans-6.1.1.jar:6.1.1]
	at org.springframework.beans.factory.support.AbstractAutowireCapableBeanFactory.createBeanInstance(AbstractAutowireCapableBeanFactory.java:1166) ~[spring-beans-6.1.1.jar:6.1.1]
	at org.springframework.beans.factory.support.AbstractAutowireCapableBeanFactory.doCreateBean(AbstractAutowireCapableBeanFactory.java:563) ~[spring-beans-6.1.1.jar:6.1.1]
	at org.springframework.beans.factory.support.AbstractAutowireCapableBeanFactory.createBean(AbstractAutowireCapableBeanFactory.java:523) ~[spring-beans-6.1.1.jar:6.1.1]
	at org.springframework.beans.factory.support.AbstractBeanFactory.lambda$doGetBean$0(AbstractBeanFactory.java:325) ~[spring-beans-6.1.1.jar:6.1.1]
	at org.springframework.beans.factory.support.DefaultSingletonBeanRegistry.getSingleton(DefaultSingletonBeanRegistry.java:234) ~[spring-beans-6.1.1.jar:6.1.1]
	at org.springframework.beans.factory.support.AbstractBeanFactory.doGetBean(AbstractBeanFactory.java:323) ~[spring-beans-6.1.1.jar:6.1.1]
	at org.springframework.beans.factory.support.AbstractBeanFactory.getBean(AbstractBeanFactory.java:199) ~[spring-beans-6.1.1.jar:6.1.1]
	at org.springframework.beans.factory.support.BeanDefinitionValueResolver.resolveReference(BeanDefinitionValueResolver.java:365) ~[spring-beans-6.1.1.jar:6.1.1]
	... 82 common frames omitted
Caused by: org.springframework.beans.factory.BeanCreationException: Error creating bean with name 'flywayInitializer' defined in class path resource [org/springframework/boot/autoconfigure/flyway/FlywayAutoConfiguration$FlywayConfiguration.class]: Migration V2__seed_admin_user.sql failed
----------------------------------------
SQL State  : 42S22
Error Code : 1054
Message    : Unknown column 'otp_action' in 'field list'
Location   : db/V2__seed_admin_user.sql (/Users/gamp/Downloads/koins/target/classes/db/V2__seed_admin_user.sql)
Line       : 5
Statement  : -- ============================================================
-- V2 — Seed admin user
-- Password: Admin@123 (BCrypt encoded)
-- ============================================================
INSERT INTO users (id, full_name, email, phone_number, password, account_status, otp_action, role, email_verified)
VALUES (
    UUID(),
    'KOINS Admin',
    'admin@koins.com',
    '08000000000',
    '$2a$12$N.Zjv3eOdLy6dqGe0r5H9OyXhzolUhd5z5kmLH7ehlScA5B29d0d6',
    'ACTIVE',
    'EMAIL_VERIFICATION',
    'ADMIN',
    1
)
ON DUPLICATE KEY UPDATE email = email

	at org.springframework.beans.factory.support.AbstractAutowireCapableBeanFactory.initializeBean(AbstractAutowireCapableBeanFactory.java:1775) ~[spring-beans-6.1.1.jar:6.1.1]
	at org.springframework.beans.factory.support.AbstractAutowireCapableBeanFactory.doCreateBean(AbstractAutowireCapableBeanFactory.java:601) ~[spring-beans-6.1.1.jar:6.1.1]
	at org.springframework.beans.factory.support.AbstractAutowireCapableBeanFactory.createBean(AbstractAutowireCapableBeanFactory.java:523) ~[spring-beans-6.1.1.jar:6.1.1]
	at org.springframework.beans.factory.support.AbstractBeanFactory.lambda$doGetBean$0(AbstractBeanFactory.java:325) ~[spring-beans-6.1.1.jar:6.1.1]
	at org.springframework.beans.factory.support.DefaultSingletonBeanRegistry.getSingleton(DefaultSingletonBeanRegistry.java:234) ~[spring-beans-6.1.1.jar:6.1.1]
	at org.springframework.beans.factory.support.AbstractBeanFactory.doGetBean(AbstractBeanFactory.java:323) ~[spring-beans-6.1.1.jar:6.1.1]
	at org.springframework.beans.factory.support.AbstractBeanFactory.getBean(AbstractBeanFactory.java:199) ~[spring-beans-6.1.1.jar:6.1.1]
	at org.springframework.beans.factory.support.AbstractBeanFactory.doGetBean(AbstractBeanFactory.java:312) ~[spring-beans-6.1.1.jar:6.1.1]
	at org.springframework.beans.factory.support.AbstractBeanFactory.getBean(AbstractBeanFactory.java:199) ~[spring-beans-6.1.1.jar:6.1.1]
	at org.springframework.beans.factory.support.BeanDefinitionValueResolver.resolveReference(BeanDefinitionValueResolver.java:365) ~[spring-beans-6.1.1.jar:6.1.1]
	... 94 common frames omitted
Caused by: org.flywaydb.core.internal.command.DbMigrate$FlywayMigrateException: Migration V2__seed_admin_user.sql failed
----------------------------------------
SQL State  : 42S22
Error Code : 1054
Message    : Unknown column 'otp_action' in 'field list'
Location   : db/V2__seed_admin_user.sql (/Users/gamp/Downloads/koins/target/classes/db/V2__seed_admin_user.sql)
Line       : 5
Statement  : -- ============================================================
-- V2 — Seed admin user
-- Password: Admin@123 (BCrypt encoded)
-- ============================================================
INSERT INTO users (id, full_name, email, phone_number, password, account_status, otp_action, role, email_verified)
VALUES (
    UUID(),
    'KOINS Admin',
    'admin@koins.com',
    '08000000000',
    '$2a$12$N.Zjv3eOdLy6dqGe0r5H9OyXhzolUhd5z5kmLH7ehlScA5B29d0d6',
    'ACTIVE',
    'EMAIL_VERIFICATION',
    'ADMIN',
    1
)
ON DUPLICATE KEY UPDATE email = email

	at org.flywaydb.core.internal.command.DbMigrate.doMigrateGroup(DbMigrate.java:382) ~[flyway-core-9.22.3.jar:na]
	at org.flywaydb.core.internal.command.DbMigrate.lambda$applyMigrations$1(DbMigrate.java:272) ~[flyway-core-9.22.3.jar:na]
	at org.flywaydb.core.internal.jdbc.TransactionalExecutionTemplate.execute(TransactionalExecutionTemplate.java:55) ~[flyway-core-9.22.3.jar:na]
	at org.flywaydb.core.internal.command.DbMigrate.applyMigrations(DbMigrate.java:271) ~[flyway-core-9.22.3.jar:na]
	at org.flywaydb.core.internal.command.DbMigrate.migrateGroup(DbMigrate.java:244) ~[flyway-core-9.22.3.jar:na]
	at org.flywaydb.core.internal.command.DbMigrate.lambda$migrateAll$0(DbMigrate.java:139) ~[flyway-core-9.22.3.jar:na]
	at org.flywaydb.database.mysql.MySQLNamedLockTemplate.execute(MySQLNamedLockTemplate.java:58) ~[flyway-mysql-9.22.3.jar:na]
	at org.flywaydb.database.mysql.MySQLConnection.lock(MySQLConnection.java:152) ~[flyway-mysql-9.22.3.jar:na]
	at org.flywaydb.core.internal.schemahistory.JdbcTableSchemaHistory.lock(JdbcTableSchemaHistory.java:144) ~[flyway-core-9.22.3.jar:na]
	at org.flywaydb.core.internal.command.DbMigrate.migrateAll(DbMigrate.java:139) ~[flyway-core-9.22.3.jar:na]
	at org.flywaydb.core.internal.command.DbMigrate.migrate(DbMigrate.java:97) ~[flyway-core-9.22.3.jar:na]
	at org.flywaydb.core.Flyway.lambda$migrate$0(Flyway.java:188) ~[flyway-core-9.22.3.jar:na]
	at org.flywaydb.core.FlywayExecutor.execute(FlywayExecutor.java:213) ~[flyway-core-9.22.3.jar:na]
	at org.flywaydb.core.Flyway.migrate(Flyway.java:140) ~[flyway-core-9.22.3.jar:na]
	at org.springframework.boot.autoconfigure.flyway.FlywayMigrationInitializer.afterPropertiesSet(FlywayMigrationInitializer.java:66) ~[spring-boot-autoconfigure-3.2.0.jar:3.2.0]
	at org.springframework.beans.factory.support.AbstractAutowireCapableBeanFactory.invokeInitMethods(AbstractAutowireCapableBeanFactory.java:1822) ~[spring-beans-6.1.1.jar:6.1.1]
	at org.springframework.beans.factory.support.AbstractAutowireCapableBeanFactory.initializeBean(AbstractAutowireCapableBeanFactory.java:1771) ~[spring-beans-6.1.1.jar:6.1.1]
	... 103 common frames omitted
Caused by: org.flywaydb.core.internal.sqlscript.FlywaySqlScriptException: Migration V2__seed_admin_user.sql failed
----------------------------------------
SQL State  : 42S22
Error Code : 1054
Message    : Unknown column 'otp_action' in 'field list'
Location   : db/V2__seed_admin_user.sql (/Users/gamp/Downloads/koins/target/classes/db/V2__seed_admin_user.sql)
Line       : 5
Statement  : -- ============================================================
-- V2 — Seed admin user
-- Password: Admin@123 (BCrypt encoded)
-- ============================================================
INSERT INTO users (id, full_name, email, phone_number, password, account_status, otp_action, role, email_verified)
VALUES (
    UUID(),
    'KOINS Admin',
    'admin@koins.com',
    '08000000000',
    '$2a$12$N.Zjv3eOdLy6dqGe0r5H9OyXhzolUhd5z5kmLH7ehlScA5B29d0d6',
    'ACTIVE',
    'EMAIL_VERIFICATION',
    'ADMIN',
    1
)
ON DUPLICATE KEY UPDATE email = email

	at org.flywaydb.core.internal.sqlscript.DefaultSqlScriptExecutor.handleException(DefaultSqlScriptExecutor.java:267) ~[flyway-core-9.22.3.jar:na]
	at org.flywaydb.core.internal.sqlscript.DefaultSqlScriptExecutor.executeStatement(DefaultSqlScriptExecutor.java:222) ~[flyway-core-9.22.3.jar:na]
	at org.flywaydb.core.internal.sqlscript.DefaultSqlScriptExecutor.execute(DefaultSqlScriptExecutor.java:126) ~[flyway-core-9.22.3.jar:na]
	at org.flywaydb.core.internal.resolver.sql.SqlMigrationExecutor.executeOnce(SqlMigrationExecutor.java:68) ~[flyway-core-9.22.3.jar:na]
	at org.flywaydb.core.internal.resolver.sql.SqlMigrationExecutor.lambda$execute$0(SqlMigrationExecutor.java:57) ~[flyway-core-9.22.3.jar:na]
	at org.flywaydb.core.internal.database.DefaultExecutionStrategy.execute(DefaultExecutionStrategy.java:27) ~[flyway-core-9.22.3.jar:na]
	at org.flywaydb.core.internal.resolver.sql.SqlMigrationExecutor.execute(SqlMigrationExecutor.java:56) ~[flyway-core-9.22.3.jar:na]
	at org.flywaydb.core.internal.command.DbMigrate.doMigrateGroup(DbMigrate.java:374) ~[flyway-core-9.22.3.jar:na]
	... 119 common frames omitted
Caused by: java.sql.SQLSyntaxErrorException: Unknown column 'otp_action' in 'field list'
	at com.mysql.cj.jdbc.exceptions.SQLError.createSQLException(SQLError.java:121) ~[mysql-connector-j-8.1.0.jar:8.1.0]
	at com.mysql.cj.jdbc.exceptions.SQLExceptionsMapping.translateException(SQLExceptionsMapping.java:122) ~[mysql-connector-j-8.1.0.jar:8.1.0]
	at com.mysql.cj.jdbc.StatementImpl.executeInternal(StatementImpl.java:763) ~[mysql-connector-j-8.1.0.jar:8.1.0]
	at com.mysql.cj.jdbc.StatementImpl.execute(StatementImpl.java:648) ~[mysql-connector-j-8.1.0.jar:8.1.0]
	at com.zaxxer.hikari.pool.ProxyStatement.execute(ProxyStatement.java:94) ~[HikariCP-5.0.1.jar:na]
	at com.zaxxer.hikari.pool.HikariProxyStatement.execute(HikariProxyStatement.java) ~[HikariCP-5.0.1.jar:na]
	at org.flywaydb.core.internal.jdbc.JdbcTemplate.executeStatement(JdbcTemplate.java:201) ~[flyway-core-9.22.3.jar:na]
	at org.flywaydb.core.internal.sqlscript.ParsedSqlStatement.execute(ParsedSqlStatement.java:95) ~[flyway-core-9.22.3.jar:na]
	at org.flywaydb.core.internal.sqlscript.DefaultSqlScriptExecutor.executeStatement(DefaultSqlScriptExecutor.java:210) ~[flyway-core-9.22.3.jar:na]
	... 125 common frames omitted

2026-05-23T00:22:37.029+01:00  INFO 36255 --- [main] com.middleware.KoinsApplication          : Starting KoinsApplication using Java 17.0.11 with PID 36255 (/Users/gamp/Downloads/koins/target/classes started by gamp in /Users/gamp/Downloads/koins)
2026-05-23T00:22:37.036+01:00  INFO 36255 --- [main] com.middleware.KoinsApplication          : No active profile set, falling back to 1 default profile: "default"
2026-05-23T00:22:39.622+01:00  INFO 36255 --- [main] .s.d.r.c.RepositoryConfigurationDelegate : Bootstrapping Spring Data JPA repositories in DEFAULT mode.
2026-05-23T00:22:40.151+01:00  INFO 36255 --- [main] .s.d.r.c.RepositoryConfigurationDelegate : Finished Spring Data repository scanning in 510 ms. Found 6 JPA repository interfaces.
2026-05-23T00:22:42.068+01:00  INFO 36255 --- [main] o.s.b.w.embedded.tomcat.TomcatWebServer  : Tomcat initialized with port 8080 (http)
2026-05-23T00:22:42.092+01:00  INFO 36255 --- [main] o.apache.catalina.core.StandardService   : Starting service [Tomcat]
2026-05-23T00:22:42.092+01:00  INFO 36255 --- [main] o.apache.catalina.core.StandardEngine    : Starting Servlet engine: [Apache Tomcat/10.1.16]
2026-05-23T00:22:42.294+01:00  INFO 36255 --- [main] o.a.c.c.C.[Tomcat].[localhost].[/]       : Initializing Spring embedded WebApplicationContext
2026-05-23T00:22:42.295+01:00  INFO 36255 --- [main] w.s.c.ServletWebServerApplicationContext : Root WebApplicationContext: initialization completed in 5143 ms
2026-05-23T00:22:42.536+01:00  INFO 36255 --- [main] com.zaxxer.hikari.HikariDataSource       : HikariPool-1 - Starting...
2026-05-23T00:22:42.946+01:00  INFO 36255 --- [main] com.zaxxer.hikari.pool.HikariPool        : HikariPool-1 - Added connection com.mysql.cj.jdbc.ConnectionImpl@11e834ad
2026-05-23T00:22:42.951+01:00  INFO 36255 --- [main] com.zaxxer.hikari.HikariDataSource       : HikariPool-1 - Start completed.
2026-05-23T00:22:43.220+01:00  INFO 36255 --- [main] o.f.c.internal.license.VersionPrinter    : Flyway Community Edition 9.22.3 by Redgate
2026-05-23T00:22:43.220+01:00  INFO 36255 --- [main] o.f.c.internal.license.VersionPrinter    : See release notes here: https://rd.gt/416ObMi
2026-05-23T00:22:43.220+01:00  INFO 36255 --- [main] o.f.c.internal.license.VersionPrinter    : 
2026-05-23T00:22:43.241+01:00  INFO 36255 --- [main] o.f.c.i.resource.ResourceNameValidator   : 1 SQL migrations were detected but not run because they did not follow the filename convention.
2026-05-23T00:22:43.241+01:00  INFO 36255 --- [main] o.f.c.i.resource.ResourceNameValidator   : Set 'validateMigrationNaming' to true to fail fast and see a list of the invalid file names.
2026-05-23T00:22:43.289+01:00  INFO 36255 --- [main] org.flywaydb.core.FlywayExecutor         : Database: jdbc:mysql://localhost:3306/koins_db (MySQL 8.0)
2026-05-23T00:22:43.401+01:00 ERROR 36255 --- [main] o.s.b.web.embedded.tomcat.TomcatStarter  : Error starting Tomcat context. Exception: org.springframework.beans.factory.UnsatisfiedDependencyException. Message: Error creating bean with name 'jwtAuthenticationFilter' defined in file [/Users/gamp/Downloads/koins/target/classes/com/middleware/security/JwtAuthenticationFilter.class]: Unsatisfied dependency expressed through constructor parameter 1: Error creating bean with name 'customUserDetailsService' defined in file [/Users/gamp/Downloads/koins/target/classes/com/middleware/security/CustomUserDetailsService.class]: Unsatisfied dependency expressed through constructor parameter 0: Error creating bean with name 'userRepository' defined in com.middleware.repository.UserRepository defined in @EnableJpaRepositories declared on JpaRepositoriesRegistrar.EnableJpaRepositoriesConfiguration: Cannot resolve reference to bean 'jpaSharedEM_entityManagerFactory' while setting bean property 'entityManager'
2026-05-23T00:22:43.496+01:00  INFO 36255 --- [main] o.apache.catalina.core.StandardService   : Stopping service [Tomcat]
2026-05-23T00:22:43.506+01:00  WARN 36255 --- [main] o.a.c.loader.WebappClassLoaderBase       : The web application [ROOT] appears to have started a thread named [HikariPool-1 housekeeper] but has failed to stop it. This is very likely to create a memory leak. Stack trace of thread:
 java.base@17.0.11/jdk.internal.misc.Unsafe.park(Native Method)
 java.base@17.0.11/java.util.concurrent.locks.LockSupport.parkNanos(LockSupport.java:252)
 java.base@17.0.11/java.util.concurrent.locks.AbstractQueuedSynchronizer$ConditionObject.awaitNanos(AbstractQueuedSynchronizer.java:1672)
 java.base@17.0.11/java.util.concurrent.ScheduledThreadPoolExecutor$DelayedWorkQueue.take(ScheduledThreadPoolExecutor.java:1182)
 java.base@17.0.11/java.util.concurrent.ScheduledThreadPoolExecutor$DelayedWorkQueue.take(ScheduledThreadPoolExecutor.java:899)
 java.base@17.0.11/java.util.concurrent.ThreadPoolExecutor.getTask(ThreadPoolExecutor.java:1062)
 java.base@17.0.11/java.util.concurrent.ThreadPoolExecutor.runWorker(ThreadPoolExecutor.java:1122)
 java.base@17.0.11/java.util.concurrent.ThreadPoolExecutor$Worker.run(ThreadPoolExecutor.java:635)
 java.base@17.0.11/java.lang.Thread.run(Thread.java:842)
2026-05-23T00:22:43.507+01:00  WARN 36255 --- [main] o.a.c.loader.WebappClassLoaderBase       : The web application [ROOT] appears to have started a thread named [HikariPool-1 connection adder] but has failed to stop it. This is very likely to create a memory leak. Stack trace of thread:
 java.base@17.0.11/jdk.internal.misc.Unsafe.park(Native Method)
 java.base@17.0.11/java.util.concurrent.locks.LockSupport.parkNanos(LockSupport.java:252)
 java.base@17.0.11/java.util.concurrent.locks.AbstractQueuedSynchronizer$ConditionObject.awaitNanos(AbstractQueuedSynchronizer.java:1672)
 java.base@17.0.11/java.util.concurrent.LinkedBlockingQueue.poll(LinkedBlockingQueue.java:460)
 java.base@17.0.11/java.util.concurrent.ThreadPoolExecutor.getTask(ThreadPoolExecutor.java:1061)
 java.base@17.0.11/java.util.concurrent.ThreadPoolExecutor.runWorker(ThreadPoolExecutor.java:1122)
 java.base@17.0.11/java.util.concurrent.ThreadPoolExecutor$Worker.run(ThreadPoolExecutor.java:635)
 java.base@17.0.11/java.lang.Thread.run(Thread.java:842)
2026-05-23T00:22:43.516+01:00  WARN 36255 --- [main] ConfigServletWebServerApplicationContext : Exception encountered during context initialization - cancelling refresh attempt: org.springframework.context.ApplicationContextException: Unable to start web server
2026-05-23T00:22:43.517+01:00  INFO 36255 --- [main] com.zaxxer.hikari.HikariDataSource       : HikariPool-1 - Shutdown initiated...
2026-05-23T00:22:43.539+01:00  INFO 36255 --- [main] com.zaxxer.hikari.HikariDataSource       : HikariPool-1 - Shutdown completed.
2026-05-23T00:22:43.558+01:00  INFO 36255 --- [main] .s.b.a.l.ConditionEvaluationReportLogger : 

Error starting ApplicationContext. To display the condition evaluation report re-run your application with 'debug' enabled.
2026-05-23T00:22:43.600+01:00 ERROR 36255 --- [main] o.s.boot.SpringApplication               : Application run failed

org.springframework.context.ApplicationContextException: Unable to start web server
	at org.springframework.boot.web.servlet.context.ServletWebServerApplicationContext.onRefresh(ServletWebServerApplicationContext.java:165) ~[spring-boot-3.2.0.jar:3.2.0]
	at org.springframework.context.support.AbstractApplicationContext.refresh(AbstractApplicationContext.java:610) ~[spring-context-6.1.1.jar:6.1.1]
	at org.springframework.boot.web.servlet.context.ServletWebServerApplicationContext.refresh(ServletWebServerApplicationContext.java:146) ~[spring-boot-3.2.0.jar:3.2.0]
	at org.springframework.boot.SpringApplication.refresh(SpringApplication.java:753) ~[spring-boot-3.2.0.jar:3.2.0]
	at org.springframework.boot.SpringApplication.refreshContext(SpringApplication.java:455) ~[spring-boot-3.2.0.jar:3.2.0]
	at org.springframework.boot.SpringApplication.run(SpringApplication.java:323) ~[spring-boot-3.2.0.jar:3.2.0]
	at org.springframework.boot.SpringApplication.run(SpringApplication.java:1342) ~[spring-boot-3.2.0.jar:3.2.0]
	at org.springframework.boot.SpringApplication.run(SpringApplication.java:1331) ~[spring-boot-3.2.0.jar:3.2.0]
	at com.middleware.KoinsApplication.main(KoinsApplication.java:9) ~[classes/:na]
Caused by: org.springframework.boot.web.server.WebServerException: Unable to start embedded Tomcat
	at org.springframework.boot.web.embedded.tomcat.TomcatWebServer.initialize(TomcatWebServer.java:142) ~[spring-boot-3.2.0.jar:3.2.0]
	at org.springframework.boot.web.embedded.tomcat.TomcatWebServer.<init>(TomcatWebServer.java:104) ~[spring-boot-3.2.0.jar:3.2.0]
	at org.springframework.boot.web.embedded.tomcat.TomcatServletWebServerFactory.getTomcatWebServer(TomcatServletWebServerFactory.java:501) ~[spring-boot-3.2.0.jar:3.2.0]
	at org.springframework.boot.web.embedded.tomcat.TomcatServletWebServerFactory.getWebServer(TomcatServletWebServerFactory.java:218) ~[spring-boot-3.2.0.jar:3.2.0]
	at org.springframework.boot.web.servlet.context.ServletWebServerApplicationContext.createWebServer(ServletWebServerApplicationContext.java:188) ~[spring-boot-3.2.0.jar:3.2.0]
	at org.springframework.boot.web.servlet.context.ServletWebServerApplicationContext.onRefresh(ServletWebServerApplicationContext.java:162) ~[spring-boot-3.2.0.jar:3.2.0]
	... 8 common frames omitted
Caused by: org.springframework.beans.factory.UnsatisfiedDependencyException: Error creating bean with name 'jwtAuthenticationFilter' defined in file [/Users/gamp/Downloads/koins/target/classes/com/middleware/security/JwtAuthenticationFilter.class]: Unsatisfied dependency expressed through constructor parameter 1: Error creating bean with name 'customUserDetailsService' defined in file [/Users/gamp/Downloads/koins/target/classes/com/middleware/security/CustomUserDetailsService.class]: Unsatisfied dependency expressed through constructor parameter 0: Error creating bean with name 'userRepository' defined in com.middleware.repository.UserRepository defined in @EnableJpaRepositories declared on JpaRepositoriesRegistrar.EnableJpaRepositoriesConfiguration: Cannot resolve reference to bean 'jpaSharedEM_entityManagerFactory' while setting bean property 'entityManager'
	at org.springframework.beans.factory.support.ConstructorResolver.createArgumentArray(ConstructorResolver.java:802) ~[spring-beans-6.1.1.jar:6.1.1]
	at org.springframework.beans.factory.support.ConstructorResolver.autowireConstructor(ConstructorResolver.java:241) ~[spring-beans-6.1.1.jar:6.1.1]
	at org.springframework.beans.factory.support.AbstractAutowireCapableBeanFactory.autowireConstructor(AbstractAutowireCapableBeanFactory.java:1356) ~[spring-beans-6.1.1.jar:6.1.1]
	at org.springframework.beans.factory.support.AbstractAutowireCapableBeanFactory.createBeanInstance(AbstractAutowireCapableBeanFactory.java:1193) ~[spring-beans-6.1.1.jar:6.1.1]
	at org.springframework.beans.factory.support.AbstractAutowireCapableBeanFactory.doCreateBean(AbstractAutowireCapableBeanFactory.java:563) ~[spring-beans-6.1.1.jar:6.1.1]
	at org.springframework.beans.factory.support.AbstractAutowireCapableBeanFactory.createBean(AbstractAutowireCapableBeanFactory.java:523) ~[spring-beans-6.1.1.jar:6.1.1]
	at org.springframework.beans.factory.support.AbstractBeanFactory.lambda$doGetBean$0(AbstractBeanFactory.java:325) ~[spring-beans-6.1.1.jar:6.1.1]
	at org.springframework.beans.factory.support.DefaultSingletonBeanRegistry.getSingleton(DefaultSingletonBeanRegistry.java:234) ~[spring-beans-6.1.1.jar:6.1.1]
	at org.springframework.beans.factory.support.AbstractBeanFactory.doGetBean(AbstractBeanFactory.java:323) ~[spring-beans-6.1.1.jar:6.1.1]
	at org.springframework.beans.factory.support.AbstractBeanFactory.getBean(AbstractBeanFactory.java:204) ~[spring-beans-6.1.1.jar:6.1.1]
	at org.springframework.boot.web.servlet.ServletContextInitializerBeans.getOrderedBeansOfType(ServletContextInitializerBeans.java:210) ~[spring-boot-3.2.0.jar:3.2.0]
	at org.springframework.boot.web.servlet.ServletContextInitializerBeans.addAsRegistrationBean(ServletContextInitializerBeans.java:173) ~[spring-boot-3.2.0.jar:3.2.0]
	at org.springframework.boot.web.servlet.ServletContextInitializerBeans.addAsRegistrationBean(ServletContextInitializerBeans.java:168) ~[spring-boot-3.2.0.jar:3.2.0]
	at org.springframework.boot.web.servlet.ServletContextInitializerBeans.addAdaptableBeans(ServletContextInitializerBeans.java:153) ~[spring-boot-3.2.0.jar:3.2.0]
	at org.springframework.boot.web.servlet.ServletContextInitializerBeans.<init>(ServletContextInitializerBeans.java:86) ~[spring-boot-3.2.0.jar:3.2.0]
	at org.springframework.boot.web.servlet.context.ServletWebServerApplicationContext.getServletContextInitializerBeans(ServletWebServerApplicationContext.java:266) ~[spring-boot-3.2.0.jar:3.2.0]
	at org.springframework.boot.web.servlet.context.ServletWebServerApplicationContext.selfInitialize(ServletWebServerApplicationContext.java:240) ~[spring-boot-3.2.0.jar:3.2.0]
	at org.springframework.boot.web.embedded.tomcat.TomcatStarter.onStartup(TomcatStarter.java:52) ~[spring-boot-3.2.0.jar:3.2.0]
	at org.apache.catalina.core.StandardContext.startInternal(StandardContext.java:4850) ~[tomcat-embed-core-10.1.16.jar:10.1.16]
	at org.apache.catalina.util.LifecycleBase.start(LifecycleBase.java:171) ~[tomcat-embed-core-10.1.16.jar:10.1.16]
	at org.apache.catalina.core.ContainerBase$StartChild.call(ContainerBase.java:1332) ~[tomcat-embed-core-10.1.16.jar:10.1.16]
	at org.apache.catalina.core.ContainerBase$StartChild.call(ContainerBase.java:1322) ~[tomcat-embed-core-10.1.16.jar:10.1.16]
	at java.base/java.util.concurrent.FutureTask.run(FutureTask.java:264) ~[na:na]
	at org.apache.tomcat.util.threads.InlineExecutorService.execute(InlineExecutorService.java:75) ~[tomcat-embed-core-10.1.16.jar:10.1.16]
	at java.base/java.util.concurrent.AbstractExecutorService.submit(AbstractExecutorService.java:145) ~[na:na]
	at org.apache.catalina.core.ContainerBase.startInternal(ContainerBase.java:866) ~[tomcat-embed-core-10.1.16.jar:10.1.16]
	at org.apache.catalina.core.StandardHost.startInternal(StandardHost.java:845) ~[tomcat-embed-core-10.1.16.jar:10.1.16]
	at org.apache.catalina.util.LifecycleBase.start(LifecycleBase.java:171) ~[tomcat-embed-core-10.1.16.jar:10.1.16]
	at org.apache.catalina.core.ContainerBase$StartChild.call(ContainerBase.java:1332) ~[tomcat-embed-core-10.1.16.jar:10.1.16]
	at org.apache.catalina.core.ContainerBase$StartChild.call(ContainerBase.java:1322) ~[tomcat-embed-core-10.1.16.jar:10.1.16]
	at java.base/java.util.concurrent.FutureTask.run(FutureTask.java:264) ~[na:na]
	at org.apache.tomcat.util.threads.InlineExecutorService.execute(InlineExecutorService.java:75) ~[tomcat-embed-core-10.1.16.jar:10.1.16]
	at java.base/java.util.concurrent.AbstractExecutorService.submit(AbstractExecutorService.java:145) ~[na:na]
	at org.apache.catalina.core.ContainerBase.startInternal(ContainerBase.java:866) ~[tomcat-embed-core-10.1.16.jar:10.1.16]
	at org.apache.catalina.core.StandardEngine.startInternal(StandardEngine.java:240) ~[tomcat-embed-core-10.1.16.jar:10.1.16]
	at org.apache.catalina.util.LifecycleBase.start(LifecycleBase.java:171) ~[tomcat-embed-core-10.1.16.jar:10.1.16]
	at org.apache.catalina.core.StandardService.startInternal(StandardService.java:433) ~[tomcat-embed-core-10.1.16.jar:10.1.16]
	at org.apache.catalina.util.LifecycleBase.start(LifecycleBase.java:171) ~[tomcat-embed-core-10.1.16.jar:10.1.16]
	at org.apache.catalina.core.StandardServer.startInternal(StandardServer.java:917) ~[tomcat-embed-core-10.1.16.jar:10.1.16]
	at org.apache.catalina.util.LifecycleBase.start(LifecycleBase.java:171) ~[tomcat-embed-core-10.1.16.jar:10.1.16]
	at org.apache.catalina.startup.Tomcat.start(Tomcat.java:488) ~[tomcat-embed-core-10.1.16.jar:10.1.16]
	at org.springframework.boot.web.embedded.tomcat.TomcatWebServer.initialize(TomcatWebServer.java:123) ~[spring-boot-3.2.0.jar:3.2.0]
	... 13 common frames omitted
Caused by: org.springframework.beans.factory.UnsatisfiedDependencyException: Error creating bean with name 'customUserDetailsService' defined in file [/Users/gamp/Downloads/koins/target/classes/com/middleware/security/CustomUserDetailsService.class]: Unsatisfied dependency expressed through constructor parameter 0: Error creating bean with name 'userRepository' defined in com.middleware.repository.UserRepository defined in @EnableJpaRepositories declared on JpaRepositoriesRegistrar.EnableJpaRepositoriesConfiguration: Cannot resolve reference to bean 'jpaSharedEM_entityManagerFactory' while setting bean property 'entityManager'
	at org.springframework.beans.factory.support.ConstructorResolver.createArgumentArray(ConstructorResolver.java:802) ~[spring-beans-6.1.1.jar:6.1.1]
	at org.springframework.beans.factory.support.ConstructorResolver.autowireConstructor(ConstructorResolver.java:241) ~[spring-beans-6.1.1.jar:6.1.1]
	at org.springframework.beans.factory.support.AbstractAutowireCapableBeanFactory.autowireConstructor(AbstractAutowireCapableBeanFactory.java:1356) ~[spring-beans-6.1.1.jar:6.1.1]
	at org.springframework.beans.factory.support.AbstractAutowireCapableBeanFactory.createBeanInstance(AbstractAutowireCapableBeanFactory.java:1193) ~[spring-beans-6.1.1.jar:6.1.1]
	at org.springframework.beans.factory.support.AbstractAutowireCapableBeanFactory.doCreateBean(AbstractAutowireCapableBeanFactory.java:563) ~[spring-beans-6.1.1.jar:6.1.1]
	at org.springframework.beans.factory.support.AbstractAutowireCapableBeanFactory.createBean(AbstractAutowireCapableBeanFactory.java:523) ~[spring-beans-6.1.1.jar:6.1.1]
	at org.springframework.beans.factory.support.AbstractBeanFactory.lambda$doGetBean$0(AbstractBeanFactory.java:325) ~[spring-beans-6.1.1.jar:6.1.1]
	at org.springframework.beans.factory.support.DefaultSingletonBeanRegistry.getSingleton(DefaultSingletonBeanRegistry.java:234) ~[spring-beans-6.1.1.jar:6.1.1]
	at org.springframework.beans.factory.support.AbstractBeanFactory.doGetBean(AbstractBeanFactory.java:323) ~[spring-beans-6.1.1.jar:6.1.1]
	at org.springframework.beans.factory.support.AbstractBeanFactory.getBean(AbstractBeanFactory.java:199) ~[spring-beans-6.1.1.jar:6.1.1]
	at org.springframework.beans.factory.config.DependencyDescriptor.resolveCandidate(DependencyDescriptor.java:254) ~[spring-beans-6.1.1.jar:6.1.1]
	at org.springframework.beans.factory.support.DefaultListableBeanFactory.doResolveDependency(DefaultListableBeanFactory.java:1441) ~[spring-beans-6.1.1.jar:6.1.1]
	at org.springframework.beans.factory.support.DefaultListableBeanFactory.resolveDependency(DefaultListableBeanFactory.java:1348) ~[spring-beans-6.1.1.jar:6.1.1]
	at org.springframework.beans.factory.support.ConstructorResolver.resolveAutowiredArgument(ConstructorResolver.java:911) ~[spring-beans-6.1.1.jar:6.1.1]
	at org.springframework.beans.factory.support.ConstructorResolver.createArgumentArray(ConstructorResolver.java:789) ~[spring-beans-6.1.1.jar:6.1.1]
	... 54 common frames omitted
Caused by: org.springframework.beans.factory.BeanCreationException: Error creating bean with name 'userRepository' defined in com.middleware.repository.UserRepository defined in @EnableJpaRepositories declared on JpaRepositoriesRegistrar.EnableJpaRepositoriesConfiguration: Cannot resolve reference to bean 'jpaSharedEM_entityManagerFactory' while setting bean property 'entityManager'
	at org.springframework.beans.factory.support.BeanDefinitionValueResolver.resolveReference(BeanDefinitionValueResolver.java:377) ~[spring-beans-6.1.1.jar:6.1.1]
	at org.springframework.beans.factory.support.BeanDefinitionValueResolver.resolveValueIfNecessary(BeanDefinitionValueResolver.java:135) ~[spring-beans-6.1.1.jar:6.1.1]
	at org.springframework.beans.factory.support.AbstractAutowireCapableBeanFactory.applyPropertyValues(AbstractAutowireCapableBeanFactory.java:1686) ~[spring-beans-6.1.1.jar:6.1.1]
	at org.springframework.beans.factory.support.AbstractAutowireCapableBeanFactory.populateBean(AbstractAutowireCapableBeanFactory.java:1435) ~[spring-beans-6.1.1.jar:6.1.1]
	at org.springframework.beans.factory.support.AbstractAutowireCapableBeanFactory.doCreateBean(AbstractAutowireCapableBeanFactory.java:600) ~[spring-beans-6.1.1.jar:6.1.1]
	at org.springframework.beans.factory.support.AbstractAutowireCapableBeanFactory.createBean(AbstractAutowireCapableBeanFactory.java:523) ~[spring-beans-6.1.1.jar:6.1.1]
	at org.springframework.beans.factory.support.AbstractBeanFactory.lambda$doGetBean$0(AbstractBeanFactory.java:325) ~[spring-beans-6.1.1.jar:6.1.1]
	at org.springframework.beans.factory.support.DefaultSingletonBeanRegistry.getSingleton(DefaultSingletonBeanRegistry.java:234) ~[spring-beans-6.1.1.jar:6.1.1]
	at org.springframework.beans.factory.support.AbstractBeanFactory.doGetBean(AbstractBeanFactory.java:323) ~[spring-beans-6.1.1.jar:6.1.1]
	at org.springframework.beans.factory.support.AbstractBeanFactory.getBean(AbstractBeanFactory.java:199) ~[spring-beans-6.1.1.jar:6.1.1]
	at org.springframework.beans.factory.config.DependencyDescriptor.resolveCandidate(DependencyDescriptor.java:254) ~[spring-beans-6.1.1.jar:6.1.1]
	at org.springframework.beans.factory.support.DefaultListableBeanFactory.doResolveDependency(DefaultListableBeanFactory.java:1441) ~[spring-beans-6.1.1.jar:6.1.1]
	at org.springframework.beans.factory.support.DefaultListableBeanFactory.resolveDependency(DefaultListableBeanFactory.java:1348) ~[spring-beans-6.1.1.jar:6.1.1]
	at org.springframework.beans.factory.support.ConstructorResolver.resolveAutowiredArgument(ConstructorResolver.java:911) ~[spring-beans-6.1.1.jar:6.1.1]
	at org.springframework.beans.factory.support.ConstructorResolver.createArgumentArray(ConstructorResolver.java:789) ~[spring-beans-6.1.1.jar:6.1.1]
	... 68 common frames omitted
Caused by: org.springframework.beans.factory.BeanCreationException: Error creating bean with name 'jpaSharedEM_entityManagerFactory': Cannot resolve reference to bean 'entityManagerFactory' while setting constructor argument
	at org.springframework.beans.factory.support.BeanDefinitionValueResolver.resolveReference(BeanDefinitionValueResolver.java:377) ~[spring-beans-6.1.1.jar:6.1.1]
	at org.springframework.beans.factory.support.BeanDefinitionValueResolver.resolveValueIfNecessary(BeanDefinitionValueResolver.java:135) ~[spring-beans-6.1.1.jar:6.1.1]
	at org.springframework.beans.factory.support.ConstructorResolver.resolveConstructorArguments(ConstructorResolver.java:689) ~[spring-beans-6.1.1.jar:6.1.1]
	at org.springframework.beans.factory.support.ConstructorResolver.instantiateUsingFactoryMethod(ConstructorResolver.java:513) ~[spring-beans-6.1.1.jar:6.1.1]
	at org.springframework.beans.factory.support.AbstractAutowireCapableBeanFactory.instantiateUsingFactoryMethod(AbstractAutowireCapableBeanFactory.java:1336) ~[spring-beans-6.1.1.jar:6.1.1]
	at org.springframework.beans.factory.support.AbstractAutowireCapableBeanFactory.createBeanInstance(AbstractAutowireCapableBeanFactory.java:1166) ~[spring-beans-6.1.1.jar:6.1.1]
	at org.springframework.beans.factory.support.AbstractAutowireCapableBeanFactory.doCreateBean(AbstractAutowireCapableBeanFactory.java:563) ~[spring-beans-6.1.1.jar:6.1.1]
	at org.springframework.beans.factory.support.AbstractAutowireCapableBeanFactory.createBean(AbstractAutowireCapableBeanFactory.java:523) ~[spring-beans-6.1.1.jar:6.1.1]
	at org.springframework.beans.factory.support.AbstractBeanFactory.lambda$doGetBean$0(AbstractBeanFactory.java:325) ~[spring-beans-6.1.1.jar:6.1.1]
	at org.springframework.beans.factory.support.DefaultSingletonBeanRegistry.getSingleton(DefaultSingletonBeanRegistry.java:234) ~[spring-beans-6.1.1.jar:6.1.1]
	at org.springframework.beans.factory.support.AbstractBeanFactory.doGetBean(AbstractBeanFactory.java:323) ~[spring-beans-6.1.1.jar:6.1.1]
	at org.springframework.beans.factory.support.AbstractBeanFactory.getBean(AbstractBeanFactory.java:199) ~[spring-beans-6.1.1.jar:6.1.1]
	at org.springframework.beans.factory.support.BeanDefinitionValueResolver.resolveReference(BeanDefinitionValueResolver.java:365) ~[spring-beans-6.1.1.jar:6.1.1]
	... 82 common frames omitted
Caused by: org.springframework.beans.factory.BeanCreationException: Error creating bean with name 'flywayInitializer' defined in class path resource [org/springframework/boot/autoconfigure/flyway/FlywayAutoConfiguration$FlywayConfiguration.class]: Validate failed: Migrations have failed validation
Migration checksum mismatch for migration version 1
-> Applied to database : -1233684033
-> Resolved locally    : -1542447580
Either revert the changes to the migration, or run repair to update the schema history.
Detected failed migration to version 2 (seed admin user).
Please remove any half-completed changes then run repair to fix the schema history.
Need more flexibility with validation rules? Learn more: https://rd.gt/3AbJUZE
	at org.springframework.beans.factory.support.AbstractAutowireCapableBeanFactory.initializeBean(AbstractAutowireCapableBeanFactory.java:1775) ~[spring-beans-6.1.1.jar:6.1.1]
	at org.springframework.beans.factory.support.AbstractAutowireCapableBeanFactory.doCreateBean(AbstractAutowireCapableBeanFactory.java:601) ~[spring-beans-6.1.1.jar:6.1.1]
	at org.springframework.beans.factory.support.AbstractAutowireCapableBeanFactory.createBean(AbstractAutowireCapableBeanFactory.java:523) ~[spring-beans-6.1.1.jar:6.1.1]
	at org.springframework.beans.factory.support.AbstractBeanFactory.lambda$doGetBean$0(AbstractBeanFactory.java:325) ~[spring-beans-6.1.1.jar:6.1.1]
	at org.springframework.beans.factory.support.DefaultSingletonBeanRegistry.getSingleton(DefaultSingletonBeanRegistry.java:234) ~[spring-beans-6.1.1.jar:6.1.1]
	at org.springframework.beans.factory.support.AbstractBeanFactory.doGetBean(AbstractBeanFactory.java:323) ~[spring-beans-6.1.1.jar:6.1.1]
	at org.springframework.beans.factory.support.AbstractBeanFactory.getBean(AbstractBeanFactory.java:199) ~[spring-beans-6.1.1.jar:6.1.1]
	at org.springframework.beans.factory.support.AbstractBeanFactory.doGetBean(AbstractBeanFactory.java:312) ~[spring-beans-6.1.1.jar:6.1.1]
	at org.springframework.beans.factory.support.AbstractBeanFactory.getBean(AbstractBeanFactory.java:199) ~[spring-beans-6.1.1.jar:6.1.1]
	at org.springframework.beans.factory.support.BeanDefinitionValueResolver.resolveReference(BeanDefinitionValueResolver.java:365) ~[spring-beans-6.1.1.jar:6.1.1]
	... 94 common frames omitted
Caused by: org.flywaydb.core.api.exception.FlywayValidateException: Validate failed: Migrations have failed validation
Migration checksum mismatch for migration version 1
-> Applied to database : -1233684033
-> Resolved locally    : -1542447580
Either revert the changes to the migration, or run repair to update the schema history.
Detected failed migration to version 2 (seed admin user).
Please remove any half-completed changes then run repair to fix the schema history.
Need more flexibility with validation rules? Learn more: https://rd.gt/3AbJUZE
	at org.flywaydb.core.Flyway.lambda$migrate$0(Flyway.java:146) ~[flyway-core-9.22.3.jar:na]
	at org.flywaydb.core.FlywayExecutor.execute(FlywayExecutor.java:213) ~[flyway-core-9.22.3.jar:na]
	at org.flywaydb.core.Flyway.migrate(Flyway.java:140) ~[flyway-core-9.22.3.jar:na]
	at org.springframework.boot.autoconfigure.flyway.FlywayMigrationInitializer.afterPropertiesSet(FlywayMigrationInitializer.java:66) ~[spring-boot-autoconfigure-3.2.0.jar:3.2.0]
	at org.springframework.beans.factory.support.AbstractAutowireCapableBeanFactory.invokeInitMethods(AbstractAutowireCapableBeanFactory.java:1822) ~[spring-beans-6.1.1.jar:6.1.1]
	at org.springframework.beans.factory.support.AbstractAutowireCapableBeanFactory.initializeBean(AbstractAutowireCapableBeanFactory.java:1771) ~[spring-beans-6.1.1.jar:6.1.1]
	... 103 common frames omitted

2026-05-23T00:25:20.682+01:00  INFO 36742 --- [main] com.middleware.KoinsApplication          : Starting KoinsApplication using Java 17.0.11 with PID 36742 (/Users/gamp/Downloads/koins/target/classes started by gamp in /Users/gamp/Downloads/koins)
2026-05-23T00:25:20.686+01:00  INFO 36742 --- [main] com.middleware.KoinsApplication          : No active profile set, falling back to 1 default profile: "default"
2026-05-23T00:25:23.232+01:00  INFO 36742 --- [main] .s.d.r.c.RepositoryConfigurationDelegate : Bootstrapping Spring Data JPA repositories in DEFAULT mode.
2026-05-23T00:25:23.751+01:00  INFO 36742 --- [main] .s.d.r.c.RepositoryConfigurationDelegate : Finished Spring Data repository scanning in 500 ms. Found 6 JPA repository interfaces.
2026-05-23T00:25:25.647+01:00  INFO 36742 --- [main] o.s.b.w.embedded.tomcat.TomcatWebServer  : Tomcat initialized with port 8080 (http)
2026-05-23T00:25:25.670+01:00  INFO 36742 --- [main] o.apache.catalina.core.StandardService   : Starting service [Tomcat]
2026-05-23T00:25:25.670+01:00  INFO 36742 --- [main] o.apache.catalina.core.StandardEngine    : Starting Servlet engine: [Apache Tomcat/10.1.16]
2026-05-23T00:25:25.855+01:00  INFO 36742 --- [main] o.a.c.c.C.[Tomcat].[localhost].[/]       : Initializing Spring embedded WebApplicationContext
2026-05-23T00:25:25.856+01:00  INFO 36742 --- [main] w.s.c.ServletWebServerApplicationContext : Root WebApplicationContext: initialization completed in 5058 ms
2026-05-23T00:25:26.111+01:00  INFO 36742 --- [main] com.zaxxer.hikari.HikariDataSource       : HikariPool-1 - Starting...
2026-05-23T00:25:26.497+01:00  INFO 36742 --- [main] com.zaxxer.hikari.pool.HikariPool        : HikariPool-1 - Added connection com.mysql.cj.jdbc.ConnectionImpl@18026052
2026-05-23T00:25:26.502+01:00  INFO 36742 --- [main] com.zaxxer.hikari.HikariDataSource       : HikariPool-1 - Start completed.
2026-05-23T00:25:26.785+01:00  INFO 36742 --- [main] o.f.c.internal.license.VersionPrinter    : Flyway Community Edition 9.22.3 by Redgate
2026-05-23T00:25:26.786+01:00  INFO 36742 --- [main] o.f.c.internal.license.VersionPrinter    : See release notes here: https://rd.gt/416ObMi
2026-05-23T00:25:26.786+01:00  INFO 36742 --- [main] o.f.c.internal.license.VersionPrinter    : 
2026-05-23T00:25:26.802+01:00  INFO 36742 --- [main] o.f.c.i.resource.ResourceNameValidator   : 1 SQL migrations were detected but not run because they did not follow the filename convention.
2026-05-23T00:25:26.803+01:00  INFO 36742 --- [main] o.f.c.i.resource.ResourceNameValidator   : Set 'validateMigrationNaming' to true to fail fast and see a list of the invalid file names.
2026-05-23T00:25:26.828+01:00  INFO 36742 --- [main] org.flywaydb.core.FlywayExecutor         : Database: jdbc:mysql://localhost:3306/koins_db (MySQL 8.0)
2026-05-23T00:25:26.906+01:00  INFO 36742 --- [main] o.f.c.i.s.JdbcTableSchemaHistory         : Schema history table `koins_db`.`flyway_schema_history` does not exist yet
2026-05-23T00:25:26.911+01:00  INFO 36742 --- [main] o.f.core.internal.command.DbValidate     : Successfully validated 2 migrations (execution time 00:00.042s)
2026-05-23T00:25:27.027+01:00  INFO 36742 --- [main] o.f.c.i.s.JdbcTableSchemaHistory         : Creating Schema History table `koins_db`.`flyway_schema_history` ...
2026-05-23T00:25:27.193+01:00  INFO 36742 --- [main] o.f.core.internal.command.DbMigrate      : Current version of schema `koins_db`: << Empty Schema >>
2026-05-23T00:25:27.243+01:00  INFO 36742 --- [main] o.f.core.internal.command.DbMigrate      : Migrating schema `koins_db` to version "1 - init schema"
2026-05-23T00:25:27.526+01:00 ERROR 36742 --- [main] o.f.core.internal.command.DbMigrate      : Migration of schema `koins_db` to version "1 - init schema" failed! Please restore backups and roll back database and code!
2026-05-23T00:25:27.555+01:00 ERROR 36742 --- [main] o.s.b.web.embedded.tomcat.TomcatStarter  : Error starting Tomcat context. Exception: org.springframework.beans.factory.UnsatisfiedDependencyException. Message: Error creating bean with name 'jwtAuthenticationFilter' defined in file [/Users/gamp/Downloads/koins/target/classes/com/middleware/security/JwtAuthenticationFilter.class]: Unsatisfied dependency expressed through constructor parameter 1: Error creating bean with name 'customUserDetailsService' defined in file [/Users/gamp/Downloads/koins/target/classes/com/middleware/security/CustomUserDetailsService.class]: Unsatisfied dependency expressed through constructor parameter 0: Error creating bean with name 'userRepository' defined in com.middleware.repository.UserRepository defined in @EnableJpaRepositories declared on JpaRepositoriesRegistrar.EnableJpaRepositoriesConfiguration: Cannot resolve reference to bean 'jpaSharedEM_entityManagerFactory' while setting bean property 'entityManager'
2026-05-23T00:25:27.619+01:00  INFO 36742 --- [main] o.apache.catalina.core.StandardService   : Stopping service [Tomcat]
2026-05-23T00:25:27.626+01:00  WARN 36742 --- [main] o.a.c.loader.WebappClassLoaderBase       : The web application [ROOT] appears to have started a thread named [HikariPool-1 housekeeper] but has failed to stop it. This is very likely to create a memory leak. Stack trace of thread:
 java.base@17.0.11/jdk.internal.misc.Unsafe.park(Native Method)
 java.base@17.0.11/java.util.concurrent.locks.LockSupport.parkNanos(LockSupport.java:252)
 java.base@17.0.11/java.util.concurrent.locks.AbstractQueuedSynchronizer$ConditionObject.awaitNanos(AbstractQueuedSynchronizer.java:1672)
 java.base@17.0.11/java.util.concurrent.ScheduledThreadPoolExecutor$DelayedWorkQueue.take(ScheduledThreadPoolExecutor.java:1182)
 java.base@17.0.11/java.util.concurrent.ScheduledThreadPoolExecutor$DelayedWorkQueue.take(ScheduledThreadPoolExecutor.java:899)
 java.base@17.0.11/java.util.concurrent.ThreadPoolExecutor.getTask(ThreadPoolExecutor.java:1062)
 java.base@17.0.11/java.util.concurrent.ThreadPoolExecutor.runWorker(ThreadPoolExecutor.java:1122)
 java.base@17.0.11/java.util.concurrent.ThreadPoolExecutor$Worker.run(ThreadPoolExecutor.java:635)
 java.base@17.0.11/java.lang.Thread.run(Thread.java:842)
2026-05-23T00:25:27.626+01:00  WARN 36742 --- [main] o.a.c.loader.WebappClassLoaderBase       : The web application [ROOT] appears to have started a thread named [HikariPool-1 connection adder] but has failed to stop it. This is very likely to create a memory leak. Stack trace of thread:
 java.base@17.0.11/jdk.internal.misc.Unsafe.park(Native Method)
 java.base@17.0.11/java.util.concurrent.locks.LockSupport.parkNanos(LockSupport.java:252)
 java.base@17.0.11/java.util.concurrent.locks.AbstractQueuedSynchronizer$ConditionObject.awaitNanos(AbstractQueuedSynchronizer.java:1672)
 java.base@17.0.11/java.util.concurrent.LinkedBlockingQueue.poll(LinkedBlockingQueue.java:460)
 java.base@17.0.11/java.util.concurrent.ThreadPoolExecutor.getTask(ThreadPoolExecutor.java:1061)
 java.base@17.0.11/java.util.concurrent.ThreadPoolExecutor.runWorker(ThreadPoolExecutor.java:1122)
 java.base@17.0.11/java.util.concurrent.ThreadPoolExecutor$Worker.run(ThreadPoolExecutor.java:635)
 java.base@17.0.11/java.lang.Thread.run(Thread.java:842)
2026-05-23T00:25:27.632+01:00  WARN 36742 --- [main] ConfigServletWebServerApplicationContext : Exception encountered during context initialization - cancelling refresh attempt: org.springframework.context.ApplicationContextException: Unable to start web server
2026-05-23T00:25:27.633+01:00  INFO 36742 --- [main] com.zaxxer.hikari.HikariDataSource       : HikariPool-1 - Shutdown initiated...
2026-05-23T00:25:27.661+01:00  INFO 36742 --- [main] com.zaxxer.hikari.HikariDataSource       : HikariPool-1 - Shutdown completed.
2026-05-23T00:25:27.681+01:00  INFO 36742 --- [main] .s.b.a.l.ConditionEvaluationReportLogger : 

Error starting ApplicationContext. To display the condition evaluation report re-run your application with 'debug' enabled.
2026-05-23T00:25:27.724+01:00 ERROR 36742 --- [main] o.s.boot.SpringApplication               : Application run failed

org.springframework.context.ApplicationContextException: Unable to start web server
	at org.springframework.boot.web.servlet.context.ServletWebServerApplicationContext.onRefresh(ServletWebServerApplicationContext.java:165) ~[spring-boot-3.2.0.jar:3.2.0]
	at org.springframework.context.support.AbstractApplicationContext.refresh(AbstractApplicationContext.java:610) ~[spring-context-6.1.1.jar:6.1.1]
	at org.springframework.boot.web.servlet.context.ServletWebServerApplicationContext.refresh(ServletWebServerApplicationContext.java:146) ~[spring-boot-3.2.0.jar:3.2.0]
	at org.springframework.boot.SpringApplication.refresh(SpringApplication.java:753) ~[spring-boot-3.2.0.jar:3.2.0]
	at org.springframework.boot.SpringApplication.refreshContext(SpringApplication.java:455) ~[spring-boot-3.2.0.jar:3.2.0]
	at org.springframework.boot.SpringApplication.run(SpringApplication.java:323) ~[spring-boot-3.2.0.jar:3.2.0]
	at org.springframework.boot.SpringApplication.run(SpringApplication.java:1342) ~[spring-boot-3.2.0.jar:3.2.0]
	at org.springframework.boot.SpringApplication.run(SpringApplication.java:1331) ~[spring-boot-3.2.0.jar:3.2.0]
	at com.middleware.KoinsApplication.main(KoinsApplication.java:9) ~[classes/:na]
Caused by: org.springframework.boot.web.server.WebServerException: Unable to start embedded Tomcat
	at org.springframework.boot.web.embedded.tomcat.TomcatWebServer.initialize(TomcatWebServer.java:142) ~[spring-boot-3.2.0.jar:3.2.0]
	at org.springframework.boot.web.embedded.tomcat.TomcatWebServer.<init>(TomcatWebServer.java:104) ~[spring-boot-3.2.0.jar:3.2.0]
	at org.springframework.boot.web.embedded.tomcat.TomcatServletWebServerFactory.getTomcatWebServer(TomcatServletWebServerFactory.java:501) ~[spring-boot-3.2.0.jar:3.2.0]
	at org.springframework.boot.web.embedded.tomcat.TomcatServletWebServerFactory.getWebServer(TomcatServletWebServerFactory.java:218) ~[spring-boot-3.2.0.jar:3.2.0]
	at org.springframework.boot.web.servlet.context.ServletWebServerApplicationContext.createWebServer(ServletWebServerApplicationContext.java:188) ~[spring-boot-3.2.0.jar:3.2.0]
	at org.springframework.boot.web.servlet.context.ServletWebServerApplicationContext.onRefresh(ServletWebServerApplicationContext.java:162) ~[spring-boot-3.2.0.jar:3.2.0]
	... 8 common frames omitted
Caused by: org.springframework.beans.factory.UnsatisfiedDependencyException: Error creating bean with name 'jwtAuthenticationFilter' defined in file [/Users/gamp/Downloads/koins/target/classes/com/middleware/security/JwtAuthenticationFilter.class]: Unsatisfied dependency expressed through constructor parameter 1: Error creating bean with name 'customUserDetailsService' defined in file [/Users/gamp/Downloads/koins/target/classes/com/middleware/security/CustomUserDetailsService.class]: Unsatisfied dependency expressed through constructor parameter 0: Error creating bean with name 'userRepository' defined in com.middleware.repository.UserRepository defined in @EnableJpaRepositories declared on JpaRepositoriesRegistrar.EnableJpaRepositoriesConfiguration: Cannot resolve reference to bean 'jpaSharedEM_entityManagerFactory' while setting bean property 'entityManager'
	at org.springframework.beans.factory.support.ConstructorResolver.createArgumentArray(ConstructorResolver.java:802) ~[spring-beans-6.1.1.jar:6.1.1]
	at org.springframework.beans.factory.support.ConstructorResolver.autowireConstructor(ConstructorResolver.java:241) ~[spring-beans-6.1.1.jar:6.1.1]
	at org.springframework.beans.factory.support.AbstractAutowireCapableBeanFactory.autowireConstructor(AbstractAutowireCapableBeanFactory.java:1356) ~[spring-beans-6.1.1.jar:6.1.1]
	at org.springframework.beans.factory.support.AbstractAutowireCapableBeanFactory.createBeanInstance(AbstractAutowireCapableBeanFactory.java:1193) ~[spring-beans-6.1.1.jar:6.1.1]
	at org.springframework.beans.factory.support.AbstractAutowireCapableBeanFactory.doCreateBean(AbstractAutowireCapableBeanFactory.java:563) ~[spring-beans-6.1.1.jar:6.1.1]
	at org.springframework.beans.factory.support.AbstractAutowireCapableBeanFactory.createBean(AbstractAutowireCapableBeanFactory.java:523) ~[spring-beans-6.1.1.jar:6.1.1]
	at org.springframework.beans.factory.support.AbstractBeanFactory.lambda$doGetBean$0(AbstractBeanFactory.java:325) ~[spring-beans-6.1.1.jar:6.1.1]
	at org.springframework.beans.factory.support.DefaultSingletonBeanRegistry.getSingleton(DefaultSingletonBeanRegistry.java:234) ~[spring-beans-6.1.1.jar:6.1.1]
	at org.springframework.beans.factory.support.AbstractBeanFactory.doGetBean(AbstractBeanFactory.java:323) ~[spring-beans-6.1.1.jar:6.1.1]
	at org.springframework.beans.factory.support.AbstractBeanFactory.getBean(AbstractBeanFactory.java:204) ~[spring-beans-6.1.1.jar:6.1.1]
	at org.springframework.boot.web.servlet.ServletContextInitializerBeans.getOrderedBeansOfType(ServletContextInitializerBeans.java:210) ~[spring-boot-3.2.0.jar:3.2.0]
	at org.springframework.boot.web.servlet.ServletContextInitializerBeans.addAsRegistrationBean(ServletContextInitializerBeans.java:173) ~[spring-boot-3.2.0.jar:3.2.0]
	at org.springframework.boot.web.servlet.ServletContextInitializerBeans.addAsRegistrationBean(ServletContextInitializerBeans.java:168) ~[spring-boot-3.2.0.jar:3.2.0]
	at org.springframework.boot.web.servlet.ServletContextInitializerBeans.addAdaptableBeans(ServletContextInitializerBeans.java:153) ~[spring-boot-3.2.0.jar:3.2.0]
	at org.springframework.boot.web.servlet.ServletContextInitializerBeans.<init>(ServletContextInitializerBeans.java:86) ~[spring-boot-3.2.0.jar:3.2.0]
	at org.springframework.boot.web.servlet.context.ServletWebServerApplicationContext.getServletContextInitializerBeans(ServletWebServerApplicationContext.java:266) ~[spring-boot-3.2.0.jar:3.2.0]
	at org.springframework.boot.web.servlet.context.ServletWebServerApplicationContext.selfInitialize(ServletWebServerApplicationContext.java:240) ~[spring-boot-3.2.0.jar:3.2.0]
	at org.springframework.boot.web.embedded.tomcat.TomcatStarter.onStartup(TomcatStarter.java:52) ~[spring-boot-3.2.0.jar:3.2.0]
	at org.apache.catalina.core.StandardContext.startInternal(StandardContext.java:4850) ~[tomcat-embed-core-10.1.16.jar:10.1.16]
	at org.apache.catalina.util.LifecycleBase.start(LifecycleBase.java:171) ~[tomcat-embed-core-10.1.16.jar:10.1.16]
	at org.apache.catalina.core.ContainerBase$StartChild.call(ContainerBase.java:1332) ~[tomcat-embed-core-10.1.16.jar:10.1.16]
	at org.apache.catalina.core.ContainerBase$StartChild.call(ContainerBase.java:1322) ~[tomcat-embed-core-10.1.16.jar:10.1.16]
	at java.base/java.util.concurrent.FutureTask.run(FutureTask.java:264) ~[na:na]
	at org.apache.tomcat.util.threads.InlineExecutorService.execute(InlineExecutorService.java:75) ~[tomcat-embed-core-10.1.16.jar:10.1.16]
	at java.base/java.util.concurrent.AbstractExecutorService.submit(AbstractExecutorService.java:145) ~[na:na]
	at org.apache.catalina.core.ContainerBase.startInternal(ContainerBase.java:866) ~[tomcat-embed-core-10.1.16.jar:10.1.16]
	at org.apache.catalina.core.StandardHost.startInternal(StandardHost.java:845) ~[tomcat-embed-core-10.1.16.jar:10.1.16]
	at org.apache.catalina.util.LifecycleBase.start(LifecycleBase.java:171) ~[tomcat-embed-core-10.1.16.jar:10.1.16]
	at org.apache.catalina.core.ContainerBase$StartChild.call(ContainerBase.java:1332) ~[tomcat-embed-core-10.1.16.jar:10.1.16]
	at org.apache.catalina.core.ContainerBase$StartChild.call(ContainerBase.java:1322) ~[tomcat-embed-core-10.1.16.jar:10.1.16]
	at java.base/java.util.concurrent.FutureTask.run(FutureTask.java:264) ~[na:na]
	at org.apache.tomcat.util.threads.InlineExecutorService.execute(InlineExecutorService.java:75) ~[tomcat-embed-core-10.1.16.jar:10.1.16]
	at java.base/java.util.concurrent.AbstractExecutorService.submit(AbstractExecutorService.java:145) ~[na:na]
	at org.apache.catalina.core.ContainerBase.startInternal(ContainerBase.java:866) ~[tomcat-embed-core-10.1.16.jar:10.1.16]
	at org.apache.catalina.core.StandardEngine.startInternal(StandardEngine.java:240) ~[tomcat-embed-core-10.1.16.jar:10.1.16]
	at org.apache.catalina.util.LifecycleBase.start(LifecycleBase.java:171) ~[tomcat-embed-core-10.1.16.jar:10.1.16]
	at org.apache.catalina.core.StandardService.startInternal(StandardService.java:433) ~[tomcat-embed-core-10.1.16.jar:10.1.16]
	at org.apache.catalina.util.LifecycleBase.start(LifecycleBase.java:171) ~[tomcat-embed-core-10.1.16.jar:10.1.16]
	at org.apache.catalina.core.StandardServer.startInternal(StandardServer.java:917) ~[tomcat-embed-core-10.1.16.jar:10.1.16]
	at org.apache.catalina.util.LifecycleBase.start(LifecycleBase.java:171) ~[tomcat-embed-core-10.1.16.jar:10.1.16]
	at org.apache.catalina.startup.Tomcat.start(Tomcat.java:488) ~[tomcat-embed-core-10.1.16.jar:10.1.16]
	at org.springframework.boot.web.embedded.tomcat.TomcatWebServer.initialize(TomcatWebServer.java:123) ~[spring-boot-3.2.0.jar:3.2.0]
	... 13 common frames omitted
Caused by: org.springframework.beans.factory.UnsatisfiedDependencyException: Error creating bean with name 'customUserDetailsService' defined in file [/Users/gamp/Downloads/koins/target/classes/com/middleware/security/CustomUserDetailsService.class]: Unsatisfied dependency expressed through constructor parameter 0: Error creating bean with name 'userRepository' defined in com.middleware.repository.UserRepository defined in @EnableJpaRepositories declared on JpaRepositoriesRegistrar.EnableJpaRepositoriesConfiguration: Cannot resolve reference to bean 'jpaSharedEM_entityManagerFactory' while setting bean property 'entityManager'
	at org.springframework.beans.factory.support.ConstructorResolver.createArgumentArray(ConstructorResolver.java:802) ~[spring-beans-6.1.1.jar:6.1.1]
	at org.springframework.beans.factory.support.ConstructorResolver.autowireConstructor(ConstructorResolver.java:241) ~[spring-beans-6.1.1.jar:6.1.1]
	at org.springframework.beans.factory.support.AbstractAutowireCapableBeanFactory.autowireConstructor(AbstractAutowireCapableBeanFactory.java:1356) ~[spring-beans-6.1.1.jar:6.1.1]
	at org.springframework.beans.factory.support.AbstractAutowireCapableBeanFactory.createBeanInstance(AbstractAutowireCapableBeanFactory.java:1193) ~[spring-beans-6.1.1.jar:6.1.1]
	at org.springframework.beans.factory.support.AbstractAutowireCapableBeanFactory.doCreateBean(AbstractAutowireCapableBeanFactory.java:563) ~[spring-beans-6.1.1.jar:6.1.1]
	at org.springframework.beans.factory.support.AbstractAutowireCapableBeanFactory.createBean(AbstractAutowireCapableBeanFactory.java:523) ~[spring-beans-6.1.1.jar:6.1.1]
	at org.springframework.beans.factory.support.AbstractBeanFactory.lambda$doGetBean$0(AbstractBeanFactory.java:325) ~[spring-beans-6.1.1.jar:6.1.1]
	at org.springframework.beans.factory.support.DefaultSingletonBeanRegistry.getSingleton(DefaultSingletonBeanRegistry.java:234) ~[spring-beans-6.1.1.jar:6.1.1]
	at org.springframework.beans.factory.support.AbstractBeanFactory.doGetBean(AbstractBeanFactory.java:323) ~[spring-beans-6.1.1.jar:6.1.1]
	at org.springframework.beans.factory.support.AbstractBeanFactory.getBean(AbstractBeanFactory.java:199) ~[spring-beans-6.1.1.jar:6.1.1]
	at org.springframework.beans.factory.config.DependencyDescriptor.resolveCandidate(DependencyDescriptor.java:254) ~[spring-beans-6.1.1.jar:6.1.1]
	at org.springframework.beans.factory.support.DefaultListableBeanFactory.doResolveDependency(DefaultListableBeanFactory.java:1441) ~[spring-beans-6.1.1.jar:6.1.1]
	at org.springframework.beans.factory.support.DefaultListableBeanFactory.resolveDependency(DefaultListableBeanFactory.java:1348) ~[spring-beans-6.1.1.jar:6.1.1]
	at org.springframework.beans.factory.support.ConstructorResolver.resolveAutowiredArgument(ConstructorResolver.java:911) ~[spring-beans-6.1.1.jar:6.1.1]
	at org.springframework.beans.factory.support.ConstructorResolver.createArgumentArray(ConstructorResolver.java:789) ~[spring-beans-6.1.1.jar:6.1.1]
	... 54 common frames omitted
Caused by: org.springframework.beans.factory.BeanCreationException: Error creating bean with name 'userRepository' defined in com.middleware.repository.UserRepository defined in @EnableJpaRepositories declared on JpaRepositoriesRegistrar.EnableJpaRepositoriesConfiguration: Cannot resolve reference to bean 'jpaSharedEM_entityManagerFactory' while setting bean property 'entityManager'
	at org.springframework.beans.factory.support.BeanDefinitionValueResolver.resolveReference(BeanDefinitionValueResolver.java:377) ~[spring-beans-6.1.1.jar:6.1.1]
	at org.springframework.beans.factory.support.BeanDefinitionValueResolver.resolveValueIfNecessary(BeanDefinitionValueResolver.java:135) ~[spring-beans-6.1.1.jar:6.1.1]
	at org.springframework.beans.factory.support.AbstractAutowireCapableBeanFactory.applyPropertyValues(AbstractAutowireCapableBeanFactory.java:1686) ~[spring-beans-6.1.1.jar:6.1.1]
	at org.springframework.beans.factory.support.AbstractAutowireCapableBeanFactory.populateBean(AbstractAutowireCapableBeanFactory.java:1435) ~[spring-beans-6.1.1.jar:6.1.1]
	at org.springframework.beans.factory.support.AbstractAutowireCapableBeanFactory.doCreateBean(AbstractAutowireCapableBeanFactory.java:600) ~[spring-beans-6.1.1.jar:6.1.1]
	at org.springframework.beans.factory.support.AbstractAutowireCapableBeanFactory.createBean(AbstractAutowireCapableBeanFactory.java:523) ~[spring-beans-6.1.1.jar:6.1.1]
	at org.springframework.beans.factory.support.AbstractBeanFactory.lambda$doGetBean$0(AbstractBeanFactory.java:325) ~[spring-beans-6.1.1.jar:6.1.1]
	at org.springframework.beans.factory.support.DefaultSingletonBeanRegistry.getSingleton(DefaultSingletonBeanRegistry.java:234) ~[spring-beans-6.1.1.jar:6.1.1]
	at org.springframework.beans.factory.support.AbstractBeanFactory.doGetBean(AbstractBeanFactory.java:323) ~[spring-beans-6.1.1.jar:6.1.1]
	at org.springframework.beans.factory.support.AbstractBeanFactory.getBean(AbstractBeanFactory.java:199) ~[spring-beans-6.1.1.jar:6.1.1]
	at org.springframework.beans.factory.config.DependencyDescriptor.resolveCandidate(DependencyDescriptor.java:254) ~[spring-beans-6.1.1.jar:6.1.1]
	at org.springframework.beans.factory.support.DefaultListableBeanFactory.doResolveDependency(DefaultListableBeanFactory.java:1441) ~[spring-beans-6.1.1.jar:6.1.1]
	at org.springframework.beans.factory.support.DefaultListableBeanFactory.resolveDependency(DefaultListableBeanFactory.java:1348) ~[spring-beans-6.1.1.jar:6.1.1]
	at org.springframework.beans.factory.support.ConstructorResolver.resolveAutowiredArgument(ConstructorResolver.java:911) ~[spring-beans-6.1.1.jar:6.1.1]
	at org.springframework.beans.factory.support.ConstructorResolver.createArgumentArray(ConstructorResolver.java:789) ~[spring-beans-6.1.1.jar:6.1.1]
	... 68 common frames omitted
Caused by: org.springframework.beans.factory.BeanCreationException: Error creating bean with name 'jpaSharedEM_entityManagerFactory': Cannot resolve reference to bean 'entityManagerFactory' while setting constructor argument
	at org.springframework.beans.factory.support.BeanDefinitionValueResolver.resolveReference(BeanDefinitionValueResolver.java:377) ~[spring-beans-6.1.1.jar:6.1.1]
	at org.springframework.beans.factory.support.BeanDefinitionValueResolver.resolveValueIfNecessary(BeanDefinitionValueResolver.java:135) ~[spring-beans-6.1.1.jar:6.1.1]
	at org.springframework.beans.factory.support.ConstructorResolver.resolveConstructorArguments(ConstructorResolver.java:689) ~[spring-beans-6.1.1.jar:6.1.1]
	at org.springframework.beans.factory.support.ConstructorResolver.instantiateUsingFactoryMethod(ConstructorResolver.java:513) ~[spring-beans-6.1.1.jar:6.1.1]
	at org.springframework.beans.factory.support.AbstractAutowireCapableBeanFactory.instantiateUsingFactoryMethod(AbstractAutowireCapableBeanFactory.java:1336) ~[spring-beans-6.1.1.jar:6.1.1]
	at org.springframework.beans.factory.support.AbstractAutowireCapableBeanFactory.createBeanInstance(AbstractAutowireCapableBeanFactory.java:1166) ~[spring-beans-6.1.1.jar:6.1.1]
	at org.springframework.beans.factory.support.AbstractAutowireCapableBeanFactory.doCreateBean(AbstractAutowireCapableBeanFactory.java:563) ~[spring-beans-6.1.1.jar:6.1.1]
	at org.springframework.beans.factory.support.AbstractAutowireCapableBeanFactory.createBean(AbstractAutowireCapableBeanFactory.java:523) ~[spring-beans-6.1.1.jar:6.1.1]
	at org.springframework.beans.factory.support.AbstractBeanFactory.lambda$doGetBean$0(AbstractBeanFactory.java:325) ~[spring-beans-6.1.1.jar:6.1.1]
	at org.springframework.beans.factory.support.DefaultSingletonBeanRegistry.getSingleton(DefaultSingletonBeanRegistry.java:234) ~[spring-beans-6.1.1.jar:6.1.1]
	at org.springframework.beans.factory.support.AbstractBeanFactory.doGetBean(AbstractBeanFactory.java:323) ~[spring-beans-6.1.1.jar:6.1.1]
	at org.springframework.beans.factory.support.AbstractBeanFactory.getBean(AbstractBeanFactory.java:199) ~[spring-beans-6.1.1.jar:6.1.1]
	at org.springframework.beans.factory.support.BeanDefinitionValueResolver.resolveReference(BeanDefinitionValueResolver.java:365) ~[spring-beans-6.1.1.jar:6.1.1]
	... 82 common frames omitted
Caused by: org.springframework.beans.factory.BeanCreationException: Error creating bean with name 'flywayInitializer' defined in class path resource [org/springframework/boot/autoconfigure/flyway/FlywayAutoConfiguration$FlywayConfiguration.class]: Migration V1__init_schema.sql failed
------------------------------------
SQL State  : 42000
Error Code : 1071
Message    : Specified key was too long; max key length is 3072 bytes
Location   : db/V1__init_schema.sql (/Users/gamp/Downloads/koins/target/classes/db/V1__init_schema.sql)
Line       : 140
Statement  : -- ============================================================
-- TOKEN BLACKLIST
-- ============================================================

CREATE TABLE IF NOT EXISTS token_blacklist (
    id                      BIGINT          NOT NULL AUTO_INCREMENT PRIMARY KEY,

    token                   VARCHAR(1000)  NOT NULL,

    blacklisted_at          DATETIME       NOT NULL DEFAULT CURRENT_TIMESTAMP,

    expires_at              DATETIME       NOT NULL,

    CONSTRAINT uk_blacklisted_token
        UNIQUE (token)
)

	at org.springframework.beans.factory.support.AbstractAutowireCapableBeanFactory.initializeBean(AbstractAutowireCapableBeanFactory.java:1775) ~[spring-beans-6.1.1.jar:6.1.1]
	at org.springframework.beans.factory.support.AbstractAutowireCapableBeanFactory.doCreateBean(AbstractAutowireCapableBeanFactory.java:601) ~[spring-beans-6.1.1.jar:6.1.1]
	at org.springframework.beans.factory.support.AbstractAutowireCapableBeanFactory.createBean(AbstractAutowireCapableBeanFactory.java:523) ~[spring-beans-6.1.1.jar:6.1.1]
	at org.springframework.beans.factory.support.AbstractBeanFactory.lambda$doGetBean$0(AbstractBeanFactory.java:325) ~[spring-beans-6.1.1.jar:6.1.1]
	at org.springframework.beans.factory.support.DefaultSingletonBeanRegistry.getSingleton(DefaultSingletonBeanRegistry.java:234) ~[spring-beans-6.1.1.jar:6.1.1]
	at org.springframework.beans.factory.support.AbstractBeanFactory.doGetBean(AbstractBeanFactory.java:323) ~[spring-beans-6.1.1.jar:6.1.1]
	at org.springframework.beans.factory.support.AbstractBeanFactory.getBean(AbstractBeanFactory.java:199) ~[spring-beans-6.1.1.jar:6.1.1]
	at org.springframework.beans.factory.support.AbstractBeanFactory.doGetBean(AbstractBeanFactory.java:312) ~[spring-beans-6.1.1.jar:6.1.1]
	at org.springframework.beans.factory.support.AbstractBeanFactory.getBean(AbstractBeanFactory.java:199) ~[spring-beans-6.1.1.jar:6.1.1]
	at org.springframework.beans.factory.support.BeanDefinitionValueResolver.resolveReference(BeanDefinitionValueResolver.java:365) ~[spring-beans-6.1.1.jar:6.1.1]
	... 94 common frames omitted
Caused by: org.flywaydb.core.internal.command.DbMigrate$FlywayMigrateException: Migration V1__init_schema.sql failed
------------------------------------
SQL State  : 42000
Error Code : 1071
Message    : Specified key was too long; max key length is 3072 bytes
Location   : db/V1__init_schema.sql (/Users/gamp/Downloads/koins/target/classes/db/V1__init_schema.sql)
Line       : 140
Statement  : -- ============================================================
-- TOKEN BLACKLIST
-- ============================================================

CREATE TABLE IF NOT EXISTS token_blacklist (
    id                      BIGINT          NOT NULL AUTO_INCREMENT PRIMARY KEY,

    token                   VARCHAR(1000)  NOT NULL,

    blacklisted_at          DATETIME       NOT NULL DEFAULT CURRENT_TIMESTAMP,

    expires_at              DATETIME       NOT NULL,

    CONSTRAINT uk_blacklisted_token
        UNIQUE (token)
)

	at org.flywaydb.core.internal.command.DbMigrate.doMigrateGroup(DbMigrate.java:382) ~[flyway-core-9.22.3.jar:na]
	at org.flywaydb.core.internal.command.DbMigrate.lambda$applyMigrations$1(DbMigrate.java:272) ~[flyway-core-9.22.3.jar:na]
	at org.flywaydb.core.internal.jdbc.TransactionalExecutionTemplate.execute(TransactionalExecutionTemplate.java:55) ~[flyway-core-9.22.3.jar:na]
	at org.flywaydb.core.internal.command.DbMigrate.applyMigrations(DbMigrate.java:271) ~[flyway-core-9.22.3.jar:na]
	at org.flywaydb.core.internal.command.DbMigrate.migrateGroup(DbMigrate.java:244) ~[flyway-core-9.22.3.jar:na]
	at org.flywaydb.core.internal.command.DbMigrate.lambda$migrateAll$0(DbMigrate.java:139) ~[flyway-core-9.22.3.jar:na]
	at org.flywaydb.database.mysql.MySQLNamedLockTemplate.execute(MySQLNamedLockTemplate.java:58) ~[flyway-mysql-9.22.3.jar:na]
	at org.flywaydb.database.mysql.MySQLConnection.lock(MySQLConnection.java:152) ~[flyway-mysql-9.22.3.jar:na]
	at org.flywaydb.core.internal.schemahistory.JdbcTableSchemaHistory.lock(JdbcTableSchemaHistory.java:144) ~[flyway-core-9.22.3.jar:na]
	at org.flywaydb.core.internal.command.DbMigrate.migrateAll(DbMigrate.java:139) ~[flyway-core-9.22.3.jar:na]
	at org.flywaydb.core.internal.command.DbMigrate.migrate(DbMigrate.java:97) ~[flyway-core-9.22.3.jar:na]
	at org.flywaydb.core.Flyway.lambda$migrate$0(Flyway.java:188) ~[flyway-core-9.22.3.jar:na]
	at org.flywaydb.core.FlywayExecutor.execute(FlywayExecutor.java:213) ~[flyway-core-9.22.3.jar:na]
	at org.flywaydb.core.Flyway.migrate(Flyway.java:140) ~[flyway-core-9.22.3.jar:na]
	at org.springframework.boot.autoconfigure.flyway.FlywayMigrationInitializer.afterPropertiesSet(FlywayMigrationInitializer.java:66) ~[spring-boot-autoconfigure-3.2.0.jar:3.2.0]
	at org.springframework.beans.factory.support.AbstractAutowireCapableBeanFactory.invokeInitMethods(AbstractAutowireCapableBeanFactory.java:1822) ~[spring-beans-6.1.1.jar:6.1.1]
	at org.springframework.beans.factory.support.AbstractAutowireCapableBeanFactory.initializeBean(AbstractAutowireCapableBeanFactory.java:1771) ~[spring-beans-6.1.1.jar:6.1.1]
	... 103 common frames omitted
Caused by: org.flywaydb.core.internal.sqlscript.FlywaySqlScriptException: Migration V1__init_schema.sql failed
------------------------------------
SQL State  : 42000
Error Code : 1071
Message    : Specified key was too long; max key length is 3072 bytes
Location   : db/V1__init_schema.sql (/Users/gamp/Downloads/koins/target/classes/db/V1__init_schema.sql)
Line       : 140
Statement  : -- ============================================================
-- TOKEN BLACKLIST
-- ============================================================

CREATE TABLE IF NOT EXISTS token_blacklist (
    id                      BIGINT          NOT NULL AUTO_INCREMENT PRIMARY KEY,

    token                   VARCHAR(1000)  NOT NULL,

    blacklisted_at          DATETIME       NOT NULL DEFAULT CURRENT_TIMESTAMP,

    expires_at              DATETIME       NOT NULL,

    CONSTRAINT uk_blacklisted_token
        UNIQUE (token)
)

	at org.flywaydb.core.internal.sqlscript.DefaultSqlScriptExecutor.handleException(DefaultSqlScriptExecutor.java:267) ~[flyway-core-9.22.3.jar:na]
	at org.flywaydb.core.internal.sqlscript.DefaultSqlScriptExecutor.executeStatement(DefaultSqlScriptExecutor.java:222) ~[flyway-core-9.22.3.jar:na]
	at org.flywaydb.core.internal.sqlscript.DefaultSqlScriptExecutor.execute(DefaultSqlScriptExecutor.java:126) ~[flyway-core-9.22.3.jar:na]
	at org.flywaydb.core.internal.resolver.sql.SqlMigrationExecutor.executeOnce(SqlMigrationExecutor.java:68) ~[flyway-core-9.22.3.jar:na]
	at org.flywaydb.core.internal.resolver.sql.SqlMigrationExecutor.lambda$execute$0(SqlMigrationExecutor.java:57) ~[flyway-core-9.22.3.jar:na]
	at org.flywaydb.core.internal.database.DefaultExecutionStrategy.execute(DefaultExecutionStrategy.java:27) ~[flyway-core-9.22.3.jar:na]
	at org.flywaydb.core.internal.resolver.sql.SqlMigrationExecutor.execute(SqlMigrationExecutor.java:56) ~[flyway-core-9.22.3.jar:na]
	at org.flywaydb.core.internal.command.DbMigrate.doMigrateGroup(DbMigrate.java:374) ~[flyway-core-9.22.3.jar:na]
	... 119 common frames omitted
Caused by: java.sql.SQLSyntaxErrorException: Specified key was too long; max key length is 3072 bytes
	at com.mysql.cj.jdbc.exceptions.SQLError.createSQLException(SQLError.java:121) ~[mysql-connector-j-8.1.0.jar:8.1.0]
	at com.mysql.cj.jdbc.exceptions.SQLExceptionsMapping.translateException(SQLExceptionsMapping.java:122) ~[mysql-connector-j-8.1.0.jar:8.1.0]
	at com.mysql.cj.jdbc.StatementImpl.executeInternal(StatementImpl.java:763) ~[mysql-connector-j-8.1.0.jar:8.1.0]
	at com.mysql.cj.jdbc.StatementImpl.execute(StatementImpl.java:648) ~[mysql-connector-j-8.1.0.jar:8.1.0]
	at com.zaxxer.hikari.pool.ProxyStatement.execute(ProxyStatement.java:94) ~[HikariCP-5.0.1.jar:na]
	at com.zaxxer.hikari.pool.HikariProxyStatement.execute(HikariProxyStatement.java) ~[HikariCP-5.0.1.jar:na]
	at org.flywaydb.core.internal.jdbc.JdbcTemplate.executeStatement(JdbcTemplate.java:201) ~[flyway-core-9.22.3.jar:na]
	at org.flywaydb.core.internal.sqlscript.ParsedSqlStatement.execute(ParsedSqlStatement.java:95) ~[flyway-core-9.22.3.jar:na]
	at org.flywaydb.core.internal.sqlscript.DefaultSqlScriptExecutor.executeStatement(DefaultSqlScriptExecutor.java:210) ~[flyway-core-9.22.3.jar:na]
	... 125 common frames omitted

2026-05-23T00:27:44.364+01:00  INFO 37205 --- [main] com.middleware.KoinsApplication          : Starting KoinsApplication using Java 17.0.11 with PID 37205 (/Users/gamp/Downloads/koins/target/classes started by gamp in /Users/gamp/Downloads/koins)
2026-05-23T00:27:44.370+01:00  INFO 37205 --- [main] com.middleware.KoinsApplication          : No active profile set, falling back to 1 default profile: "default"
2026-05-23T00:27:47.165+01:00  INFO 37205 --- [main] .s.d.r.c.RepositoryConfigurationDelegate : Bootstrapping Spring Data JPA repositories in DEFAULT mode.
2026-05-23T00:27:47.685+01:00  INFO 37205 --- [main] .s.d.r.c.RepositoryConfigurationDelegate : Finished Spring Data repository scanning in 501 ms. Found 6 JPA repository interfaces.
2026-05-23T00:27:49.506+01:00  INFO 37205 --- [main] o.s.b.w.embedded.tomcat.TomcatWebServer  : Tomcat initialized with port 8080 (http)
2026-05-23T00:27:49.532+01:00  INFO 37205 --- [main] o.apache.catalina.core.StandardService   : Starting service [Tomcat]
2026-05-23T00:27:49.533+01:00  INFO 37205 --- [main] o.apache.catalina.core.StandardEngine    : Starting Servlet engine: [Apache Tomcat/10.1.16]
2026-05-23T00:27:49.744+01:00  INFO 37205 --- [main] o.a.c.c.C.[Tomcat].[localhost].[/]       : Initializing Spring embedded WebApplicationContext
2026-05-23T00:27:49.746+01:00  INFO 37205 --- [main] w.s.c.ServletWebServerApplicationContext : Root WebApplicationContext: initialization completed in 5266 ms
2026-05-23T00:27:49.983+01:00  INFO 37205 --- [main] com.zaxxer.hikari.HikariDataSource       : HikariPool-1 - Starting...
2026-05-23T00:27:50.360+01:00  INFO 37205 --- [main] com.zaxxer.hikari.pool.HikariPool        : HikariPool-1 - Added connection com.mysql.cj.jdbc.ConnectionImpl@62058742
2026-05-23T00:27:50.365+01:00  INFO 37205 --- [main] com.zaxxer.hikari.HikariDataSource       : HikariPool-1 - Start completed.
2026-05-23T00:27:50.605+01:00  INFO 37205 --- [main] o.f.c.internal.license.VersionPrinter    : Flyway Community Edition 9.22.3 by Redgate
2026-05-23T00:27:50.606+01:00  INFO 37205 --- [main] o.f.c.internal.license.VersionPrinter    : See release notes here: https://rd.gt/416ObMi
2026-05-23T00:27:50.606+01:00  INFO 37205 --- [main] o.f.c.internal.license.VersionPrinter    : 
2026-05-23T00:27:50.623+01:00  INFO 37205 --- [main] o.f.c.i.resource.ResourceNameValidator   : 1 SQL migrations were detected but not run because they did not follow the filename convention.
2026-05-23T00:27:50.623+01:00  INFO 37205 --- [main] o.f.c.i.resource.ResourceNameValidator   : Set 'validateMigrationNaming' to true to fail fast and see a list of the invalid file names.
2026-05-23T00:27:50.647+01:00  INFO 37205 --- [main] org.flywaydb.core.FlywayExecutor         : Database: jdbc:mysql://localhost:3306/koins_db (MySQL 8.0)
2026-05-23T00:27:50.742+01:00  INFO 37205 --- [main] o.f.c.i.s.JdbcTableSchemaHistory         : Schema history table `koins_db`.`flyway_schema_history` does not exist yet
2026-05-23T00:27:50.749+01:00  INFO 37205 --- [main] o.f.core.internal.command.DbValidate     : Successfully validated 2 migrations (execution time 00:00.063s)
2026-05-23T00:27:50.809+01:00  INFO 37205 --- [main] o.f.c.i.s.JdbcTableSchemaHistory         : Creating Schema History table `koins_db`.`flyway_schema_history` ...
2026-05-23T00:27:51.005+01:00  INFO 37205 --- [main] o.f.core.internal.command.DbMigrate      : Current version of schema `koins_db`: << Empty Schema >>
2026-05-23T00:27:51.056+01:00  INFO 37205 --- [main] o.f.core.internal.command.DbMigrate      : Migrating schema `koins_db` to version "1 - init schema"
2026-05-23T00:27:51.532+01:00  INFO 37205 --- [main] o.f.core.internal.command.DbMigrate      : Migrating schema `koins_db` to version "2 - seed admin user"
2026-05-23T00:27:51.571+01:00  INFO 37205 --- [main] o.f.core.internal.command.DbMigrate      : Successfully applied 2 migrations to schema `koins_db`, now at version v2 (execution time 00:00.448s)
2026-05-23T00:27:51.775+01:00  INFO 37205 --- [main] o.hibernate.jpa.internal.util.LogHelper  : HHH000204: Processing PersistenceUnitInfo [name: default]
2026-05-23T00:27:51.945+01:00  INFO 37205 --- [main] org.hibernate.Version                    : HHH000412: Hibernate ORM core version 6.3.1.Final
2026-05-23T00:27:52.055+01:00  INFO 37205 --- [main] o.h.c.internal.RegionFactoryInitiator    : HHH000026: Second-level cache disabled
2026-05-23T00:27:52.678+01:00  INFO 37205 --- [main] o.s.o.j.p.SpringPersistenceUnitInfo      : No LoadTimeWeaver setup: ignoring JPA class transformer
2026-05-23T00:27:52.840+01:00  WARN 37205 --- [main] org.hibernate.orm.deprecation            : HHH90000025: MySQL8Dialect does not need to be specified explicitly using 'hibernate.dialect' (remove the property setting and it will be selected by default)
2026-05-23T00:27:52.841+01:00  WARN 37205 --- [main] org.hibernate.orm.deprecation            : HHH90000026: MySQL8Dialect has been deprecated; use org.hibernate.dialect.MySQLDialect instead
2026-05-23T00:27:52.926+01:00  WARN 37205 --- [main] org.hibernate.orm.incubating             : HHH90006001: Encountered incubating setting [hibernate.type.preferred_uuid_jdbc_type].  See javadoc on corresponding `org.hibernate.cfg.AvailableSettings` constant for details.
2026-05-23T00:27:53.443+01:00  WARN 37205 --- [main] org.hibernate.orm.incubating             : HHH90006001: Encountered incubating setting [hibernate.type.preferred_uuid_jdbc_type].  See javadoc on corresponding `org.hibernate.cfg.AvailableSettings` constant for details.
2026-05-23T00:27:55.109+01:00  INFO 37205 --- [main] o.h.e.t.j.p.i.JtaPlatformInitiator       : HHH000489: No JTA platform available (set 'hibernate.transaction.jta.platform' to enable JTA platform integration)
2026-05-23T00:27:55.198+01:00  INFO 37205 --- [main] j.LocalContainerEntityManagerFactoryBean : Initialized JPA EntityManagerFactory for persistence unit 'default'
2026-05-23T00:27:56.030+01:00  INFO 37205 --- [main] o.s.d.j.r.query.QueryEnhancerFactory     : Hibernate is in classpath; If applicable, HQL parser will be used.
2026-05-23T00:28:00.173+01:00  INFO 37205 --- [main] o.s.b.w.embedded.tomcat.TomcatWebServer  : Tomcat started on port 8080 (http) with context path ''
2026-05-23T00:28:00.181+01:00  INFO 37205 --- [main] o.s.a.r.c.CachingConnectionFactory       : Attempting to connect to: [localhost:5672]
2026-05-23T00:28:00.743+01:00  INFO 37205 --- [main] o.s.a.r.c.CachingConnectionFactory       : Created new connection: rabbitConnectionFactory#7c8d382e:0/SimpleConnection@1be551ec [delegate=amqp://guest@127.0.0.1:5672/, localPort=55150]
2026-05-23T00:28:01.366+01:00  INFO 37205 --- [main] com.middleware.KoinsApplication          : Started KoinsApplication in 18.187 seconds (process running for 19.858)
2026-05-23T00:30:16.319+01:00  INFO 37205 --- [http-nio-8080-exec-2] o.a.c.c.C.[Tomcat].[localhost].[/]       : Initializing Spring DispatcherServlet 'dispatcherServlet'
2026-05-23T00:30:16.322+01:00  INFO 37205 --- [http-nio-8080-exec-2] o.s.web.servlet.DispatcherServlet        : Initializing Servlet 'dispatcherServlet'
2026-05-23T00:30:16.326+01:00  INFO 37205 --- [http-nio-8080-exec-2] o.s.web.servlet.DispatcherServlet        : Completed initialization in 4 ms
2026-05-23T00:30:16.370+01:00  WARN 37205 --- [http-nio-8080-exec-2] o.s.w.s.h.HandlerMappingIntrospector     : Cache miss for REQUEST dispatch to '/apiv1/auth/register' (previous null). Performing CorsConfiguration lookup. This is logged once only at WARN level, and every time at TRACE.
2026-05-23T00:30:16.434+01:00  WARN 37205 --- [http-nio-8080-exec-2] o.s.w.s.h.HandlerMappingIntrospector     : Cache miss for REQUEST dispatch to '/apiv1/auth/register' (previous null). Performing MatchableHandlerMapping lookup. This is logged once only at WARN level, and every time at TRACE.
2026-05-23T00:30:59.540+01:00  INFO 37205 --- [http-nio-8080-exec-4] c.m.service.impl.AuthServiceImpl         : Starting new user registration
2026-05-23T00:31:00.448+01:00  INFO 37205 --- [http-nio-8080-exec-4] c.m.messaging.NotificationPublisher      : Published email verification OTP for lame17@mytempmail.org
2026-05-23T00:31:00.564+01:00  WARN 37205 --- [http-nio-8080-exec-4] o.h.engine.jdbc.spi.SqlExceptionHelper   : SQL Error: 1406, SQLState: 22001
2026-05-23T00:31:00.566+01:00 ERROR 37205 --- [http-nio-8080-exec-4] o.h.engine.jdbc.spi.SqlExceptionHelper   : Data truncation: Data too long for column 'otp' at row 1
2026-05-23T00:31:00.675+01:00 ERROR 37205 --- [http-nio-8080-exec-4] c.m.exception.GlobalExceptionHandler     : Unexpected error: 

org.springframework.dao.DataIntegrityViolationException: could not execute statement [Data truncation: Data too long for column 'otp' at row 1] [insert into users (account_status,bvn_nin,created_date,email,email_verified,full_name,last_login,otp,otp_action,otp_attempt_count,otp_expiry,password,password_reset_token,phone_number,role,id) values (?,?,?,?,?,?,?,?,?,?,?,?,?,?,?,?)]; SQL [insert into users (account_status,bvn_nin,created_date,email,email_verified,full_name,last_login,otp,otp_action,otp_attempt_count,otp_expiry,password,password_reset_token,phone_number,role,id) values (?,?,?,?,?,?,?,?,?,?,?,?,?,?,?,?)]
	at org.springframework.orm.jpa.vendor.HibernateJpaDialect.convertHibernateAccessException(HibernateJpaDialect.java:293) ~[spring-orm-6.1.1.jar:6.1.1]
	at org.springframework.orm.jpa.vendor.HibernateJpaDialect.translateExceptionIfPossible(HibernateJpaDialect.java:241) ~[spring-orm-6.1.1.jar:6.1.1]
	at org.springframework.orm.jpa.JpaTransactionManager.doCommit(JpaTransactionManager.java:565) ~[spring-orm-6.1.1.jar:6.1.1]
	at org.springframework.transaction.support.AbstractPlatformTransactionManager.processCommit(AbstractPlatformTransactionManager.java:794) ~[spring-tx-6.1.1.jar:6.1.1]
	at org.springframework.transaction.support.AbstractPlatformTransactionManager.commit(AbstractPlatformTransactionManager.java:757) ~[spring-tx-6.1.1.jar:6.1.1]
	at org.springframework.transaction.interceptor.TransactionAspectSupport.commitTransactionAfterReturning(TransactionAspectSupport.java:669) ~[spring-tx-6.1.1.jar:6.1.1]
	at org.springframework.transaction.interceptor.TransactionAspectSupport.invokeWithinTransaction(TransactionAspectSupport.java:419) ~[spring-tx-6.1.1.jar:6.1.1]
	at org.springframework.transaction.interceptor.TransactionInterceptor.invoke(TransactionInterceptor.java:119) ~[spring-tx-6.1.1.jar:6.1.1]
	at org.springframework.aop.framework.ReflectiveMethodInvocation.proceed(ReflectiveMethodInvocation.java:184) ~[spring-aop-6.1.1.jar:6.1.1]
	at org.springframework.aop.framework.CglibAopProxy$CglibMethodInvocation.proceed(CglibAopProxy.java:765) ~[spring-aop-6.1.1.jar:6.1.1]
	at org.springframework.aop.framework.CglibAopProxy$DynamicAdvisedInterceptor.intercept(CglibAopProxy.java:717) ~[spring-aop-6.1.1.jar:6.1.1]
	at com.middleware.service.impl.AuthServiceImpl$$SpringCGLIB$$0.register(<generated>) ~[classes/:na]
	at com.middleware.controller.AuthController.register(AuthController.java:32) ~[classes/:na]
	at java.base/jdk.internal.reflect.NativeMethodAccessorImpl.invoke0(Native Method) ~[na:na]
	at java.base/jdk.internal.reflect.NativeMethodAccessorImpl.invoke(NativeMethodAccessorImpl.java:77) ~[na:na]
	at java.base/jdk.internal.reflect.DelegatingMethodAccessorImpl.invoke(DelegatingMethodAccessorImpl.java:43) ~[na:na]
	at java.base/java.lang.reflect.Method.invoke(Method.java:568) ~[na:na]
	at org.springframework.aop.support.AopUtils.invokeJoinpointUsingReflection(AopUtils.java:352) ~[spring-aop-6.1.1.jar:6.1.1]
	at org.springframework.aop.framework.ReflectiveMethodInvocation.invokeJoinpoint(ReflectiveMethodInvocation.java:196) ~[spring-aop-6.1.1.jar:6.1.1]
	at org.springframework.aop.framework.ReflectiveMethodInvocation.proceed(ReflectiveMethodInvocation.java:163) ~[spring-aop-6.1.1.jar:6.1.1]
	at org.springframework.aop.framework.CglibAopProxy$CglibMethodInvocation.proceed(CglibAopProxy.java:765) ~[spring-aop-6.1.1.jar:6.1.1]
	at org.springframework.aop.aspectj.MethodInvocationProceedingJoinPoint.proceed(MethodInvocationProceedingJoinPoint.java:89) ~[spring-aop-6.1.1.jar:6.1.1]
	at com.middleware.config.AuditAspect.audit(AuditAspect.java:45) ~[classes/:na]
	at java.base/jdk.internal.reflect.NativeMethodAccessorImpl.invoke0(Native Method) ~[na:na]
	at java.base/jdk.internal.reflect.NativeMethodAccessorImpl.invoke(NativeMethodAccessorImpl.java:77) ~[na:na]
	at java.base/jdk.internal.reflect.DelegatingMethodAccessorImpl.invoke(DelegatingMethodAccessorImpl.java:43) ~[na:na]
	at java.base/java.lang.reflect.Method.invoke(Method.java:568) ~[na:na]
	at org.springframework.aop.aspectj.AbstractAspectJAdvice.invokeAdviceMethodWithGivenArgs(AbstractAspectJAdvice.java:637) ~[spring-aop-6.1.1.jar:6.1.1]
	at org.springframework.aop.aspectj.AbstractAspectJAdvice.invokeAdviceMethod(AbstractAspectJAdvice.java:627) ~[spring-aop-6.1.1.jar:6.1.1]
	at org.springframework.aop.aspectj.AspectJAroundAdvice.invoke(AspectJAroundAdvice.java:71) ~[spring-aop-6.1.1.jar:6.1.1]
	at org.springframework.aop.framework.ReflectiveMethodInvocation.proceed(ReflectiveMethodInvocation.java:173) ~[spring-aop-6.1.1.jar:6.1.1]
	at org.springframework.aop.framework.CglibAopProxy$CglibMethodInvocation.proceed(CglibAopProxy.java:765) ~[spring-aop-6.1.1.jar:6.1.1]
	at org.springframework.aop.interceptor.ExposeInvocationInterceptor.invoke(ExposeInvocationInterceptor.java:97) ~[spring-aop-6.1.1.jar:6.1.1]
	at org.springframework.aop.framework.ReflectiveMethodInvocation.proceed(ReflectiveMethodInvocation.java:184) ~[spring-aop-6.1.1.jar:6.1.1]
	at org.springframework.aop.framework.CglibAopProxy$CglibMethodInvocation.proceed(CglibAopProxy.java:765) ~[spring-aop-6.1.1.jar:6.1.1]
	at org.springframework.aop.framework.CglibAopProxy$DynamicAdvisedInterceptor.intercept(CglibAopProxy.java:717) ~[spring-aop-6.1.1.jar:6.1.1]
	at com.middleware.controller.AuthController$$SpringCGLIB$$0.register(<generated>) ~[classes/:na]
	at java.base/jdk.internal.reflect.NativeMethodAccessorImpl.invoke0(Native Method) ~[na:na]
	at java.base/jdk.internal.reflect.NativeMethodAccessorImpl.invoke(NativeMethodAccessorImpl.java:77) ~[na:na]
	at java.base/jdk.internal.reflect.DelegatingMethodAccessorImpl.invoke(DelegatingMethodAccessorImpl.java:43) ~[na:na]
	at java.base/java.lang.reflect.Method.invoke(Method.java:568) ~[na:na]
	at org.springframework.web.method.support.InvocableHandlerMethod.doInvoke(InvocableHandlerMethod.java:254) ~[spring-web-6.1.1.jar:6.1.1]
	at org.springframework.web.method.support.InvocableHandlerMethod.invokeForRequest(InvocableHandlerMethod.java:182) ~[spring-web-6.1.1.jar:6.1.1]
	at org.springframework.web.servlet.mvc.method.annotation.ServletInvocableHandlerMethod.invokeAndHandle(ServletInvocableHandlerMethod.java:118) ~[spring-webmvc-6.1.1.jar:6.1.1]
	at org.springframework.web.servlet.mvc.method.annotation.RequestMappingHandlerAdapter.invokeHandlerMethod(RequestMappingHandlerAdapter.java:917) ~[spring-webmvc-6.1.1.jar:6.1.1]
	at org.springframework.web.servlet.mvc.method.annotation.RequestMappingHandlerAdapter.handleInternal(RequestMappingHandlerAdapter.java:829) ~[spring-webmvc-6.1.1.jar:6.1.1]
	at org.springframework.web.servlet.mvc.method.AbstractHandlerMethodAdapter.handle(AbstractHandlerMethodAdapter.java:87) ~[spring-webmvc-6.1.1.jar:6.1.1]
	at org.springframework.web.servlet.DispatcherServlet.doDispatch(DispatcherServlet.java:1089) ~[spring-webmvc-6.1.1.jar:6.1.1]
	at org.springframework.web.servlet.DispatcherServlet.doService(DispatcherServlet.java:979) ~[spring-webmvc-6.1.1.jar:6.1.1]
	at org.springframework.web.servlet.FrameworkServlet.processRequest(FrameworkServlet.java:1014) ~[spring-webmvc-6.1.1.jar:6.1.1]
	at org.springframework.web.servlet.FrameworkServlet.doPost(FrameworkServlet.java:914) ~[spring-webmvc-6.1.1.jar:6.1.1]
	at jakarta.servlet.http.HttpServlet.service(HttpServlet.java:590) ~[tomcat-embed-core-10.1.16.jar:6.0]
	at org.springframework.web.servlet.FrameworkServlet.service(FrameworkServlet.java:885) ~[spring-webmvc-6.1.1.jar:6.1.1]
	at jakarta.servlet.http.HttpServlet.service(HttpServlet.java:658) ~[tomcat-embed-core-10.1.16.jar:6.0]
	at org.apache.catalina.core.ApplicationFilterChain.internalDoFilter(ApplicationFilterChain.java:205) ~[tomcat-embed-core-10.1.16.jar:10.1.16]
	at org.apache.catalina.core.ApplicationFilterChain.doFilter(ApplicationFilterChain.java:149) ~[tomcat-embed-core-10.1.16.jar:10.1.16]
	at org.apache.tomcat.websocket.server.WsFilter.doFilter(WsFilter.java:51) ~[tomcat-embed-websocket-10.1.16.jar:10.1.16]
	at org.apache.catalina.core.ApplicationFilterChain.internalDoFilter(ApplicationFilterChain.java:174) ~[tomcat-embed-core-10.1.16.jar:10.1.16]
	at org.apache.catalina.core.ApplicationFilterChain.doFilter(ApplicationFilterChain.java:149) ~[tomcat-embed-core-10.1.16.jar:10.1.16]
	at org.springframework.web.filter.OncePerRequestFilter.doFilter(OncePerRequestFilter.java:110) ~[spring-web-6.1.1.jar:6.1.1]
	at org.apache.catalina.core.ApplicationFilterChain.internalDoFilter(ApplicationFilterChain.java:174) ~[tomcat-embed-core-10.1.16.jar:10.1.16]
	at org.apache.catalina.core.ApplicationFilterChain.doFilter(ApplicationFilterChain.java:149) ~[tomcat-embed-core-10.1.16.jar:10.1.16]
	at org.springframework.security.web.FilterChainProxy.lambda$doFilterInternal$3(FilterChainProxy.java:231) ~[spring-security-web-6.2.0.jar:6.2.0]
	at org.springframework.security.web.FilterChainProxy$VirtualFilterChain.doFilter(FilterChainProxy.java:365) ~[spring-security-web-6.2.0.jar:6.2.0]
	at org.springframework.security.web.access.intercept.AuthorizationFilter.doFilter(AuthorizationFilter.java:100) ~[spring-security-web-6.2.0.jar:6.2.0]
	at org.springframework.security.web.FilterChainProxy$VirtualFilterChain.doFilter(FilterChainProxy.java:374) ~[spring-security-web-6.2.0.jar:6.2.0]
	at org.springframework.security.web.access.ExceptionTranslationFilter.doFilter(ExceptionTranslationFilter.java:126) ~[spring-security-web-6.2.0.jar:6.2.0]
	at org.springframework.security.web.access.ExceptionTranslationFilter.doFilter(ExceptionTranslationFilter.java:120) ~[spring-security-web-6.2.0.jar:6.2.0]
	at org.springframework.security.web.FilterChainProxy$VirtualFilterChain.doFilter(FilterChainProxy.java:374) ~[spring-security-web-6.2.0.jar:6.2.0]
	at org.springframework.security.web.session.SessionManagementFilter.doFilter(SessionManagementFilter.java:131) ~[spring-security-web-6.2.0.jar:6.2.0]
	at org.springframework.security.web.session.SessionManagementFilter.doFilter(SessionManagementFilter.java:85) ~[spring-security-web-6.2.0.jar:6.2.0]
	at org.springframework.security.web.FilterChainProxy$VirtualFilterChain.doFilter(FilterChainProxy.java:374) ~[spring-security-web-6.2.0.jar:6.2.0]
	at org.springframework.security.web.authentication.AnonymousAuthenticationFilter.doFilter(AnonymousAuthenticationFilter.java:100) ~[spring-security-web-6.2.0.jar:6.2.0]
	at org.springframework.security.web.FilterChainProxy$VirtualFilterChain.doFilter(FilterChainProxy.java:374) ~[spring-security-web-6.2.0.jar:6.2.0]
	at org.springframework.security.web.servletapi.SecurityContextHolderAwareRequestFilter.doFilter(SecurityContextHolderAwareRequestFilter.java:179) ~[spring-security-web-6.2.0.jar:6.2.0]
	at org.springframework.security.web.FilterChainProxy$VirtualFilterChain.doFilter(FilterChainProxy.java:374) ~[spring-security-web-6.2.0.jar:6.2.0]
	at org.springframework.security.web.savedrequest.RequestCacheAwareFilter.doFilter(RequestCacheAwareFilter.java:63) ~[spring-security-web-6.2.0.jar:6.2.0]
	at org.springframework.security.web.FilterChainProxy$VirtualFilterChain.doFilter(FilterChainProxy.java:374) ~[spring-security-web-6.2.0.jar:6.2.0]
	at com.middleware.security.JwtAuthenticationFilter.doFilterInternal(JwtAuthenticationFilter.java:33) ~[classes/:na]
	at org.springframework.web.filter.OncePerRequestFilter.doFilter(OncePerRequestFilter.java:116) ~[spring-web-6.1.1.jar:6.1.1]
	at org.springframework.security.web.FilterChainProxy$VirtualFilterChain.doFilter(FilterChainProxy.java:374) ~[spring-security-web-6.2.0.jar:6.2.0]
	at org.springframework.security.web.authentication.logout.LogoutFilter.doFilter(LogoutFilter.java:107) ~[spring-security-web-6.2.0.jar:6.2.0]
	at org.springframework.security.web.authentication.logout.LogoutFilter.doFilter(LogoutFilter.java:93) ~[spring-security-web-6.2.0.jar:6.2.0]
	at org.springframework.security.web.FilterChainProxy$VirtualFilterChain.doFilter(FilterChainProxy.java:374) ~[spring-security-web-6.2.0.jar:6.2.0]
	at org.springframework.web.filter.CorsFilter.doFilterInternal(CorsFilter.java:91) ~[spring-web-6.1.1.jar:6.1.1]
	at org.springframework.web.filter.OncePerRequestFilter.doFilter(OncePerRequestFilter.java:116) ~[spring-web-6.1.1.jar:6.1.1]
	at org.springframework.security.web.FilterChainProxy$VirtualFilterChain.doFilter(FilterChainProxy.java:374) ~[spring-security-web-6.2.0.jar:6.2.0]
	at org.springframework.security.web.header.HeaderWriterFilter.doHeadersAfter(HeaderWriterFilter.java:90) ~[spring-security-web-6.2.0.jar:6.2.0]
	at org.springframework.security.web.header.HeaderWriterFilter.doFilterInternal(HeaderWriterFilter.java:75) ~[spring-security-web-6.2.0.jar:6.2.0]
	at org.springframework.web.filter.OncePerRequestFilter.doFilter(OncePerRequestFilter.java:116) ~[spring-web-6.1.1.jar:6.1.1]
	at org.springframework.security.web.FilterChainProxy$VirtualFilterChain.doFilter(FilterChainProxy.java:374) ~[spring-security-web-6.2.0.jar:6.2.0]
	at org.springframework.security.web.context.SecurityContextHolderFilter.doFilter(SecurityContextHolderFilter.java:82) ~[spring-security-web-6.2.0.jar:6.2.0]
	at org.springframework.security.web.context.SecurityContextHolderFilter.doFilter(SecurityContextHolderFilter.java:69) ~[spring-security-web-6.2.0.jar:6.2.0]
	at org.springframework.security.web.FilterChainProxy$VirtualFilterChain.doFilter(FilterChainProxy.java:374) ~[spring-security-web-6.2.0.jar:6.2.0]
	at org.springframework.security.web.context.request.async.WebAsyncManagerIntegrationFilter.doFilterInternal(WebAsyncManagerIntegrationFilter.java:62) ~[spring-security-web-6.2.0.jar:6.2.0]
	at org.springframework.web.filter.OncePerRequestFilter.doFilter(OncePerRequestFilter.java:116) ~[spring-web-6.1.1.jar:6.1.1]
	at org.springframework.security.web.FilterChainProxy$VirtualFilterChain.doFilter(FilterChainProxy.java:374) ~[spring-security-web-6.2.0.jar:6.2.0]
	at org.springframework.security.web.session.DisableEncodeUrlFilter.doFilterInternal(DisableEncodeUrlFilter.java:42) ~[spring-security-web-6.2.0.jar:6.2.0]
	at org.springframework.web.filter.OncePerRequestFilter.doFilter(OncePerRequestFilter.java:116) ~[spring-web-6.1.1.jar:6.1.1]
	at org.springframework.security.web.FilterChainProxy$VirtualFilterChain.doFilter(FilterChainProxy.java:374) ~[spring-security-web-6.2.0.jar:6.2.0]
	at org.springframework.security.web.FilterChainProxy.doFilterInternal(FilterChainProxy.java:233) ~[spring-security-web-6.2.0.jar:6.2.0]
	at org.springframework.security.web.FilterChainProxy.doFilter(FilterChainProxy.java:191) ~[spring-security-web-6.2.0.jar:6.2.0]
	at org.springframework.web.filter.DelegatingFilterProxy.invokeDelegate(DelegatingFilterProxy.java:352) ~[spring-web-6.1.1.jar:6.1.1]
	at org.springframework.web.filter.DelegatingFilterProxy.doFilter(DelegatingFilterProxy.java:268) ~[spring-web-6.1.1.jar:6.1.1]
	at org.apache.catalina.core.ApplicationFilterChain.internalDoFilter(ApplicationFilterChain.java:174) ~[tomcat-embed-core-10.1.16.jar:10.1.16]
	at org.apache.catalina.core.ApplicationFilterChain.doFilter(ApplicationFilterChain.java:149) ~[tomcat-embed-core-10.1.16.jar:10.1.16]
	at org.springframework.web.filter.RequestContextFilter.doFilterInternal(RequestContextFilter.java:100) ~[spring-web-6.1.1.jar:6.1.1]
	at org.springframework.web.filter.OncePerRequestFilter.doFilter(OncePerRequestFilter.java:116) ~[spring-web-6.1.1.jar:6.1.1]
	at org.apache.catalina.core.ApplicationFilterChain.internalDoFilter(ApplicationFilterChain.java:174) ~[tomcat-embed-core-10.1.16.jar:10.1.16]
	at org.apache.catalina.core.ApplicationFilterChain.doFilter(ApplicationFilterChain.java:149) ~[tomcat-embed-core-10.1.16.jar:10.1.16]
	at org.springframework.web.filter.FormContentFilter.doFilterInternal(FormContentFilter.java:93) ~[spring-web-6.1.1.jar:6.1.1]
	at org.springframework.web.filter.OncePerRequestFilter.doFilter(OncePerRequestFilter.java:116) ~[spring-web-6.1.1.jar:6.1.1]
	at org.apache.catalina.core.ApplicationFilterChain.internalDoFilter(ApplicationFilterChain.java:174) ~[tomcat-embed-core-10.1.16.jar:10.1.16]
	at org.apache.catalina.core.ApplicationFilterChain.doFilter(ApplicationFilterChain.java:149) ~[tomcat-embed-core-10.1.16.jar:10.1.16]
	at org.springframework.web.filter.CharacterEncodingFilter.doFilterInternal(CharacterEncodingFilter.java:201) ~[spring-web-6.1.1.jar:6.1.1]
	at org.springframework.web.filter.OncePerRequestFilter.doFilter(OncePerRequestFilter.java:116) ~[spring-web-6.1.1.jar:6.1.1]
	at org.apache.catalina.core.ApplicationFilterChain.internalDoFilter(ApplicationFilterChain.java:174) ~[tomcat-embed-core-10.1.16.jar:10.1.16]
	at org.apache.catalina.core.ApplicationFilterChain.doFilter(ApplicationFilterChain.java:149) ~[tomcat-embed-core-10.1.16.jar:10.1.16]
	at org.apache.catalina.core.StandardWrapperValve.invoke(StandardWrapperValve.java:167) ~[tomcat-embed-core-10.1.16.jar:10.1.16]
	at org.apache.catalina.core.StandardContextValve.invoke(StandardContextValve.java:90) ~[tomcat-embed-core-10.1.16.jar:10.1.16]
	at org.apache.catalina.authenticator.AuthenticatorBase.invoke(AuthenticatorBase.java:482) ~[tomcat-embed-core-10.1.16.jar:10.1.16]
	at org.apache.catalina.core.StandardHostValve.invoke(StandardHostValve.java:115) ~[tomcat-embed-core-10.1.16.jar:10.1.16]
	at org.apache.catalina.valves.ErrorReportValve.invoke(ErrorReportValve.java:93) ~[tomcat-embed-core-10.1.16.jar:10.1.16]
	at org.apache.catalina.core.StandardEngineValve.invoke(StandardEngineValve.java:74) ~[tomcat-embed-core-10.1.16.jar:10.1.16]
	at org.apache.catalina.connector.CoyoteAdapter.service(CoyoteAdapter.java:340) ~[tomcat-embed-core-10.1.16.jar:10.1.16]
	at org.apache.coyote.http11.Http11Processor.service(Http11Processor.java:391) ~[tomcat-embed-core-10.1.16.jar:10.1.16]
	at org.apache.coyote.AbstractProcessorLight.process(AbstractProcessorLight.java:63) ~[tomcat-embed-core-10.1.16.jar:10.1.16]
	at org.apache.coyote.AbstractProtocol$ConnectionHandler.process(AbstractProtocol.java:896) ~[tomcat-embed-core-10.1.16.jar:10.1.16]
	at org.apache.tomcat.util.net.NioEndpoint$SocketProcessor.doRun(NioEndpoint.java:1744) ~[tomcat-embed-core-10.1.16.jar:10.1.16]
	at org.apache.tomcat.util.net.SocketProcessorBase.run(SocketProcessorBase.java:52) ~[tomcat-embed-core-10.1.16.jar:10.1.16]
	at org.apache.tomcat.util.threads.ThreadPoolExecutor.runWorker(ThreadPoolExecutor.java:1191) ~[tomcat-embed-core-10.1.16.jar:10.1.16]
	at org.apache.tomcat.util.threads.ThreadPoolExecutor$Worker.run(ThreadPoolExecutor.java:659) ~[tomcat-embed-core-10.1.16.jar:10.1.16]
	at org.apache.tomcat.util.threads.TaskThread$WrappingRunnable.run(TaskThread.java:61) ~[tomcat-embed-core-10.1.16.jar:10.1.16]
	at java.base/java.lang.Thread.run(Thread.java:842) ~[na:na]
Caused by: org.hibernate.exception.DataException: could not execute statement [Data truncation: Data too long for column 'otp' at row 1] [insert into users (account_status,bvn_nin,created_date,email,email_verified,full_name,last_login,otp,otp_action,otp_attempt_count,otp_expiry,password,password_reset_token,phone_number,role,id) values (?,?,?,?,?,?,?,?,?,?,?,?,?,?,?,?)]
	at org.hibernate.exception.internal.SQLExceptionTypeDelegate.convert(SQLExceptionTypeDelegate.java:55) ~[hibernate-core-6.3.1.Final.jar:6.3.1.Final]
	at org.hibernate.exception.internal.StandardSQLExceptionConverter.convert(StandardSQLExceptionConverter.java:58) ~[hibernate-core-6.3.1.Final.jar:6.3.1.Final]
	at org.hibernate.engine.jdbc.spi.SqlExceptionHelper.convert(SqlExceptionHelper.java:108) ~[hibernate-core-6.3.1.Final.jar:6.3.1.Final]
	at org.hibernate.engine.jdbc.internal.ResultSetReturnImpl.executeUpdate(ResultSetReturnImpl.java:283) ~[hibernate-core-6.3.1.Final.jar:6.3.1.Final]
	at org.hibernate.engine.jdbc.mutation.internal.AbstractMutationExecutor.performNonBatchedMutation(AbstractMutationExecutor.java:107) ~[hibernate-core-6.3.1.Final.jar:6.3.1.Final]
	at org.hibernate.engine.jdbc.mutation.internal.MutationExecutorSingleNonBatched.performNonBatchedOperations(MutationExecutorSingleNonBatched.java:40) ~[hibernate-core-6.3.1.Final.jar:6.3.1.Final]
	at org.hibernate.engine.jdbc.mutation.internal.AbstractMutationExecutor.execute(AbstractMutationExecutor.java:52) ~[hibernate-core-6.3.1.Final.jar:6.3.1.Final]
	at org.hibernate.persister.entity.mutation.InsertCoordinator.doStaticInserts(InsertCoordinator.java:171) ~[hibernate-core-6.3.1.Final.jar:6.3.1.Final]
	at org.hibernate.persister.entity.mutation.InsertCoordinator.coordinateInsert(InsertCoordinator.java:112) ~[hibernate-core-6.3.1.Final.jar:6.3.1.Final]
	at org.hibernate.persister.entity.AbstractEntityPersister.insert(AbstractEntityPersister.java:2865) ~[hibernate-core-6.3.1.Final.jar:6.3.1.Final]
	at org.hibernate.action.internal.EntityInsertAction.execute(EntityInsertAction.java:102) ~[hibernate-core-6.3.1.Final.jar:6.3.1.Final]
	at org.hibernate.engine.spi.ActionQueue.executeActions(ActionQueue.java:631) ~[hibernate-core-6.3.1.Final.jar:6.3.1.Final]
	at org.hibernate.engine.spi.ActionQueue.executeActions(ActionQueue.java:498) ~[hibernate-core-6.3.1.Final.jar:6.3.1.Final]
	at org.hibernate.event.internal.AbstractFlushingEventListener.performExecutions(AbstractFlushingEventListener.java:363) ~[hibernate-core-6.3.1.Final.jar:6.3.1.Final]
	at org.hibernate.event.internal.DefaultFlushEventListener.onFlush(DefaultFlushEventListener.java:39) ~[hibernate-core-6.3.1.Final.jar:6.3.1.Final]
	at org.hibernate.event.service.internal.EventListenerGroupImpl.fireEventOnEachListener(EventListenerGroupImpl.java:127) ~[hibernate-core-6.3.1.Final.jar:6.3.1.Final]
	at org.hibernate.internal.SessionImpl.doFlush(SessionImpl.java:1415) ~[hibernate-core-6.3.1.Final.jar:6.3.1.Final]
	at org.hibernate.internal.SessionImpl.managedFlush(SessionImpl.java:496) ~[hibernate-core-6.3.1.Final.jar:6.3.1.Final]
	at org.hibernate.internal.SessionImpl.flushBeforeTransactionCompletion(SessionImpl.java:2325) ~[hibernate-core-6.3.1.Final.jar:6.3.1.Final]
	at org.hibernate.internal.SessionImpl.beforeTransactionCompletion(SessionImpl.java:1988) ~[hibernate-core-6.3.1.Final.jar:6.3.1.Final]
	at org.hibernate.engine.jdbc.internal.JdbcCoordinatorImpl.beforeTransactionCompletion(JdbcCoordinatorImpl.java:439) ~[hibernate-core-6.3.1.Final.jar:6.3.1.Final]
	at org.hibernate.resource.transaction.backend.jdbc.internal.JdbcResourceLocalTransactionCoordinatorImpl.beforeCompletionCallback(JdbcResourceLocalTransactionCoordinatorImpl.java:169) ~[hibernate-core-6.3.1.Final.jar:6.3.1.Final]
	at org.hibernate.resource.transaction.backend.jdbc.internal.JdbcResourceLocalTransactionCoordinatorImpl$TransactionDriverControlImpl.commit(JdbcResourceLocalTransactionCoordinatorImpl.java:267) ~[hibernate-core-6.3.1.Final.jar:6.3.1.Final]
	at org.hibernate.engine.transaction.internal.TransactionImpl.commit(TransactionImpl.java:101) ~[hibernate-core-6.3.1.Final.jar:6.3.1.Final]
	at org.springframework.orm.jpa.JpaTransactionManager.doCommit(JpaTransactionManager.java:561) ~[spring-orm-6.1.1.jar:6.1.1]
	... 131 common frames omitted
Caused by: com.mysql.cj.jdbc.exceptions.MysqlDataTruncation: Data truncation: Data too long for column 'otp' at row 1
	at com.mysql.cj.jdbc.exceptions.SQLExceptionsMapping.translateException(SQLExceptionsMapping.java:104) ~[mysql-connector-j-8.1.0.jar:8.1.0]
	at com.mysql.cj.jdbc.ClientPreparedStatement.executeInternal(ClientPreparedStatement.java:916) ~[mysql-connector-j-8.1.0.jar:8.1.0]
	at com.mysql.cj.jdbc.ClientPreparedStatement.executeUpdateInternal(ClientPreparedStatement.java:1061) ~[mysql-connector-j-8.1.0.jar:8.1.0]
	at com.mysql.cj.jdbc.ClientPreparedStatement.executeUpdateInternal(ClientPreparedStatement.java:1009) ~[mysql-connector-j-8.1.0.jar:8.1.0]
	at com.mysql.cj.jdbc.ClientPreparedStatement.executeLargeUpdate(ClientPreparedStatement.java:1320) ~[mysql-connector-j-8.1.0.jar:8.1.0]
	at com.mysql.cj.jdbc.ClientPreparedStatement.executeUpdate(ClientPreparedStatement.java:994) ~[mysql-connector-j-8.1.0.jar:8.1.0]
	at com.zaxxer.hikari.pool.ProxyPreparedStatement.executeUpdate(ProxyPreparedStatement.java:61) ~[HikariCP-5.0.1.jar:na]
	at com.zaxxer.hikari.pool.HikariProxyPreparedStatement.executeUpdate(HikariProxyPreparedStatement.java) ~[HikariCP-5.0.1.jar:na]
	at org.hibernate.engine.jdbc.internal.ResultSetReturnImpl.executeUpdate(ResultSetReturnImpl.java:280) ~[hibernate-core-6.3.1.Final.jar:6.3.1.Final]
	... 152 common frames omitted

2026-05-23T00:31:01.612+01:00  INFO 37205 --- [org.springframework.amqp.rabbit.RabbitListenerEndpointContainer#2-1] c.m.messaging.NotificationConsumer       : Consuming email verification OTP for lame17@mytempmail.org
2026-05-23T00:31:12.910+01:00  INFO 37205 --- [org.springframework.amqp.rabbit.RabbitListenerEndpointContainer#2-1] c.m.service.impl.EmailServiceImpl        : Email sent to: lame17@mytempmail.org
2026-05-23T00:37:16.249+01:00  INFO 37205 --- [org.springframework.amqp.rabbit.RabbitListenerEndpointContainer#0-2] o.s.a.r.l.SimpleMessageListenerContainer : Waiting for workers to finish.
2026-05-23T00:37:16.250+01:00  INFO 37205 --- [org.springframework.amqp.rabbit.RabbitListenerEndpointContainer#1-2] o.s.a.r.l.SimpleMessageListenerContainer : Waiting for workers to finish.
2026-05-23T00:37:16.254+01:00  INFO 37205 --- [org.springframework.amqp.rabbit.RabbitListenerEndpointContainer#2-2] o.s.a.r.l.SimpleMessageListenerContainer : Waiting for workers to finish.
2026-05-23T00:37:16.337+01:00  INFO 37205 --- [org.springframework.amqp.rabbit.RabbitListenerEndpointContainer#3-2] o.s.a.r.l.SimpleMessageListenerContainer : Waiting for workers to finish.
2026-05-23T00:37:16.435+01:00  INFO 37205 --- [org.springframework.amqp.rabbit.RabbitListenerEndpointContainer#3-2] o.s.a.r.l.SimpleMessageListenerContainer : Successfully waited for workers to finish.
2026-05-23T00:37:16.436+01:00  INFO 37205 --- [org.springframework.amqp.rabbit.RabbitListenerEndpointContainer#0-2] o.s.a.r.l.SimpleMessageListenerContainer : Successfully waited for workers to finish.
2026-05-23T00:37:16.436+01:00  INFO 37205 --- [org.springframework.amqp.rabbit.RabbitListenerEndpointContainer#1-2] o.s.a.r.l.SimpleMessageListenerContainer : Successfully waited for workers to finish.
2026-05-23T00:37:17.236+01:00  INFO 37205 --- [org.springframework.amqp.rabbit.RabbitListenerEndpointContainer#2-2] o.s.a.r.l.SimpleMessageListenerContainer : Successfully waited for workers to finish.
2026-05-23T00:37:17.427+01:00  INFO 37205 --- [SpringApplicationShutdownHook] j.LocalContainerEntityManagerFactoryBean : Closing JPA EntityManagerFactory for persistence unit 'default'
2026-05-23T00:37:17.448+01:00  INFO 37205 --- [SpringApplicationShutdownHook] com.zaxxer.hikari.HikariDataSource       : HikariPool-1 - Shutdown initiated...
2026-05-23T00:37:17.476+01:00  INFO 37205 --- [SpringApplicationShutdownHook] com.zaxxer.hikari.HikariDataSource       : HikariPool-1 - Shutdown completed.
2026-05-23T00:37:26.946+01:00  INFO 38917 --- [main] com.middleware.KoinsApplication          : Starting KoinsApplication using Java 17.0.11 with PID 38917 (/Users/gamp/Downloads/koins/target/classes started by gamp in /Users/gamp/Downloads/koins)
2026-05-23T00:37:26.951+01:00  INFO 38917 --- [main] com.middleware.KoinsApplication          : No active profile set, falling back to 1 default profile: "default"
2026-05-23T00:37:29.616+01:00  INFO 38917 --- [main] .s.d.r.c.RepositoryConfigurationDelegate : Bootstrapping Spring Data JPA repositories in DEFAULT mode.
2026-05-23T00:37:30.117+01:00  INFO 38917 --- [main] .s.d.r.c.RepositoryConfigurationDelegate : Finished Spring Data repository scanning in 480 ms. Found 6 JPA repository interfaces.
2026-05-23T00:37:32.114+01:00  INFO 38917 --- [main] o.s.b.w.embedded.tomcat.TomcatWebServer  : Tomcat initialized with port 8080 (http)
2026-05-23T00:37:32.137+01:00  INFO 38917 --- [main] o.apache.catalina.core.StandardService   : Starting service [Tomcat]
2026-05-23T00:37:32.139+01:00  INFO 38917 --- [main] o.apache.catalina.core.StandardEngine    : Starting Servlet engine: [Apache Tomcat/10.1.16]
2026-05-23T00:37:32.356+01:00  INFO 38917 --- [main] o.a.c.c.C.[Tomcat].[localhost].[/]       : Initializing Spring embedded WebApplicationContext
2026-05-23T00:37:32.358+01:00  INFO 38917 --- [main] w.s.c.ServletWebServerApplicationContext : Root WebApplicationContext: initialization completed in 5259 ms
2026-05-23T00:37:32.620+01:00  INFO 38917 --- [main] com.zaxxer.hikari.HikariDataSource       : HikariPool-1 - Starting...
2026-05-23T00:37:33.009+01:00  INFO 38917 --- [main] com.zaxxer.hikari.pool.HikariPool        : HikariPool-1 - Added connection com.mysql.cj.jdbc.ConnectionImpl@ca546a1
2026-05-23T00:37:33.012+01:00  INFO 38917 --- [main] com.zaxxer.hikari.HikariDataSource       : HikariPool-1 - Start completed.
2026-05-23T00:37:33.252+01:00  INFO 38917 --- [main] o.f.c.internal.license.VersionPrinter    : Flyway Community Edition 9.22.3 by Redgate
2026-05-23T00:37:33.254+01:00  INFO 38917 --- [main] o.f.c.internal.license.VersionPrinter    : See release notes here: https://rd.gt/416ObMi
2026-05-23T00:37:33.255+01:00  INFO 38917 --- [main] o.f.c.internal.license.VersionPrinter    : 
2026-05-23T00:37:33.273+01:00  INFO 38917 --- [main] o.f.c.i.resource.ResourceNameValidator   : 1 SQL migrations were detected but not run because they did not follow the filename convention.
2026-05-23T00:37:33.274+01:00  INFO 38917 --- [main] o.f.c.i.resource.ResourceNameValidator   : Set 'validateMigrationNaming' to true to fail fast and see a list of the invalid file names.
2026-05-23T00:37:33.317+01:00  INFO 38917 --- [main] org.flywaydb.core.FlywayExecutor         : Database: jdbc:mysql://localhost:3306/koins_db (MySQL 8.0)
2026-05-23T00:37:33.443+01:00 ERROR 38917 --- [main] o.s.b.web.embedded.tomcat.TomcatStarter  : Error starting Tomcat context. Exception: org.springframework.beans.factory.UnsatisfiedDependencyException. Message: Error creating bean with name 'jwtAuthenticationFilter' defined in file [/Users/gamp/Downloads/koins/target/classes/com/middleware/security/JwtAuthenticationFilter.class]: Unsatisfied dependency expressed through constructor parameter 1: Error creating bean with name 'customUserDetailsService' defined in file [/Users/gamp/Downloads/koins/target/classes/com/middleware/security/CustomUserDetailsService.class]: Unsatisfied dependency expressed through constructor parameter 0: Error creating bean with name 'userRepository' defined in com.middleware.repository.UserRepository defined in @EnableJpaRepositories declared on JpaRepositoriesRegistrar.EnableJpaRepositoriesConfiguration: Cannot resolve reference to bean 'jpaSharedEM_entityManagerFactory' while setting bean property 'entityManager'
2026-05-23T00:37:33.531+01:00  INFO 38917 --- [main] o.apache.catalina.core.StandardService   : Stopping service [Tomcat]
2026-05-23T00:37:33.543+01:00  WARN 38917 --- [main] o.a.c.loader.WebappClassLoaderBase       : The web application [ROOT] appears to have started a thread named [HikariPool-1 housekeeper] but has failed to stop it. This is very likely to create a memory leak. Stack trace of thread:
 java.base@17.0.11/jdk.internal.misc.Unsafe.park(Native Method)
 java.base@17.0.11/java.util.concurrent.locks.LockSupport.parkNanos(LockSupport.java:252)
 java.base@17.0.11/java.util.concurrent.locks.AbstractQueuedSynchronizer$ConditionObject.awaitNanos(AbstractQueuedSynchronizer.java:1672)
 java.base@17.0.11/java.util.concurrent.ScheduledThreadPoolExecutor$DelayedWorkQueue.take(ScheduledThreadPoolExecutor.java:1182)
 java.base@17.0.11/java.util.concurrent.ScheduledThreadPoolExecutor$DelayedWorkQueue.take(ScheduledThreadPoolExecutor.java:899)
 java.base@17.0.11/java.util.concurrent.ThreadPoolExecutor.getTask(ThreadPoolExecutor.java:1062)
 java.base@17.0.11/java.util.concurrent.ThreadPoolExecutor.runWorker(ThreadPoolExecutor.java:1122)
 java.base@17.0.11/java.util.concurrent.ThreadPoolExecutor$Worker.run(ThreadPoolExecutor.java:635)
 java.base@17.0.11/java.lang.Thread.run(Thread.java:842)
2026-05-23T00:37:33.544+01:00  WARN 38917 --- [main] o.a.c.loader.WebappClassLoaderBase       : The web application [ROOT] appears to have started a thread named [HikariPool-1 connection adder] but has failed to stop it. This is very likely to create a memory leak. Stack trace of thread:
 java.base@17.0.11/jdk.internal.misc.Unsafe.park(Native Method)
 java.base@17.0.11/java.util.concurrent.locks.LockSupport.parkNanos(LockSupport.java:252)
 java.base@17.0.11/java.util.concurrent.locks.AbstractQueuedSynchronizer$ConditionObject.awaitNanos(AbstractQueuedSynchronizer.java:1672)
 java.base@17.0.11/java.util.concurrent.LinkedBlockingQueue.poll(LinkedBlockingQueue.java:460)
 java.base@17.0.11/java.util.concurrent.ThreadPoolExecutor.getTask(ThreadPoolExecutor.java:1061)
 java.base@17.0.11/java.util.concurrent.ThreadPoolExecutor.runWorker(ThreadPoolExecutor.java:1122)
 java.base@17.0.11/java.util.concurrent.ThreadPoolExecutor$Worker.run(ThreadPoolExecutor.java:635)
 java.base@17.0.11/java.lang.Thread.run(Thread.java:842)
2026-05-23T00:37:33.548+01:00  WARN 38917 --- [main] ConfigServletWebServerApplicationContext : Exception encountered during context initialization - cancelling refresh attempt: org.springframework.context.ApplicationContextException: Unable to start web server
2026-05-23T00:37:33.549+01:00  INFO 38917 --- [main] com.zaxxer.hikari.HikariDataSource       : HikariPool-1 - Shutdown initiated...
2026-05-23T00:37:33.564+01:00  INFO 38917 --- [main] com.zaxxer.hikari.HikariDataSource       : HikariPool-1 - Shutdown completed.
2026-05-23T00:37:33.589+01:00  INFO 38917 --- [main] .s.b.a.l.ConditionEvaluationReportLogger : 

Error starting ApplicationContext. To display the condition evaluation report re-run your application with 'debug' enabled.
2026-05-23T00:37:33.635+01:00 ERROR 38917 --- [main] o.s.boot.SpringApplication               : Application run failed

org.springframework.context.ApplicationContextException: Unable to start web server
	at org.springframework.boot.web.servlet.context.ServletWebServerApplicationContext.onRefresh(ServletWebServerApplicationContext.java:165) ~[spring-boot-3.2.0.jar:3.2.0]
	at org.springframework.context.support.AbstractApplicationContext.refresh(AbstractApplicationContext.java:610) ~[spring-context-6.1.1.jar:6.1.1]
	at org.springframework.boot.web.servlet.context.ServletWebServerApplicationContext.refresh(ServletWebServerApplicationContext.java:146) ~[spring-boot-3.2.0.jar:3.2.0]
	at org.springframework.boot.SpringApplication.refresh(SpringApplication.java:753) ~[spring-boot-3.2.0.jar:3.2.0]
	at org.springframework.boot.SpringApplication.refreshContext(SpringApplication.java:455) ~[spring-boot-3.2.0.jar:3.2.0]
	at org.springframework.boot.SpringApplication.run(SpringApplication.java:323) ~[spring-boot-3.2.0.jar:3.2.0]
	at org.springframework.boot.SpringApplication.run(SpringApplication.java:1342) ~[spring-boot-3.2.0.jar:3.2.0]
	at org.springframework.boot.SpringApplication.run(SpringApplication.java:1331) ~[spring-boot-3.2.0.jar:3.2.0]
	at com.middleware.KoinsApplication.main(KoinsApplication.java:9) ~[classes/:na]
Caused by: org.springframework.boot.web.server.WebServerException: Unable to start embedded Tomcat
	at org.springframework.boot.web.embedded.tomcat.TomcatWebServer.initialize(TomcatWebServer.java:142) ~[spring-boot-3.2.0.jar:3.2.0]
	at org.springframework.boot.web.embedded.tomcat.TomcatWebServer.<init>(TomcatWebServer.java:104) ~[spring-boot-3.2.0.jar:3.2.0]
	at org.springframework.boot.web.embedded.tomcat.TomcatServletWebServerFactory.getTomcatWebServer(TomcatServletWebServerFactory.java:501) ~[spring-boot-3.2.0.jar:3.2.0]
	at org.springframework.boot.web.embedded.tomcat.TomcatServletWebServerFactory.getWebServer(TomcatServletWebServerFactory.java:218) ~[spring-boot-3.2.0.jar:3.2.0]
	at org.springframework.boot.web.servlet.context.ServletWebServerApplicationContext.createWebServer(ServletWebServerApplicationContext.java:188) ~[spring-boot-3.2.0.jar:3.2.0]
	at org.springframework.boot.web.servlet.context.ServletWebServerApplicationContext.onRefresh(ServletWebServerApplicationContext.java:162) ~[spring-boot-3.2.0.jar:3.2.0]
	... 8 common frames omitted
Caused by: org.springframework.beans.factory.UnsatisfiedDependencyException: Error creating bean with name 'jwtAuthenticationFilter' defined in file [/Users/gamp/Downloads/koins/target/classes/com/middleware/security/JwtAuthenticationFilter.class]: Unsatisfied dependency expressed through constructor parameter 1: Error creating bean with name 'customUserDetailsService' defined in file [/Users/gamp/Downloads/koins/target/classes/com/middleware/security/CustomUserDetailsService.class]: Unsatisfied dependency expressed through constructor parameter 0: Error creating bean with name 'userRepository' defined in com.middleware.repository.UserRepository defined in @EnableJpaRepositories declared on JpaRepositoriesRegistrar.EnableJpaRepositoriesConfiguration: Cannot resolve reference to bean 'jpaSharedEM_entityManagerFactory' while setting bean property 'entityManager'
	at org.springframework.beans.factory.support.ConstructorResolver.createArgumentArray(ConstructorResolver.java:802) ~[spring-beans-6.1.1.jar:6.1.1]
	at org.springframework.beans.factory.support.ConstructorResolver.autowireConstructor(ConstructorResolver.java:241) ~[spring-beans-6.1.1.jar:6.1.1]
	at org.springframework.beans.factory.support.AbstractAutowireCapableBeanFactory.autowireConstructor(AbstractAutowireCapableBeanFactory.java:1356) ~[spring-beans-6.1.1.jar:6.1.1]
	at org.springframework.beans.factory.support.AbstractAutowireCapableBeanFactory.createBeanInstance(AbstractAutowireCapableBeanFactory.java:1193) ~[spring-beans-6.1.1.jar:6.1.1]
	at org.springframework.beans.factory.support.AbstractAutowireCapableBeanFactory.doCreateBean(AbstractAutowireCapableBeanFactory.java:563) ~[spring-beans-6.1.1.jar:6.1.1]
	at org.springframework.beans.factory.support.AbstractAutowireCapableBeanFactory.createBean(AbstractAutowireCapableBeanFactory.java:523) ~[spring-beans-6.1.1.jar:6.1.1]
	at org.springframework.beans.factory.support.AbstractBeanFactory.lambda$doGetBean$0(AbstractBeanFactory.java:325) ~[spring-beans-6.1.1.jar:6.1.1]
	at org.springframework.beans.factory.support.DefaultSingletonBeanRegistry.getSingleton(DefaultSingletonBeanRegistry.java:234) ~[spring-beans-6.1.1.jar:6.1.1]
	at org.springframework.beans.factory.support.AbstractBeanFactory.doGetBean(AbstractBeanFactory.java:323) ~[spring-beans-6.1.1.jar:6.1.1]
	at org.springframework.beans.factory.support.AbstractBeanFactory.getBean(AbstractBeanFactory.java:204) ~[spring-beans-6.1.1.jar:6.1.1]
	at org.springframework.boot.web.servlet.ServletContextInitializerBeans.getOrderedBeansOfType(ServletContextInitializerBeans.java:210) ~[spring-boot-3.2.0.jar:3.2.0]
	at org.springframework.boot.web.servlet.ServletContextInitializerBeans.addAsRegistrationBean(ServletContextInitializerBeans.java:173) ~[spring-boot-3.2.0.jar:3.2.0]
	at org.springframework.boot.web.servlet.ServletContextInitializerBeans.addAsRegistrationBean(ServletContextInitializerBeans.java:168) ~[spring-boot-3.2.0.jar:3.2.0]
	at org.springframework.boot.web.servlet.ServletContextInitializerBeans.addAdaptableBeans(ServletContextInitializerBeans.java:153) ~[spring-boot-3.2.0.jar:3.2.0]
	at org.springframework.boot.web.servlet.ServletContextInitializerBeans.<init>(ServletContextInitializerBeans.java:86) ~[spring-boot-3.2.0.jar:3.2.0]
	at org.springframework.boot.web.servlet.context.ServletWebServerApplicationContext.getServletContextInitializerBeans(ServletWebServerApplicationContext.java:266) ~[spring-boot-3.2.0.jar:3.2.0]
	at org.springframework.boot.web.servlet.context.ServletWebServerApplicationContext.selfInitialize(ServletWebServerApplicationContext.java:240) ~[spring-boot-3.2.0.jar:3.2.0]
	at org.springframework.boot.web.embedded.tomcat.TomcatStarter.onStartup(TomcatStarter.java:52) ~[spring-boot-3.2.0.jar:3.2.0]
	at org.apache.catalina.core.StandardContext.startInternal(StandardContext.java:4850) ~[tomcat-embed-core-10.1.16.jar:10.1.16]
	at org.apache.catalina.util.LifecycleBase.start(LifecycleBase.java:171) ~[tomcat-embed-core-10.1.16.jar:10.1.16]
	at org.apache.catalina.core.ContainerBase$StartChild.call(ContainerBase.java:1332) ~[tomcat-embed-core-10.1.16.jar:10.1.16]
	at org.apache.catalina.core.ContainerBase$StartChild.call(ContainerBase.java:1322) ~[tomcat-embed-core-10.1.16.jar:10.1.16]
	at java.base/java.util.concurrent.FutureTask.run(FutureTask.java:264) ~[na:na]
	at org.apache.tomcat.util.threads.InlineExecutorService.execute(InlineExecutorService.java:75) ~[tomcat-embed-core-10.1.16.jar:10.1.16]
	at java.base/java.util.concurrent.AbstractExecutorService.submit(AbstractExecutorService.java:145) ~[na:na]
	at org.apache.catalina.core.ContainerBase.startInternal(ContainerBase.java:866) ~[tomcat-embed-core-10.1.16.jar:10.1.16]
	at org.apache.catalina.core.StandardHost.startInternal(StandardHost.java:845) ~[tomcat-embed-core-10.1.16.jar:10.1.16]
	at org.apache.catalina.util.LifecycleBase.start(LifecycleBase.java:171) ~[tomcat-embed-core-10.1.16.jar:10.1.16]
	at org.apache.catalina.core.ContainerBase$StartChild.call(ContainerBase.java:1332) ~[tomcat-embed-core-10.1.16.jar:10.1.16]
	at org.apache.catalina.core.ContainerBase$StartChild.call(ContainerBase.java:1322) ~[tomcat-embed-core-10.1.16.jar:10.1.16]
	at java.base/java.util.concurrent.FutureTask.run(FutureTask.java:264) ~[na:na]
	at org.apache.tomcat.util.threads.InlineExecutorService.execute(InlineExecutorService.java:75) ~[tomcat-embed-core-10.1.16.jar:10.1.16]
	at java.base/java.util.concurrent.AbstractExecutorService.submit(AbstractExecutorService.java:145) ~[na:na]
	at org.apache.catalina.core.ContainerBase.startInternal(ContainerBase.java:866) ~[tomcat-embed-core-10.1.16.jar:10.1.16]
	at org.apache.catalina.core.StandardEngine.startInternal(StandardEngine.java:240) ~[tomcat-embed-core-10.1.16.jar:10.1.16]
	at org.apache.catalina.util.LifecycleBase.start(LifecycleBase.java:171) ~[tomcat-embed-core-10.1.16.jar:10.1.16]
	at org.apache.catalina.core.StandardService.startInternal(StandardService.java:433) ~[tomcat-embed-core-10.1.16.jar:10.1.16]
	at org.apache.catalina.util.LifecycleBase.start(LifecycleBase.java:171) ~[tomcat-embed-core-10.1.16.jar:10.1.16]
	at org.apache.catalina.core.StandardServer.startInternal(StandardServer.java:917) ~[tomcat-embed-core-10.1.16.jar:10.1.16]
	at org.apache.catalina.util.LifecycleBase.start(LifecycleBase.java:171) ~[tomcat-embed-core-10.1.16.jar:10.1.16]
	at org.apache.catalina.startup.Tomcat.start(Tomcat.java:488) ~[tomcat-embed-core-10.1.16.jar:10.1.16]
	at org.springframework.boot.web.embedded.tomcat.TomcatWebServer.initialize(TomcatWebServer.java:123) ~[spring-boot-3.2.0.jar:3.2.0]
	... 13 common frames omitted
Caused by: org.springframework.beans.factory.UnsatisfiedDependencyException: Error creating bean with name 'customUserDetailsService' defined in file [/Users/gamp/Downloads/koins/target/classes/com/middleware/security/CustomUserDetailsService.class]: Unsatisfied dependency expressed through constructor parameter 0: Error creating bean with name 'userRepository' defined in com.middleware.repository.UserRepository defined in @EnableJpaRepositories declared on JpaRepositoriesRegistrar.EnableJpaRepositoriesConfiguration: Cannot resolve reference to bean 'jpaSharedEM_entityManagerFactory' while setting bean property 'entityManager'
	at org.springframework.beans.factory.support.ConstructorResolver.createArgumentArray(ConstructorResolver.java:802) ~[spring-beans-6.1.1.jar:6.1.1]
	at org.springframework.beans.factory.support.ConstructorResolver.autowireConstructor(ConstructorResolver.java:241) ~[spring-beans-6.1.1.jar:6.1.1]
	at org.springframework.beans.factory.support.AbstractAutowireCapableBeanFactory.autowireConstructor(AbstractAutowireCapableBeanFactory.java:1356) ~[spring-beans-6.1.1.jar:6.1.1]
	at org.springframework.beans.factory.support.AbstractAutowireCapableBeanFactory.createBeanInstance(AbstractAutowireCapableBeanFactory.java:1193) ~[spring-beans-6.1.1.jar:6.1.1]
	at org.springframework.beans.factory.support.AbstractAutowireCapableBeanFactory.doCreateBean(AbstractAutowireCapableBeanFactory.java:563) ~[spring-beans-6.1.1.jar:6.1.1]
	at org.springframework.beans.factory.support.AbstractAutowireCapableBeanFactory.createBean(AbstractAutowireCapableBeanFactory.java:523) ~[spring-beans-6.1.1.jar:6.1.1]
	at org.springframework.beans.factory.support.AbstractBeanFactory.lambda$doGetBean$0(AbstractBeanFactory.java:325) ~[spring-beans-6.1.1.jar:6.1.1]
	at org.springframework.beans.factory.support.DefaultSingletonBeanRegistry.getSingleton(DefaultSingletonBeanRegistry.java:234) ~[spring-beans-6.1.1.jar:6.1.1]
	at org.springframework.beans.factory.support.AbstractBeanFactory.doGetBean(AbstractBeanFactory.java:323) ~[spring-beans-6.1.1.jar:6.1.1]
	at org.springframework.beans.factory.support.AbstractBeanFactory.getBean(AbstractBeanFactory.java:199) ~[spring-beans-6.1.1.jar:6.1.1]
	at org.springframework.beans.factory.config.DependencyDescriptor.resolveCandidate(DependencyDescriptor.java:254) ~[spring-beans-6.1.1.jar:6.1.1]
	at org.springframework.beans.factory.support.DefaultListableBeanFactory.doResolveDependency(DefaultListableBeanFactory.java:1441) ~[spring-beans-6.1.1.jar:6.1.1]
	at org.springframework.beans.factory.support.DefaultListableBeanFactory.resolveDependency(DefaultListableBeanFactory.java:1348) ~[spring-beans-6.1.1.jar:6.1.1]
	at org.springframework.beans.factory.support.ConstructorResolver.resolveAutowiredArgument(ConstructorResolver.java:911) ~[spring-beans-6.1.1.jar:6.1.1]
	at org.springframework.beans.factory.support.ConstructorResolver.createArgumentArray(ConstructorResolver.java:789) ~[spring-beans-6.1.1.jar:6.1.1]
	... 54 common frames omitted
Caused by: org.springframework.beans.factory.BeanCreationException: Error creating bean with name 'userRepository' defined in com.middleware.repository.UserRepository defined in @EnableJpaRepositories declared on JpaRepositoriesRegistrar.EnableJpaRepositoriesConfiguration: Cannot resolve reference to bean 'jpaSharedEM_entityManagerFactory' while setting bean property 'entityManager'
	at org.springframework.beans.factory.support.BeanDefinitionValueResolver.resolveReference(BeanDefinitionValueResolver.java:377) ~[spring-beans-6.1.1.jar:6.1.1]
	at org.springframework.beans.factory.support.BeanDefinitionValueResolver.resolveValueIfNecessary(BeanDefinitionValueResolver.java:135) ~[spring-beans-6.1.1.jar:6.1.1]
	at org.springframework.beans.factory.support.AbstractAutowireCapableBeanFactory.applyPropertyValues(AbstractAutowireCapableBeanFactory.java:1686) ~[spring-beans-6.1.1.jar:6.1.1]
	at org.springframework.beans.factory.support.AbstractAutowireCapableBeanFactory.populateBean(AbstractAutowireCapableBeanFactory.java:1435) ~[spring-beans-6.1.1.jar:6.1.1]
	at org.springframework.beans.factory.support.AbstractAutowireCapableBeanFactory.doCreateBean(AbstractAutowireCapableBeanFactory.java:600) ~[spring-beans-6.1.1.jar:6.1.1]
	at org.springframework.beans.factory.support.AbstractAutowireCapableBeanFactory.createBean(AbstractAutowireCapableBeanFactory.java:523) ~[spring-beans-6.1.1.jar:6.1.1]
	at org.springframework.beans.factory.support.AbstractBeanFactory.lambda$doGetBean$0(AbstractBeanFactory.java:325) ~[spring-beans-6.1.1.jar:6.1.1]
	at org.springframework.beans.factory.support.DefaultSingletonBeanRegistry.getSingleton(DefaultSingletonBeanRegistry.java:234) ~[spring-beans-6.1.1.jar:6.1.1]
	at org.springframework.beans.factory.support.AbstractBeanFactory.doGetBean(AbstractBeanFactory.java:323) ~[spring-beans-6.1.1.jar:6.1.1]
	at org.springframework.beans.factory.support.AbstractBeanFactory.getBean(AbstractBeanFactory.java:199) ~[spring-beans-6.1.1.jar:6.1.1]
	at org.springframework.beans.factory.config.DependencyDescriptor.resolveCandidate(DependencyDescriptor.java:254) ~[spring-beans-6.1.1.jar:6.1.1]
	at org.springframework.beans.factory.support.DefaultListableBeanFactory.doResolveDependency(DefaultListableBeanFactory.java:1441) ~[spring-beans-6.1.1.jar:6.1.1]
	at org.springframework.beans.factory.support.DefaultListableBeanFactory.resolveDependency(DefaultListableBeanFactory.java:1348) ~[spring-beans-6.1.1.jar:6.1.1]
	at org.springframework.beans.factory.support.ConstructorResolver.resolveAutowiredArgument(ConstructorResolver.java:911) ~[spring-beans-6.1.1.jar:6.1.1]
	at org.springframework.beans.factory.support.ConstructorResolver.createArgumentArray(ConstructorResolver.java:789) ~[spring-beans-6.1.1.jar:6.1.1]
	... 68 common frames omitted
Caused by: org.springframework.beans.factory.BeanCreationException: Error creating bean with name 'jpaSharedEM_entityManagerFactory': Cannot resolve reference to bean 'entityManagerFactory' while setting constructor argument
	at org.springframework.beans.factory.support.BeanDefinitionValueResolver.resolveReference(BeanDefinitionValueResolver.java:377) ~[spring-beans-6.1.1.jar:6.1.1]
	at org.springframework.beans.factory.support.BeanDefinitionValueResolver.resolveValueIfNecessary(BeanDefinitionValueResolver.java:135) ~[spring-beans-6.1.1.jar:6.1.1]
	at org.springframework.beans.factory.support.ConstructorResolver.resolveConstructorArguments(ConstructorResolver.java:689) ~[spring-beans-6.1.1.jar:6.1.1]
	at org.springframework.beans.factory.support.ConstructorResolver.instantiateUsingFactoryMethod(ConstructorResolver.java:513) ~[spring-beans-6.1.1.jar:6.1.1]
	at org.springframework.beans.factory.support.AbstractAutowireCapableBeanFactory.instantiateUsingFactoryMethod(AbstractAutowireCapableBeanFactory.java:1336) ~[spring-beans-6.1.1.jar:6.1.1]
	at org.springframework.beans.factory.support.AbstractAutowireCapableBeanFactory.createBeanInstance(AbstractAutowireCapableBeanFactory.java:1166) ~[spring-beans-6.1.1.jar:6.1.1]
	at org.springframework.beans.factory.support.AbstractAutowireCapableBeanFactory.doCreateBean(AbstractAutowireCapableBeanFactory.java:563) ~[spring-beans-6.1.1.jar:6.1.1]
	at org.springframework.beans.factory.support.AbstractAutowireCapableBeanFactory.createBean(AbstractAutowireCapableBeanFactory.java:523) ~[spring-beans-6.1.1.jar:6.1.1]
	at org.springframework.beans.factory.support.AbstractBeanFactory.lambda$doGetBean$0(AbstractBeanFactory.java:325) ~[spring-beans-6.1.1.jar:6.1.1]
	at org.springframework.beans.factory.support.DefaultSingletonBeanRegistry.getSingleton(DefaultSingletonBeanRegistry.java:234) ~[spring-beans-6.1.1.jar:6.1.1]
	at org.springframework.beans.factory.support.AbstractBeanFactory.doGetBean(AbstractBeanFactory.java:323) ~[spring-beans-6.1.1.jar:6.1.1]
	at org.springframework.beans.factory.support.AbstractBeanFactory.getBean(AbstractBeanFactory.java:199) ~[spring-beans-6.1.1.jar:6.1.1]
	at org.springframework.beans.factory.support.BeanDefinitionValueResolver.resolveReference(BeanDefinitionValueResolver.java:365) ~[spring-beans-6.1.1.jar:6.1.1]
	... 82 common frames omitted
Caused by: org.springframework.beans.factory.BeanCreationException: Error creating bean with name 'flywayInitializer' defined in class path resource [org/springframework/boot/autoconfigure/flyway/FlywayAutoConfiguration$FlywayConfiguration.class]: Validate failed: Migrations have failed validation
Migration checksum mismatch for migration version 1
-> Applied to database : 497801001
-> Resolved locally    : -762810091
Either revert the changes to the migration, or run repair to update the schema history.
Need more flexibility with validation rules? Learn more: https://rd.gt/3AbJUZE
	at org.springframework.beans.factory.support.AbstractAutowireCapableBeanFactory.initializeBean(AbstractAutowireCapableBeanFactory.java:1775) ~[spring-beans-6.1.1.jar:6.1.1]
	at org.springframework.beans.factory.support.AbstractAutowireCapableBeanFactory.doCreateBean(AbstractAutowireCapableBeanFactory.java:601) ~[spring-beans-6.1.1.jar:6.1.1]
	at org.springframework.beans.factory.support.AbstractAutowireCapableBeanFactory.createBean(AbstractAutowireCapableBeanFactory.java:523) ~[spring-beans-6.1.1.jar:6.1.1]
	at org.springframework.beans.factory.support.AbstractBeanFactory.lambda$doGetBean$0(AbstractBeanFactory.java:325) ~[spring-beans-6.1.1.jar:6.1.1]
	at org.springframework.beans.factory.support.DefaultSingletonBeanRegistry.getSingleton(DefaultSingletonBeanRegistry.java:234) ~[spring-beans-6.1.1.jar:6.1.1]
	at org.springframework.beans.factory.support.AbstractBeanFactory.doGetBean(AbstractBeanFactory.java:323) ~[spring-beans-6.1.1.jar:6.1.1]
	at org.springframework.beans.factory.support.AbstractBeanFactory.getBean(AbstractBeanFactory.java:199) ~[spring-beans-6.1.1.jar:6.1.1]
	at org.springframework.beans.factory.support.AbstractBeanFactory.doGetBean(AbstractBeanFactory.java:312) ~[spring-beans-6.1.1.jar:6.1.1]
	at org.springframework.beans.factory.support.AbstractBeanFactory.getBean(AbstractBeanFactory.java:199) ~[spring-beans-6.1.1.jar:6.1.1]
	at org.springframework.beans.factory.support.BeanDefinitionValueResolver.resolveReference(BeanDefinitionValueResolver.java:365) ~[spring-beans-6.1.1.jar:6.1.1]
	... 94 common frames omitted
Caused by: org.flywaydb.core.api.exception.FlywayValidateException: Validate failed: Migrations have failed validation
Migration checksum mismatch for migration version 1
-> Applied to database : 497801001
-> Resolved locally    : -762810091
Either revert the changes to the migration, or run repair to update the schema history.
Need more flexibility with validation rules? Learn more: https://rd.gt/3AbJUZE
	at org.flywaydb.core.Flyway.lambda$migrate$0(Flyway.java:146) ~[flyway-core-9.22.3.jar:na]
	at org.flywaydb.core.FlywayExecutor.execute(FlywayExecutor.java:213) ~[flyway-core-9.22.3.jar:na]
	at org.flywaydb.core.Flyway.migrate(Flyway.java:140) ~[flyway-core-9.22.3.jar:na]
	at org.springframework.boot.autoconfigure.flyway.FlywayMigrationInitializer.afterPropertiesSet(FlywayMigrationInitializer.java:66) ~[spring-boot-autoconfigure-3.2.0.jar:3.2.0]
	at org.springframework.beans.factory.support.AbstractAutowireCapableBeanFactory.invokeInitMethods(AbstractAutowireCapableBeanFactory.java:1822) ~[spring-beans-6.1.1.jar:6.1.1]
	at org.springframework.beans.factory.support.AbstractAutowireCapableBeanFactory.initializeBean(AbstractAutowireCapableBeanFactory.java:1771) ~[spring-beans-6.1.1.jar:6.1.1]
	... 103 common frames omitted

2026-05-23T00:39:38.221+01:00  INFO 39303 --- [main] com.middleware.KoinsApplication          : Starting KoinsApplication using Java 17.0.11 with PID 39303 (/Users/gamp/Downloads/koins/target/classes started by gamp in /Users/gamp/Downloads/koins)
2026-05-23T00:39:38.226+01:00  INFO 39303 --- [main] com.middleware.KoinsApplication          : No active profile set, falling back to 1 default profile: "default"
2026-05-23T00:39:40.676+01:00  INFO 39303 --- [main] .s.d.r.c.RepositoryConfigurationDelegate : Bootstrapping Spring Data JPA repositories in DEFAULT mode.
2026-05-23T00:39:41.209+01:00  INFO 39303 --- [main] .s.d.r.c.RepositoryConfigurationDelegate : Finished Spring Data repository scanning in 515 ms. Found 6 JPA repository interfaces.
2026-05-23T00:39:43.071+01:00  INFO 39303 --- [main] o.s.b.w.embedded.tomcat.TomcatWebServer  : Tomcat initialized with port 8080 (http)
2026-05-23T00:39:43.095+01:00  INFO 39303 --- [main] o.apache.catalina.core.StandardService   : Starting service [Tomcat]
2026-05-23T00:39:43.095+01:00  INFO 39303 --- [main] o.apache.catalina.core.StandardEngine    : Starting Servlet engine: [Apache Tomcat/10.1.16]
2026-05-23T00:39:43.291+01:00  INFO 39303 --- [main] o.a.c.c.C.[Tomcat].[localhost].[/]       : Initializing Spring embedded WebApplicationContext
2026-05-23T00:39:43.293+01:00  INFO 39303 --- [main] w.s.c.ServletWebServerApplicationContext : Root WebApplicationContext: initialization completed in 4955 ms
2026-05-23T00:39:43.516+01:00  INFO 39303 --- [main] com.zaxxer.hikari.HikariDataSource       : HikariPool-1 - Starting...
2026-05-23T00:39:43.922+01:00  INFO 39303 --- [main] com.zaxxer.hikari.pool.HikariPool        : HikariPool-1 - Added connection com.mysql.cj.jdbc.ConnectionImpl@489f62a3
2026-05-23T00:39:43.928+01:00  INFO 39303 --- [main] com.zaxxer.hikari.HikariDataSource       : HikariPool-1 - Start completed.
2026-05-23T00:39:44.188+01:00  INFO 39303 --- [main] o.f.c.internal.license.VersionPrinter    : Flyway Community Edition 9.22.3 by Redgate
2026-05-23T00:39:44.188+01:00  INFO 39303 --- [main] o.f.c.internal.license.VersionPrinter    : See release notes here: https://rd.gt/416ObMi
2026-05-23T00:39:44.189+01:00  INFO 39303 --- [main] o.f.c.internal.license.VersionPrinter    : 
2026-05-23T00:39:44.206+01:00  INFO 39303 --- [main] o.f.c.i.resource.ResourceNameValidator   : 1 SQL migrations were detected but not run because they did not follow the filename convention.
2026-05-23T00:39:44.207+01:00  INFO 39303 --- [main] o.f.c.i.resource.ResourceNameValidator   : Set 'validateMigrationNaming' to true to fail fast and see a list of the invalid file names.
2026-05-23T00:39:44.232+01:00  INFO 39303 --- [main] org.flywaydb.core.FlywayExecutor         : Database: jdbc:mysql://localhost:3306/koins_db (MySQL 8.0)
2026-05-23T00:39:44.323+01:00  INFO 39303 --- [main] o.f.c.i.s.JdbcTableSchemaHistory         : Schema history table `koins_db`.`flyway_schema_history` does not exist yet
2026-05-23T00:39:44.328+01:00  INFO 39303 --- [main] o.f.core.internal.command.DbValidate     : Successfully validated 2 migrations (execution time 00:00.037s)
2026-05-23T00:39:44.507+01:00  INFO 39303 --- [main] o.f.c.i.s.JdbcTableSchemaHistory         : Creating Schema History table `koins_db`.`flyway_schema_history` ...
2026-05-23T00:39:44.663+01:00  INFO 39303 --- [main] o.f.core.internal.command.DbMigrate      : Current version of schema `koins_db`: << Empty Schema >>
2026-05-23T00:39:44.722+01:00  INFO 39303 --- [main] o.f.core.internal.command.DbMigrate      : Migrating schema `koins_db` to version "1 - init schema"
2026-05-23T00:39:45.173+01:00  INFO 39303 --- [main] o.f.core.internal.command.DbMigrate      : Migrating schema `koins_db` to version "2 - seed admin user"
2026-05-23T00:39:45.208+01:00  INFO 39303 --- [main] o.f.core.internal.command.DbMigrate      : Successfully applied 2 migrations to schema `koins_db`, now at version v2 (execution time 00:00.428s)
2026-05-23T00:39:45.436+01:00  INFO 39303 --- [main] o.hibernate.jpa.internal.util.LogHelper  : HHH000204: Processing PersistenceUnitInfo [name: default]
2026-05-23T00:39:45.638+01:00  INFO 39303 --- [main] org.hibernate.Version                    : HHH000412: Hibernate ORM core version 6.3.1.Final
2026-05-23T00:39:45.784+01:00  INFO 39303 --- [main] o.h.c.internal.RegionFactoryInitiator    : HHH000026: Second-level cache disabled
2026-05-23T00:39:46.523+01:00  INFO 39303 --- [main] o.s.o.j.p.SpringPersistenceUnitInfo      : No LoadTimeWeaver setup: ignoring JPA class transformer
2026-05-23T00:39:46.663+01:00  WARN 39303 --- [main] org.hibernate.orm.deprecation            : HHH90000025: MySQL8Dialect does not need to be specified explicitly using 'hibernate.dialect' (remove the property setting and it will be selected by default)
2026-05-23T00:39:46.664+01:00  WARN 39303 --- [main] org.hibernate.orm.deprecation            : HHH90000026: MySQL8Dialect has been deprecated; use org.hibernate.dialect.MySQLDialect instead
2026-05-23T00:39:46.738+01:00  WARN 39303 --- [main] org.hibernate.orm.incubating             : HHH90006001: Encountered incubating setting [hibernate.type.preferred_uuid_jdbc_type].  See javadoc on corresponding `org.hibernate.cfg.AvailableSettings` constant for details.
2026-05-23T00:39:47.319+01:00  WARN 39303 --- [main] org.hibernate.orm.incubating             : HHH90006001: Encountered incubating setting [hibernate.type.preferred_uuid_jdbc_type].  See javadoc on corresponding `org.hibernate.cfg.AvailableSettings` constant for details.
2026-05-23T00:39:49.129+01:00  INFO 39303 --- [main] o.h.e.t.j.p.i.JtaPlatformInitiator       : HHH000489: No JTA platform available (set 'hibernate.transaction.jta.platform' to enable JTA platform integration)
2026-05-23T00:39:49.194+01:00  INFO 39303 --- [main] j.LocalContainerEntityManagerFactoryBean : Initialized JPA EntityManagerFactory for persistence unit 'default'
2026-05-23T00:39:49.991+01:00  INFO 39303 --- [main] o.s.d.j.r.query.QueryEnhancerFactory     : Hibernate is in classpath; If applicable, HQL parser will be used.
2026-05-23T00:39:54.254+01:00  INFO 39303 --- [main] o.s.b.w.embedded.tomcat.TomcatWebServer  : Tomcat started on port 8080 (http) with context path ''
2026-05-23T00:39:54.262+01:00  INFO 39303 --- [main] o.s.a.r.c.CachingConnectionFactory       : Attempting to connect to: [localhost:5672]
2026-05-23T00:39:54.522+01:00  INFO 39303 --- [main] o.s.a.r.c.CachingConnectionFactory       : Created new connection: rabbitConnectionFactory#3c971473:0/SimpleConnection@19a5cfb8 [delegate=amqp://guest@127.0.0.1:5672/, localPort=55372]
2026-05-23T00:39:54.815+01:00  INFO 39303 --- [main] com.middleware.KoinsApplication          : Started KoinsApplication in 17.811 seconds (process running for 19.646)
2026-05-23T00:40:07.041+01:00  INFO 39303 --- [http-nio-8080-exec-2] o.a.c.c.C.[Tomcat].[localhost].[/]       : Initializing Spring DispatcherServlet 'dispatcherServlet'
2026-05-23T00:40:07.042+01:00  INFO 39303 --- [http-nio-8080-exec-2] o.s.web.servlet.DispatcherServlet        : Initializing Servlet 'dispatcherServlet'
2026-05-23T00:40:07.045+01:00  INFO 39303 --- [http-nio-8080-exec-2] o.s.web.servlet.DispatcherServlet        : Completed initialization in 2 ms
2026-05-23T00:40:07.081+01:00  WARN 39303 --- [http-nio-8080-exec-2] o.s.w.s.h.HandlerMappingIntrospector     : Cache miss for REQUEST dispatch to '/api/v1/auth/register' (previous null). Performing CorsConfiguration lookup. This is logged once only at WARN level, and every time at TRACE.
2026-05-23T00:40:07.115+01:00  WARN 39303 --- [http-nio-8080-exec-2] o.s.w.s.h.HandlerMappingIntrospector     : Cache miss for REQUEST dispatch to '/api/v1/auth/register' (previous null). Performing MatchableHandlerMapping lookup. This is logged once only at WARN level, and every time at TRACE.
2026-05-23T00:40:07.908+01:00  INFO 39303 --- [http-nio-8080-exec-2] c.m.service.impl.AuthServiceImpl         : Starting new user registration
2026-05-23T00:40:08.782+01:00  INFO 39303 --- [http-nio-8080-exec-2] c.m.messaging.NotificationPublisher      : Published email verification OTP for lame17@mytempmail.org
2026-05-23T00:40:08.974+01:00  WARN 39303 --- [http-nio-8080-exec-2] o.h.engine.jdbc.spi.SqlExceptionHelper   : SQL Error: 1406, SQLState: 22001
2026-05-23T00:40:08.974+01:00 ERROR 39303 --- [http-nio-8080-exec-2] o.h.engine.jdbc.spi.SqlExceptionHelper   : Data truncation: Data too long for column 'otp' at row 1
2026-05-23T00:40:09.069+01:00  INFO 39303 --- [org.springframework.amqp.rabbit.RabbitListenerEndpointContainer#2-1] c.m.messaging.NotificationConsumer       : Consuming email verification OTP for lame17@mytempmail.org
2026-05-23T00:40:09.079+01:00 ERROR 39303 --- [http-nio-8080-exec-2] c.m.exception.GlobalExceptionHandler     : Unexpected error: 

org.springframework.dao.DataIntegrityViolationException: could not execute statement [Data truncation: Data too long for column 'otp' at row 1] [insert into users (account_status,bvn_nin,created_date,email,email_verified,full_name,last_login,otp,otp_action,otp_attempt_count,otp_expiry,password,password_reset_token,phone_number,role,id) values (?,?,?,?,?,?,?,?,?,?,?,?,?,?,?,?)]; SQL [insert into users (account_status,bvn_nin,created_date,email,email_verified,full_name,last_login,otp,otp_action,otp_attempt_count,otp_expiry,password,password_reset_token,phone_number,role,id) values (?,?,?,?,?,?,?,?,?,?,?,?,?,?,?,?)]
	at org.springframework.orm.jpa.vendor.HibernateJpaDialect.convertHibernateAccessException(HibernateJpaDialect.java:293) ~[spring-orm-6.1.1.jar:6.1.1]
	at org.springframework.orm.jpa.vendor.HibernateJpaDialect.translateExceptionIfPossible(HibernateJpaDialect.java:241) ~[spring-orm-6.1.1.jar:6.1.1]
	at org.springframework.orm.jpa.JpaTransactionManager.doCommit(JpaTransactionManager.java:565) ~[spring-orm-6.1.1.jar:6.1.1]
	at org.springframework.transaction.support.AbstractPlatformTransactionManager.processCommit(AbstractPlatformTransactionManager.java:794) ~[spring-tx-6.1.1.jar:6.1.1]
	at org.springframework.transaction.support.AbstractPlatformTransactionManager.commit(AbstractPlatformTransactionManager.java:757) ~[spring-tx-6.1.1.jar:6.1.1]
	at org.springframework.transaction.interceptor.TransactionAspectSupport.commitTransactionAfterReturning(TransactionAspectSupport.java:669) ~[spring-tx-6.1.1.jar:6.1.1]
	at org.springframework.transaction.interceptor.TransactionAspectSupport.invokeWithinTransaction(TransactionAspectSupport.java:419) ~[spring-tx-6.1.1.jar:6.1.1]
	at org.springframework.transaction.interceptor.TransactionInterceptor.invoke(TransactionInterceptor.java:119) ~[spring-tx-6.1.1.jar:6.1.1]
	at org.springframework.aop.framework.ReflectiveMethodInvocation.proceed(ReflectiveMethodInvocation.java:184) ~[spring-aop-6.1.1.jar:6.1.1]
	at org.springframework.aop.framework.CglibAopProxy$CglibMethodInvocation.proceed(CglibAopProxy.java:765) ~[spring-aop-6.1.1.jar:6.1.1]
	at org.springframework.aop.framework.CglibAopProxy$DynamicAdvisedInterceptor.intercept(CglibAopProxy.java:717) ~[spring-aop-6.1.1.jar:6.1.1]
	at com.middleware.service.impl.AuthServiceImpl$$SpringCGLIB$$0.register(<generated>) ~[classes/:na]
	at com.middleware.controller.AuthController.register(AuthController.java:32) ~[classes/:na]
	at java.base/jdk.internal.reflect.NativeMethodAccessorImpl.invoke0(Native Method) ~[na:na]
	at java.base/jdk.internal.reflect.NativeMethodAccessorImpl.invoke(NativeMethodAccessorImpl.java:77) ~[na:na]
	at java.base/jdk.internal.reflect.DelegatingMethodAccessorImpl.invoke(DelegatingMethodAccessorImpl.java:43) ~[na:na]
	at java.base/java.lang.reflect.Method.invoke(Method.java:568) ~[na:na]
	at org.springframework.aop.support.AopUtils.invokeJoinpointUsingReflection(AopUtils.java:352) ~[spring-aop-6.1.1.jar:6.1.1]
	at org.springframework.aop.framework.ReflectiveMethodInvocation.invokeJoinpoint(ReflectiveMethodInvocation.java:196) ~[spring-aop-6.1.1.jar:6.1.1]
	at org.springframework.aop.framework.ReflectiveMethodInvocation.proceed(ReflectiveMethodInvocation.java:163) ~[spring-aop-6.1.1.jar:6.1.1]
	at org.springframework.aop.framework.CglibAopProxy$CglibMethodInvocation.proceed(CglibAopProxy.java:765) ~[spring-aop-6.1.1.jar:6.1.1]
	at org.springframework.aop.aspectj.MethodInvocationProceedingJoinPoint.proceed(MethodInvocationProceedingJoinPoint.java:89) ~[spring-aop-6.1.1.jar:6.1.1]
	at com.middleware.config.AuditAspect.audit(AuditAspect.java:45) ~[classes/:na]
	at java.base/jdk.internal.reflect.NativeMethodAccessorImpl.invoke0(Native Method) ~[na:na]
	at java.base/jdk.internal.reflect.NativeMethodAccessorImpl.invoke(NativeMethodAccessorImpl.java:77) ~[na:na]
	at java.base/jdk.internal.reflect.DelegatingMethodAccessorImpl.invoke(DelegatingMethodAccessorImpl.java:43) ~[na:na]
	at java.base/java.lang.reflect.Method.invoke(Method.java:568) ~[na:na]
	at org.springframework.aop.aspectj.AbstractAspectJAdvice.invokeAdviceMethodWithGivenArgs(AbstractAspectJAdvice.java:637) ~[spring-aop-6.1.1.jar:6.1.1]
	at org.springframework.aop.aspectj.AbstractAspectJAdvice.invokeAdviceMethod(AbstractAspectJAdvice.java:627) ~[spring-aop-6.1.1.jar:6.1.1]
	at org.springframework.aop.aspectj.AspectJAroundAdvice.invoke(AspectJAroundAdvice.java:71) ~[spring-aop-6.1.1.jar:6.1.1]
	at org.springframework.aop.framework.ReflectiveMethodInvocation.proceed(ReflectiveMethodInvocation.java:173) ~[spring-aop-6.1.1.jar:6.1.1]
	at org.springframework.aop.framework.CglibAopProxy$CglibMethodInvocation.proceed(CglibAopProxy.java:765) ~[spring-aop-6.1.1.jar:6.1.1]
	at org.springframework.aop.interceptor.ExposeInvocationInterceptor.invoke(ExposeInvocationInterceptor.java:97) ~[spring-aop-6.1.1.jar:6.1.1]
	at org.springframework.aop.framework.ReflectiveMethodInvocation.proceed(ReflectiveMethodInvocation.java:184) ~[spring-aop-6.1.1.jar:6.1.1]
	at org.springframework.aop.framework.CglibAopProxy$CglibMethodInvocation.proceed(CglibAopProxy.java:765) ~[spring-aop-6.1.1.jar:6.1.1]
	at org.springframework.aop.framework.CglibAopProxy$DynamicAdvisedInterceptor.intercept(CglibAopProxy.java:717) ~[spring-aop-6.1.1.jar:6.1.1]
	at com.middleware.controller.AuthController$$SpringCGLIB$$0.register(<generated>) ~[classes/:na]
	at java.base/jdk.internal.reflect.NativeMethodAccessorImpl.invoke0(Native Method) ~[na:na]
	at java.base/jdk.internal.reflect.NativeMethodAccessorImpl.invoke(NativeMethodAccessorImpl.java:77) ~[na:na]
	at java.base/jdk.internal.reflect.DelegatingMethodAccessorImpl.invoke(DelegatingMethodAccessorImpl.java:43) ~[na:na]
	at java.base/java.lang.reflect.Method.invoke(Method.java:568) ~[na:na]
	at org.springframework.web.method.support.InvocableHandlerMethod.doInvoke(InvocableHandlerMethod.java:254) ~[spring-web-6.1.1.jar:6.1.1]
	at org.springframework.web.method.support.InvocableHandlerMethod.invokeForRequest(InvocableHandlerMethod.java:182) ~[spring-web-6.1.1.jar:6.1.1]
	at org.springframework.web.servlet.mvc.method.annotation.ServletInvocableHandlerMethod.invokeAndHandle(ServletInvocableHandlerMethod.java:118) ~[spring-webmvc-6.1.1.jar:6.1.1]
	at org.springframework.web.servlet.mvc.method.annotation.RequestMappingHandlerAdapter.invokeHandlerMethod(RequestMappingHandlerAdapter.java:917) ~[spring-webmvc-6.1.1.jar:6.1.1]
	at org.springframework.web.servlet.mvc.method.annotation.RequestMappingHandlerAdapter.handleInternal(RequestMappingHandlerAdapter.java:829) ~[spring-webmvc-6.1.1.jar:6.1.1]
	at org.springframework.web.servlet.mvc.method.AbstractHandlerMethodAdapter.handle(AbstractHandlerMethodAdapter.java:87) ~[spring-webmvc-6.1.1.jar:6.1.1]
	at org.springframework.web.servlet.DispatcherServlet.doDispatch(DispatcherServlet.java:1089) ~[spring-webmvc-6.1.1.jar:6.1.1]
	at org.springframework.web.servlet.DispatcherServlet.doService(DispatcherServlet.java:979) ~[spring-webmvc-6.1.1.jar:6.1.1]
	at org.springframework.web.servlet.FrameworkServlet.processRequest(FrameworkServlet.java:1014) ~[spring-webmvc-6.1.1.jar:6.1.1]
	at org.springframework.web.servlet.FrameworkServlet.doPost(FrameworkServlet.java:914) ~[spring-webmvc-6.1.1.jar:6.1.1]
	at jakarta.servlet.http.HttpServlet.service(HttpServlet.java:590) ~[tomcat-embed-core-10.1.16.jar:6.0]
	at org.springframework.web.servlet.FrameworkServlet.service(FrameworkServlet.java:885) ~[spring-webmvc-6.1.1.jar:6.1.1]
	at jakarta.servlet.http.HttpServlet.service(HttpServlet.java:658) ~[tomcat-embed-core-10.1.16.jar:6.0]
	at org.apache.catalina.core.ApplicationFilterChain.internalDoFilter(ApplicationFilterChain.java:205) ~[tomcat-embed-core-10.1.16.jar:10.1.16]
	at org.apache.catalina.core.ApplicationFilterChain.doFilter(ApplicationFilterChain.java:149) ~[tomcat-embed-core-10.1.16.jar:10.1.16]
	at org.apache.tomcat.websocket.server.WsFilter.doFilter(WsFilter.java:51) ~[tomcat-embed-websocket-10.1.16.jar:10.1.16]
	at org.apache.catalina.core.ApplicationFilterChain.internalDoFilter(ApplicationFilterChain.java:174) ~[tomcat-embed-core-10.1.16.jar:10.1.16]
	at org.apache.catalina.core.ApplicationFilterChain.doFilter(ApplicationFilterChain.java:149) ~[tomcat-embed-core-10.1.16.jar:10.1.16]
	at org.springframework.web.filter.OncePerRequestFilter.doFilter(OncePerRequestFilter.java:110) ~[spring-web-6.1.1.jar:6.1.1]
	at org.apache.catalina.core.ApplicationFilterChain.internalDoFilter(ApplicationFilterChain.java:174) ~[tomcat-embed-core-10.1.16.jar:10.1.16]
	at org.apache.catalina.core.ApplicationFilterChain.doFilter(ApplicationFilterChain.java:149) ~[tomcat-embed-core-10.1.16.jar:10.1.16]
	at org.springframework.security.web.FilterChainProxy.lambda$doFilterInternal$3(FilterChainProxy.java:231) ~[spring-security-web-6.2.0.jar:6.2.0]
	at org.springframework.security.web.FilterChainProxy$VirtualFilterChain.doFilter(FilterChainProxy.java:365) ~[spring-security-web-6.2.0.jar:6.2.0]
	at org.springframework.security.web.access.intercept.AuthorizationFilter.doFilter(AuthorizationFilter.java:100) ~[spring-security-web-6.2.0.jar:6.2.0]
	at org.springframework.security.web.FilterChainProxy$VirtualFilterChain.doFilter(FilterChainProxy.java:374) ~[spring-security-web-6.2.0.jar:6.2.0]
	at org.springframework.security.web.access.ExceptionTranslationFilter.doFilter(ExceptionTranslationFilter.java:126) ~[spring-security-web-6.2.0.jar:6.2.0]
	at org.springframework.security.web.access.ExceptionTranslationFilter.doFilter(ExceptionTranslationFilter.java:120) ~[spring-security-web-6.2.0.jar:6.2.0]
	at org.springframework.security.web.FilterChainProxy$VirtualFilterChain.doFilter(FilterChainProxy.java:374) ~[spring-security-web-6.2.0.jar:6.2.0]
	at org.springframework.security.web.session.SessionManagementFilter.doFilter(SessionManagementFilter.java:131) ~[spring-security-web-6.2.0.jar:6.2.0]
	at org.springframework.security.web.session.SessionManagementFilter.doFilter(SessionManagementFilter.java:85) ~[spring-security-web-6.2.0.jar:6.2.0]
	at org.springframework.security.web.FilterChainProxy$VirtualFilterChain.doFilter(FilterChainProxy.java:374) ~[spring-security-web-6.2.0.jar:6.2.0]
	at org.springframework.security.web.authentication.AnonymousAuthenticationFilter.doFilter(AnonymousAuthenticationFilter.java:100) ~[spring-security-web-6.2.0.jar:6.2.0]
	at org.springframework.security.web.FilterChainProxy$VirtualFilterChain.doFilter(FilterChainProxy.java:374) ~[spring-security-web-6.2.0.jar:6.2.0]
	at org.springframework.security.web.servletapi.SecurityContextHolderAwareRequestFilter.doFilter(SecurityContextHolderAwareRequestFilter.java:179) ~[spring-security-web-6.2.0.jar:6.2.0]
	at org.springframework.security.web.FilterChainProxy$VirtualFilterChain.doFilter(FilterChainProxy.java:374) ~[spring-security-web-6.2.0.jar:6.2.0]
	at org.springframework.security.web.savedrequest.RequestCacheAwareFilter.doFilter(RequestCacheAwareFilter.java:63) ~[spring-security-web-6.2.0.jar:6.2.0]
	at org.springframework.security.web.FilterChainProxy$VirtualFilterChain.doFilter(FilterChainProxy.java:374) ~[spring-security-web-6.2.0.jar:6.2.0]
	at com.middleware.security.JwtAuthenticationFilter.doFilterInternal(JwtAuthenticationFilter.java:33) ~[classes/:na]
	at org.springframework.web.filter.OncePerRequestFilter.doFilter(OncePerRequestFilter.java:116) ~[spring-web-6.1.1.jar:6.1.1]
	at org.springframework.security.web.FilterChainProxy$VirtualFilterChain.doFilter(FilterChainProxy.java:374) ~[spring-security-web-6.2.0.jar:6.2.0]
	at org.springframework.security.web.authentication.logout.LogoutFilter.doFilter(LogoutFilter.java:107) ~[spring-security-web-6.2.0.jar:6.2.0]
	at org.springframework.security.web.authentication.logout.LogoutFilter.doFilter(LogoutFilter.java:93) ~[spring-security-web-6.2.0.jar:6.2.0]
	at org.springframework.security.web.FilterChainProxy$VirtualFilterChain.doFilter(FilterChainProxy.java:374) ~[spring-security-web-6.2.0.jar:6.2.0]
	at org.springframework.web.filter.CorsFilter.doFilterInternal(CorsFilter.java:91) ~[spring-web-6.1.1.jar:6.1.1]
	at org.springframework.web.filter.OncePerRequestFilter.doFilter(OncePerRequestFilter.java:116) ~[spring-web-6.1.1.jar:6.1.1]
	at org.springframework.security.web.FilterChainProxy$VirtualFilterChain.doFilter(FilterChainProxy.java:374) ~[spring-security-web-6.2.0.jar:6.2.0]
	at org.springframework.security.web.header.HeaderWriterFilter.doHeadersAfter(HeaderWriterFilter.java:90) ~[spring-security-web-6.2.0.jar:6.2.0]
	at org.springframework.security.web.header.HeaderWriterFilter.doFilterInternal(HeaderWriterFilter.java:75) ~[spring-security-web-6.2.0.jar:6.2.0]
	at org.springframework.web.filter.OncePerRequestFilter.doFilter(OncePerRequestFilter.java:116) ~[spring-web-6.1.1.jar:6.1.1]
	at org.springframework.security.web.FilterChainProxy$VirtualFilterChain.doFilter(FilterChainProxy.java:374) ~[spring-security-web-6.2.0.jar:6.2.0]
	at org.springframework.security.web.context.SecurityContextHolderFilter.doFilter(SecurityContextHolderFilter.java:82) ~[spring-security-web-6.2.0.jar:6.2.0]
	at org.springframework.security.web.context.SecurityContextHolderFilter.doFilter(SecurityContextHolderFilter.java:69) ~[spring-security-web-6.2.0.jar:6.2.0]
	at org.springframework.security.web.FilterChainProxy$VirtualFilterChain.doFilter(FilterChainProxy.java:374) ~[spring-security-web-6.2.0.jar:6.2.0]
	at org.springframework.security.web.context.request.async.WebAsyncManagerIntegrationFilter.doFilterInternal(WebAsyncManagerIntegrationFilter.java:62) ~[spring-security-web-6.2.0.jar:6.2.0]
	at org.springframework.web.filter.OncePerRequestFilter.doFilter(OncePerRequestFilter.java:116) ~[spring-web-6.1.1.jar:6.1.1]
	at org.springframework.security.web.FilterChainProxy$VirtualFilterChain.doFilter(FilterChainProxy.java:374) ~[spring-security-web-6.2.0.jar:6.2.0]
	at org.springframework.security.web.session.DisableEncodeUrlFilter.doFilterInternal(DisableEncodeUrlFilter.java:42) ~[spring-security-web-6.2.0.jar:6.2.0]
	at org.springframework.web.filter.OncePerRequestFilter.doFilter(OncePerRequestFilter.java:116) ~[spring-web-6.1.1.jar:6.1.1]
	at org.springframework.security.web.FilterChainProxy$VirtualFilterChain.doFilter(FilterChainProxy.java:374) ~[spring-security-web-6.2.0.jar:6.2.0]
	at org.springframework.security.web.FilterChainProxy.doFilterInternal(FilterChainProxy.java:233) ~[spring-security-web-6.2.0.jar:6.2.0]
	at org.springframework.security.web.FilterChainProxy.doFilter(FilterChainProxy.java:191) ~[spring-security-web-6.2.0.jar:6.2.0]
	at org.springframework.web.filter.DelegatingFilterProxy.invokeDelegate(DelegatingFilterProxy.java:352) ~[spring-web-6.1.1.jar:6.1.1]
	at org.springframework.web.filter.DelegatingFilterProxy.doFilter(DelegatingFilterProxy.java:268) ~[spring-web-6.1.1.jar:6.1.1]
	at org.apache.catalina.core.ApplicationFilterChain.internalDoFilter(ApplicationFilterChain.java:174) ~[tomcat-embed-core-10.1.16.jar:10.1.16]
	at org.apache.catalina.core.ApplicationFilterChain.doFilter(ApplicationFilterChain.java:149) ~[tomcat-embed-core-10.1.16.jar:10.1.16]
	at org.springframework.web.filter.RequestContextFilter.doFilterInternal(RequestContextFilter.java:100) ~[spring-web-6.1.1.jar:6.1.1]
	at org.springframework.web.filter.OncePerRequestFilter.doFilter(OncePerRequestFilter.java:116) ~[spring-web-6.1.1.jar:6.1.1]
	at org.apache.catalina.core.ApplicationFilterChain.internalDoFilter(ApplicationFilterChain.java:174) ~[tomcat-embed-core-10.1.16.jar:10.1.16]
	at org.apache.catalina.core.ApplicationFilterChain.doFilter(ApplicationFilterChain.java:149) ~[tomcat-embed-core-10.1.16.jar:10.1.16]
	at org.springframework.web.filter.FormContentFilter.doFilterInternal(FormContentFilter.java:93) ~[spring-web-6.1.1.jar:6.1.1]
	at org.springframework.web.filter.OncePerRequestFilter.doFilter(OncePerRequestFilter.java:116) ~[spring-web-6.1.1.jar:6.1.1]
	at org.apache.catalina.core.ApplicationFilterChain.internalDoFilter(ApplicationFilterChain.java:174) ~[tomcat-embed-core-10.1.16.jar:10.1.16]
	at org.apache.catalina.core.ApplicationFilterChain.doFilter(ApplicationFilterChain.java:149) ~[tomcat-embed-core-10.1.16.jar:10.1.16]
	at org.springframework.web.filter.CharacterEncodingFilter.doFilterInternal(CharacterEncodingFilter.java:201) ~[spring-web-6.1.1.jar:6.1.1]
	at org.springframework.web.filter.OncePerRequestFilter.doFilter(OncePerRequestFilter.java:116) ~[spring-web-6.1.1.jar:6.1.1]
	at org.apache.catalina.core.ApplicationFilterChain.internalDoFilter(ApplicationFilterChain.java:174) ~[tomcat-embed-core-10.1.16.jar:10.1.16]
	at org.apache.catalina.core.ApplicationFilterChain.doFilter(ApplicationFilterChain.java:149) ~[tomcat-embed-core-10.1.16.jar:10.1.16]
	at org.apache.catalina.core.StandardWrapperValve.invoke(StandardWrapperValve.java:167) ~[tomcat-embed-core-10.1.16.jar:10.1.16]
	at org.apache.catalina.core.StandardContextValve.invoke(StandardContextValve.java:90) ~[tomcat-embed-core-10.1.16.jar:10.1.16]
	at org.apache.catalina.authenticator.AuthenticatorBase.invoke(AuthenticatorBase.java:482) ~[tomcat-embed-core-10.1.16.jar:10.1.16]
	at org.apache.catalina.core.StandardHostValve.invoke(StandardHostValve.java:115) ~[tomcat-embed-core-10.1.16.jar:10.1.16]
	at org.apache.catalina.valves.ErrorReportValve.invoke(ErrorReportValve.java:93) ~[tomcat-embed-core-10.1.16.jar:10.1.16]
	at org.apache.catalina.core.StandardEngineValve.invoke(StandardEngineValve.java:74) ~[tomcat-embed-core-10.1.16.jar:10.1.16]
	at org.apache.catalina.connector.CoyoteAdapter.service(CoyoteAdapter.java:340) ~[tomcat-embed-core-10.1.16.jar:10.1.16]
	at org.apache.coyote.http11.Http11Processor.service(Http11Processor.java:391) ~[tomcat-embed-core-10.1.16.jar:10.1.16]
	at org.apache.coyote.AbstractProcessorLight.process(AbstractProcessorLight.java:63) ~[tomcat-embed-core-10.1.16.jar:10.1.16]
	at org.apache.coyote.AbstractProtocol$ConnectionHandler.process(AbstractProtocol.java:896) ~[tomcat-embed-core-10.1.16.jar:10.1.16]
	at org.apache.tomcat.util.net.NioEndpoint$SocketProcessor.doRun(NioEndpoint.java:1744) ~[tomcat-embed-core-10.1.16.jar:10.1.16]
	at org.apache.tomcat.util.net.SocketProcessorBase.run(SocketProcessorBase.java:52) ~[tomcat-embed-core-10.1.16.jar:10.1.16]
	at org.apache.tomcat.util.threads.ThreadPoolExecutor.runWorker(ThreadPoolExecutor.java:1191) ~[tomcat-embed-core-10.1.16.jar:10.1.16]
	at org.apache.tomcat.util.threads.ThreadPoolExecutor$Worker.run(ThreadPoolExecutor.java:659) ~[tomcat-embed-core-10.1.16.jar:10.1.16]
	at org.apache.tomcat.util.threads.TaskThread$WrappingRunnable.run(TaskThread.java:61) ~[tomcat-embed-core-10.1.16.jar:10.1.16]
	at java.base/java.lang.Thread.run(Thread.java:842) ~[na:na]
Caused by: org.hibernate.exception.DataException: could not execute statement [Data truncation: Data too long for column 'otp' at row 1] [insert into users (account_status,bvn_nin,created_date,email,email_verified,full_name,last_login,otp,otp_action,otp_attempt_count,otp_expiry,password,password_reset_token,phone_number,role,id) values (?,?,?,?,?,?,?,?,?,?,?,?,?,?,?,?)]
	at org.hibernate.exception.internal.SQLExceptionTypeDelegate.convert(SQLExceptionTypeDelegate.java:55) ~[hibernate-core-6.3.1.Final.jar:6.3.1.Final]
	at org.hibernate.exception.internal.StandardSQLExceptionConverter.convert(StandardSQLExceptionConverter.java:58) ~[hibernate-core-6.3.1.Final.jar:6.3.1.Final]
	at org.hibernate.engine.jdbc.spi.SqlExceptionHelper.convert(SqlExceptionHelper.java:108) ~[hibernate-core-6.3.1.Final.jar:6.3.1.Final]
	at org.hibernate.engine.jdbc.internal.ResultSetReturnImpl.executeUpdate(ResultSetReturnImpl.java:283) ~[hibernate-core-6.3.1.Final.jar:6.3.1.Final]
	at org.hibernate.engine.jdbc.mutation.internal.AbstractMutationExecutor.performNonBatchedMutation(AbstractMutationExecutor.java:107) ~[hibernate-core-6.3.1.Final.jar:6.3.1.Final]
	at org.hibernate.engine.jdbc.mutation.internal.MutationExecutorSingleNonBatched.performNonBatchedOperations(MutationExecutorSingleNonBatched.java:40) ~[hibernate-core-6.3.1.Final.jar:6.3.1.Final]
	at org.hibernate.engine.jdbc.mutation.internal.AbstractMutationExecutor.execute(AbstractMutationExecutor.java:52) ~[hibernate-core-6.3.1.Final.jar:6.3.1.Final]
	at org.hibernate.persister.entity.mutation.InsertCoordinator.doStaticInserts(InsertCoordinator.java:171) ~[hibernate-core-6.3.1.Final.jar:6.3.1.Final]
	at org.hibernate.persister.entity.mutation.InsertCoordinator.coordinateInsert(InsertCoordinator.java:112) ~[hibernate-core-6.3.1.Final.jar:6.3.1.Final]
	at org.hibernate.persister.entity.AbstractEntityPersister.insert(AbstractEntityPersister.java:2865) ~[hibernate-core-6.3.1.Final.jar:6.3.1.Final]
	at org.hibernate.action.internal.EntityInsertAction.execute(EntityInsertAction.java:102) ~[hibernate-core-6.3.1.Final.jar:6.3.1.Final]
	at org.hibernate.engine.spi.ActionQueue.executeActions(ActionQueue.java:631) ~[hibernate-core-6.3.1.Final.jar:6.3.1.Final]
	at org.hibernate.engine.spi.ActionQueue.executeActions(ActionQueue.java:498) ~[hibernate-core-6.3.1.Final.jar:6.3.1.Final]
	at org.hibernate.event.internal.AbstractFlushingEventListener.performExecutions(AbstractFlushingEventListener.java:363) ~[hibernate-core-6.3.1.Final.jar:6.3.1.Final]
	at org.hibernate.event.internal.DefaultFlushEventListener.onFlush(DefaultFlushEventListener.java:39) ~[hibernate-core-6.3.1.Final.jar:6.3.1.Final]
	at org.hibernate.event.service.internal.EventListenerGroupImpl.fireEventOnEachListener(EventListenerGroupImpl.java:127) ~[hibernate-core-6.3.1.Final.jar:6.3.1.Final]
	at org.hibernate.internal.SessionImpl.doFlush(SessionImpl.java:1415) ~[hibernate-core-6.3.1.Final.jar:6.3.1.Final]
	at org.hibernate.internal.SessionImpl.managedFlush(SessionImpl.java:496) ~[hibernate-core-6.3.1.Final.jar:6.3.1.Final]
	at org.hibernate.internal.SessionImpl.flushBeforeTransactionCompletion(SessionImpl.java:2325) ~[hibernate-core-6.3.1.Final.jar:6.3.1.Final]
	at org.hibernate.internal.SessionImpl.beforeTransactionCompletion(SessionImpl.java:1988) ~[hibernate-core-6.3.1.Final.jar:6.3.1.Final]
	at org.hibernate.engine.jdbc.internal.JdbcCoordinatorImpl.beforeTransactionCompletion(JdbcCoordinatorImpl.java:439) ~[hibernate-core-6.3.1.Final.jar:6.3.1.Final]
	at org.hibernate.resource.transaction.backend.jdbc.internal.JdbcResourceLocalTransactionCoordinatorImpl.beforeCompletionCallback(JdbcResourceLocalTransactionCoordinatorImpl.java:169) ~[hibernate-core-6.3.1.Final.jar:6.3.1.Final]
	at org.hibernate.resource.transaction.backend.jdbc.internal.JdbcResourceLocalTransactionCoordinatorImpl$TransactionDriverControlImpl.commit(JdbcResourceLocalTransactionCoordinatorImpl.java:267) ~[hibernate-core-6.3.1.Final.jar:6.3.1.Final]
	at org.hibernate.engine.transaction.internal.TransactionImpl.commit(TransactionImpl.java:101) ~[hibernate-core-6.3.1.Final.jar:6.3.1.Final]
	at org.springframework.orm.jpa.JpaTransactionManager.doCommit(JpaTransactionManager.java:561) ~[spring-orm-6.1.1.jar:6.1.1]
	... 131 common frames omitted
Caused by: com.mysql.cj.jdbc.exceptions.MysqlDataTruncation: Data truncation: Data too long for column 'otp' at row 1
	at com.mysql.cj.jdbc.exceptions.SQLExceptionsMapping.translateException(SQLExceptionsMapping.java:104) ~[mysql-connector-j-8.1.0.jar:8.1.0]
	at com.mysql.cj.jdbc.ClientPreparedStatement.executeInternal(ClientPreparedStatement.java:916) ~[mysql-connector-j-8.1.0.jar:8.1.0]
	at com.mysql.cj.jdbc.ClientPreparedStatement.executeUpdateInternal(ClientPreparedStatement.java:1061) ~[mysql-connector-j-8.1.0.jar:8.1.0]
	at com.mysql.cj.jdbc.ClientPreparedStatement.executeUpdateInternal(ClientPreparedStatement.java:1009) ~[mysql-connector-j-8.1.0.jar:8.1.0]
	at com.mysql.cj.jdbc.ClientPreparedStatement.executeLargeUpdate(ClientPreparedStatement.java:1320) ~[mysql-connector-j-8.1.0.jar:8.1.0]
	at com.mysql.cj.jdbc.ClientPreparedStatement.executeUpdate(ClientPreparedStatement.java:994) ~[mysql-connector-j-8.1.0.jar:8.1.0]
	at com.zaxxer.hikari.pool.ProxyPreparedStatement.executeUpdate(ProxyPreparedStatement.java:61) ~[HikariCP-5.0.1.jar:na]
	at com.zaxxer.hikari.pool.HikariProxyPreparedStatement.executeUpdate(HikariProxyPreparedStatement.java) ~[HikariCP-5.0.1.jar:na]
	at org.hibernate.engine.jdbc.internal.ResultSetReturnImpl.executeUpdate(ResultSetReturnImpl.java:280) ~[hibernate-core-6.3.1.Final.jar:6.3.1.Final]
	... 152 common frames omitted

2026-05-23T00:40:18.325+01:00  INFO 39303 --- [org.springframework.amqp.rabbit.RabbitListenerEndpointContainer#2-1] c.m.service.impl.EmailServiceImpl        : Email sent to: lame17@mytempmail.org
2026-05-23T00:41:06.383+01:00  INFO 39303 --- [org.springframework.amqp.rabbit.RabbitListenerEndpointContainer#0-2] o.s.a.r.l.SimpleMessageListenerContainer : Waiting for workers to finish.
2026-05-23T00:41:06.384+01:00  INFO 39303 --- [org.springframework.amqp.rabbit.RabbitListenerEndpointContainer#1-2] o.s.a.r.l.SimpleMessageListenerContainer : Waiting for workers to finish.
2026-05-23T00:41:06.386+01:00  INFO 39303 --- [org.springframework.amqp.rabbit.RabbitListenerEndpointContainer#2-2] o.s.a.r.l.SimpleMessageListenerContainer : Waiting for workers to finish.
2026-05-23T00:41:06.387+01:00  INFO 39303 --- [org.springframework.amqp.rabbit.RabbitListenerEndpointContainer#3-2] o.s.a.r.l.SimpleMessageListenerContainer : Waiting for workers to finish.
2026-05-23T00:41:06.466+01:00  INFO 39303 --- [org.springframework.amqp.rabbit.RabbitListenerEndpointContainer#2-2] o.s.a.r.l.SimpleMessageListenerContainer : Successfully waited for workers to finish.
2026-05-23T00:41:06.926+01:00  INFO 39303 --- [org.springframework.amqp.rabbit.RabbitListenerEndpointContainer#1-2] o.s.a.r.l.SimpleMessageListenerContainer : Successfully waited for workers to finish.
2026-05-23T00:41:06.927+01:00  INFO 39303 --- [org.springframework.amqp.rabbit.RabbitListenerEndpointContainer#0-2] o.s.a.r.l.SimpleMessageListenerContainer : Successfully waited for workers to finish.
2026-05-23T00:41:06.970+01:00  INFO 39303 --- [org.springframework.amqp.rabbit.RabbitListenerEndpointContainer#3-2] o.s.a.r.l.SimpleMessageListenerContainer : Successfully waited for workers to finish.
2026-05-23T00:41:07.052+01:00  INFO 39303 --- [SpringApplicationShutdownHook] j.LocalContainerEntityManagerFactoryBean : Closing JPA EntityManagerFactory for persistence unit 'default'
2026-05-23T00:41:07.055+01:00  INFO 39303 --- [SpringApplicationShutdownHook] com.zaxxer.hikari.HikariDataSource       : HikariPool-1 - Shutdown initiated...
2026-05-23T00:41:07.068+01:00  INFO 39303 --- [SpringApplicationShutdownHook] com.zaxxer.hikari.HikariDataSource       : HikariPool-1 - Shutdown completed.
2026-05-23T00:41:14.484+01:00  INFO 39590 --- [main] com.middleware.KoinsApplication          : Starting KoinsApplication using Java 17.0.11 with PID 39590 (/Users/gamp/Downloads/koins/target/classes started by gamp in /Users/gamp/Downloads/koins)
2026-05-23T00:41:14.490+01:00  INFO 39590 --- [main] com.middleware.KoinsApplication          : No active profile set, falling back to 1 default profile: "default"
2026-05-23T00:41:16.990+01:00  INFO 39590 --- [main] .s.d.r.c.RepositoryConfigurationDelegate : Bootstrapping Spring Data JPA repositories in DEFAULT mode.
2026-05-23T00:41:17.459+01:00  INFO 39590 --- [main] .s.d.r.c.RepositoryConfigurationDelegate : Finished Spring Data repository scanning in 450 ms. Found 6 JPA repository interfaces.
2026-05-23T00:41:19.166+01:00  INFO 39590 --- [main] o.s.b.w.embedded.tomcat.TomcatWebServer  : Tomcat initialized with port 8080 (http)
2026-05-23T00:41:19.185+01:00  INFO 39590 --- [main] o.apache.catalina.core.StandardService   : Starting service [Tomcat]
2026-05-23T00:41:19.186+01:00  INFO 39590 --- [main] o.apache.catalina.core.StandardEngine    : Starting Servlet engine: [Apache Tomcat/10.1.16]
2026-05-23T00:41:19.312+01:00  INFO 39590 --- [main] o.a.c.c.C.[Tomcat].[localhost].[/]       : Initializing Spring embedded WebApplicationContext
2026-05-23T00:41:19.313+01:00  INFO 39590 --- [main] w.s.c.ServletWebServerApplicationContext : Root WebApplicationContext: initialization completed in 4654 ms
2026-05-23T00:41:19.538+01:00  INFO 39590 --- [main] com.zaxxer.hikari.HikariDataSource       : HikariPool-1 - Starting...
2026-05-23T00:41:19.838+01:00  INFO 39590 --- [main] com.zaxxer.hikari.pool.HikariPool        : HikariPool-1 - Added connection com.mysql.cj.jdbc.ConnectionImpl@3d0352
2026-05-23T00:41:19.840+01:00  INFO 39590 --- [main] com.zaxxer.hikari.HikariDataSource       : HikariPool-1 - Start completed.
2026-05-23T00:41:20.036+01:00  INFO 39590 --- [main] o.f.c.internal.license.VersionPrinter    : Flyway Community Edition 9.22.3 by Redgate
2026-05-23T00:41:20.036+01:00  INFO 39590 --- [main] o.f.c.internal.license.VersionPrinter    : See release notes here: https://rd.gt/416ObMi
2026-05-23T00:41:20.036+01:00  INFO 39590 --- [main] o.f.c.internal.license.VersionPrinter    : 
2026-05-23T00:41:20.060+01:00  INFO 39590 --- [main] o.f.c.i.resource.ResourceNameValidator   : 1 SQL migrations were detected but not run because they did not follow the filename convention.
2026-05-23T00:41:20.060+01:00  INFO 39590 --- [main] o.f.c.i.resource.ResourceNameValidator   : Set 'validateMigrationNaming' to true to fail fast and see a list of the invalid file names.
2026-05-23T00:41:20.102+01:00  INFO 39590 --- [main] org.flywaydb.core.FlywayExecutor         : Database: jdbc:mysql://localhost:3306/koins_db (MySQL 8.0)
2026-05-23T00:41:20.165+01:00  INFO 39590 --- [main] o.f.c.i.s.JdbcTableSchemaHistory         : Schema history table `koins_db`.`flyway_schema_history` does not exist yet
2026-05-23T00:41:20.175+01:00  INFO 39590 --- [main] o.f.core.internal.command.DbValidate     : Successfully validated 2 migrations (execution time 00:00.038s)
2026-05-23T00:41:20.237+01:00  INFO 39590 --- [main] o.f.c.i.s.JdbcTableSchemaHistory         : Creating Schema History table `koins_db`.`flyway_schema_history` ...
2026-05-23T00:41:20.350+01:00  INFO 39590 --- [main] o.f.core.internal.command.DbMigrate      : Current version of schema `koins_db`: << Empty Schema >>
2026-05-23T00:41:20.389+01:00  INFO 39590 --- [main] o.f.core.internal.command.DbMigrate      : Migrating schema `koins_db` to version "1 - init schema"
2026-05-23T00:41:20.785+01:00  INFO 39590 --- [main] o.f.core.internal.command.DbMigrate      : Migrating schema `koins_db` to version "2 - seed admin user"
2026-05-23T00:41:20.821+01:00  INFO 39590 --- [main] o.f.core.internal.command.DbMigrate      : Successfully applied 2 migrations to schema `koins_db`, now at version v2 (execution time 00:00.365s)
2026-05-23T00:41:21.003+01:00  INFO 39590 --- [main] o.hibernate.jpa.internal.util.LogHelper  : HHH000204: Processing PersistenceUnitInfo [name: default]
2026-05-23T00:41:21.136+01:00  INFO 39590 --- [main] org.hibernate.Version                    : HHH000412: Hibernate ORM core version 6.3.1.Final
2026-05-23T00:41:21.220+01:00  INFO 39590 --- [main] o.h.c.internal.RegionFactoryInitiator    : HHH000026: Second-level cache disabled
2026-05-23T00:41:21.664+01:00  INFO 39590 --- [main] o.s.o.j.p.SpringPersistenceUnitInfo      : No LoadTimeWeaver setup: ignoring JPA class transformer
2026-05-23T00:41:21.767+01:00  WARN 39590 --- [main] org.hibernate.orm.deprecation            : HHH90000025: MySQL8Dialect does not need to be specified explicitly using 'hibernate.dialect' (remove the property setting and it will be selected by default)
2026-05-23T00:41:21.769+01:00  WARN 39590 --- [main] org.hibernate.orm.deprecation            : HHH90000026: MySQL8Dialect has been deprecated; use org.hibernate.dialect.MySQLDialect instead
2026-05-23T00:41:21.810+01:00  WARN 39590 --- [main] org.hibernate.orm.incubating             : HHH90006001: Encountered incubating setting [hibernate.type.preferred_uuid_jdbc_type].  See javadoc on corresponding `org.hibernate.cfg.AvailableSettings` constant for details.
2026-05-23T00:41:22.304+01:00  WARN 39590 --- [main] org.hibernate.orm.incubating             : HHH90006001: Encountered incubating setting [hibernate.type.preferred_uuid_jdbc_type].  See javadoc on corresponding `org.hibernate.cfg.AvailableSettings` constant for details.
2026-05-23T00:41:23.687+01:00  INFO 39590 --- [main] o.h.e.t.j.p.i.JtaPlatformInitiator       : HHH000489: No JTA platform available (set 'hibernate.transaction.jta.platform' to enable JTA platform integration)
2026-05-23T00:41:23.756+01:00  INFO 39590 --- [main] j.LocalContainerEntityManagerFactoryBean : Initialized JPA EntityManagerFactory for persistence unit 'default'
2026-05-23T00:41:24.521+01:00  INFO 39590 --- [main] o.s.d.j.r.query.QueryEnhancerFactory     : Hibernate is in classpath; If applicable, HQL parser will be used.
2026-05-23T00:41:28.146+01:00  INFO 39590 --- [main] o.s.b.w.embedded.tomcat.TomcatWebServer  : Tomcat started on port 8080 (http) with context path ''
2026-05-23T00:41:28.157+01:00  INFO 39590 --- [main] o.s.a.r.c.CachingConnectionFactory       : Attempting to connect to: [localhost:5672]
2026-05-23T00:41:28.270+01:00  INFO 39590 --- [main] o.s.a.r.c.CachingConnectionFactory       : Created new connection: rabbitConnectionFactory#67d6b0a6:0/SimpleConnection@35e79be0 [delegate=amqp://guest@127.0.0.1:5672/, localPort=55415]
2026-05-23T00:41:28.440+01:00  INFO 39590 --- [main] com.middleware.KoinsApplication          : Started KoinsApplication in 15.218 seconds (process running for 16.371)
2026-05-23T00:41:42.316+01:00  INFO 39590 --- [http-nio-8080-exec-2] o.a.c.c.C.[Tomcat].[localhost].[/]       : Initializing Spring DispatcherServlet 'dispatcherServlet'
2026-05-23T00:41:42.317+01:00  INFO 39590 --- [http-nio-8080-exec-2] o.s.web.servlet.DispatcherServlet        : Initializing Servlet 'dispatcherServlet'
2026-05-23T00:41:42.319+01:00  INFO 39590 --- [http-nio-8080-exec-2] o.s.web.servlet.DispatcherServlet        : Completed initialization in 2 ms
2026-05-23T00:41:42.348+01:00  WARN 39590 --- [http-nio-8080-exec-2] o.s.w.s.h.HandlerMappingIntrospector     : Cache miss for REQUEST dispatch to '/api/v1/auth/register' (previous null). Performing CorsConfiguration lookup. This is logged once only at WARN level, and every time at TRACE.
2026-05-23T00:41:42.376+01:00  WARN 39590 --- [http-nio-8080-exec-2] o.s.w.s.h.HandlerMappingIntrospector     : Cache miss for REQUEST dispatch to '/api/v1/auth/register' (previous null). Performing MatchableHandlerMapping lookup. This is logged once only at WARN level, and every time at TRACE.
2026-05-23T00:41:42.968+01:00  INFO 39590 --- [http-nio-8080-exec-2] c.m.service.impl.AuthServiceImpl         : Starting new user registration
2026-05-23T00:41:43.756+01:00  INFO 39590 --- [http-nio-8080-exec-2] c.m.messaging.NotificationPublisher      : Published email verification OTP for lame17@mytempmail.org
2026-05-23T00:41:43.896+01:00  INFO 39590 --- [org.springframework.amqp.rabbit.RabbitListenerEndpointContainer#2-1] c.m.messaging.NotificationConsumer       : Consuming email verification OTP for lame17@mytempmail.org
2026-05-23T00:41:44.020+01:00  WARN 39590 --- [http-nio-8080-exec-2] o.h.engine.jdbc.spi.SqlExceptionHelper   : SQL Error: 1406, SQLState: 22001
2026-05-23T00:41:44.021+01:00 ERROR 39590 --- [http-nio-8080-exec-2] o.h.engine.jdbc.spi.SqlExceptionHelper   : Data truncation: Data too long for column 'otp' at row 1
2026-05-23T00:41:44.105+01:00 ERROR 39590 --- [http-nio-8080-exec-2] c.m.exception.GlobalExceptionHandler     : Unexpected error: 

org.springframework.dao.DataIntegrityViolationException: could not execute statement [Data truncation: Data too long for column 'otp' at row 1] [insert into users (account_status,bvn_nin,created_date,email,email_verified,full_name,last_login,otp,otp_action,otp_attempt_count,otp_expiry,password,password_reset_token,phone_number,role,id) values (?,?,?,?,?,?,?,?,?,?,?,?,?,?,?,?)]; SQL [insert into users (account_status,bvn_nin,created_date,email,email_verified,full_name,last_login,otp,otp_action,otp_attempt_count,otp_expiry,password,password_reset_token,phone_number,role,id) values (?,?,?,?,?,?,?,?,?,?,?,?,?,?,?,?)]
	at org.springframework.orm.jpa.vendor.HibernateJpaDialect.convertHibernateAccessException(HibernateJpaDialect.java:293) ~[spring-orm-6.1.1.jar:6.1.1]
	at org.springframework.orm.jpa.vendor.HibernateJpaDialect.translateExceptionIfPossible(HibernateJpaDialect.java:241) ~[spring-orm-6.1.1.jar:6.1.1]
	at org.springframework.orm.jpa.JpaTransactionManager.doCommit(JpaTransactionManager.java:565) ~[spring-orm-6.1.1.jar:6.1.1]
	at org.springframework.transaction.support.AbstractPlatformTransactionManager.processCommit(AbstractPlatformTransactionManager.java:794) ~[spring-tx-6.1.1.jar:6.1.1]
	at org.springframework.transaction.support.AbstractPlatformTransactionManager.commit(AbstractPlatformTransactionManager.java:757) ~[spring-tx-6.1.1.jar:6.1.1]
	at org.springframework.transaction.interceptor.TransactionAspectSupport.commitTransactionAfterReturning(TransactionAspectSupport.java:669) ~[spring-tx-6.1.1.jar:6.1.1]
	at org.springframework.transaction.interceptor.TransactionAspectSupport.invokeWithinTransaction(TransactionAspectSupport.java:419) ~[spring-tx-6.1.1.jar:6.1.1]
	at org.springframework.transaction.interceptor.TransactionInterceptor.invoke(TransactionInterceptor.java:119) ~[spring-tx-6.1.1.jar:6.1.1]
	at org.springframework.aop.framework.ReflectiveMethodInvocation.proceed(ReflectiveMethodInvocation.java:184) ~[spring-aop-6.1.1.jar:6.1.1]
	at org.springframework.aop.framework.CglibAopProxy$CglibMethodInvocation.proceed(CglibAopProxy.java:765) ~[spring-aop-6.1.1.jar:6.1.1]
	at org.springframework.aop.framework.CglibAopProxy$DynamicAdvisedInterceptor.intercept(CglibAopProxy.java:717) ~[spring-aop-6.1.1.jar:6.1.1]
	at com.middleware.service.impl.AuthServiceImpl$$SpringCGLIB$$0.register(<generated>) ~[classes/:na]
	at com.middleware.controller.AuthController.register(AuthController.java:32) ~[classes/:na]
	at java.base/jdk.internal.reflect.NativeMethodAccessorImpl.invoke0(Native Method) ~[na:na]
	at java.base/jdk.internal.reflect.NativeMethodAccessorImpl.invoke(NativeMethodAccessorImpl.java:77) ~[na:na]
	at java.base/jdk.internal.reflect.DelegatingMethodAccessorImpl.invoke(DelegatingMethodAccessorImpl.java:43) ~[na:na]
	at java.base/java.lang.reflect.Method.invoke(Method.java:568) ~[na:na]
	at org.springframework.aop.support.AopUtils.invokeJoinpointUsingReflection(AopUtils.java:352) ~[spring-aop-6.1.1.jar:6.1.1]
	at org.springframework.aop.framework.ReflectiveMethodInvocation.invokeJoinpoint(ReflectiveMethodInvocation.java:196) ~[spring-aop-6.1.1.jar:6.1.1]
	at org.springframework.aop.framework.ReflectiveMethodInvocation.proceed(ReflectiveMethodInvocation.java:163) ~[spring-aop-6.1.1.jar:6.1.1]
	at org.springframework.aop.framework.CglibAopProxy$CglibMethodInvocation.proceed(CglibAopProxy.java:765) ~[spring-aop-6.1.1.jar:6.1.1]
	at org.springframework.aop.aspectj.MethodInvocationProceedingJoinPoint.proceed(MethodInvocationProceedingJoinPoint.java:89) ~[spring-aop-6.1.1.jar:6.1.1]
	at com.middleware.config.AuditAspect.audit(AuditAspect.java:45) ~[classes/:na]
	at java.base/jdk.internal.reflect.NativeMethodAccessorImpl.invoke0(Native Method) ~[na:na]
	at java.base/jdk.internal.reflect.NativeMethodAccessorImpl.invoke(NativeMethodAccessorImpl.java:77) ~[na:na]
	at java.base/jdk.internal.reflect.DelegatingMethodAccessorImpl.invoke(DelegatingMethodAccessorImpl.java:43) ~[na:na]
	at java.base/java.lang.reflect.Method.invoke(Method.java:568) ~[na:na]
	at org.springframework.aop.aspectj.AbstractAspectJAdvice.invokeAdviceMethodWithGivenArgs(AbstractAspectJAdvice.java:637) ~[spring-aop-6.1.1.jar:6.1.1]
	at org.springframework.aop.aspectj.AbstractAspectJAdvice.invokeAdviceMethod(AbstractAspectJAdvice.java:627) ~[spring-aop-6.1.1.jar:6.1.1]
	at org.springframework.aop.aspectj.AspectJAroundAdvice.invoke(AspectJAroundAdvice.java:71) ~[spring-aop-6.1.1.jar:6.1.1]
	at org.springframework.aop.framework.ReflectiveMethodInvocation.proceed(ReflectiveMethodInvocation.java:173) ~[spring-aop-6.1.1.jar:6.1.1]
	at org.springframework.aop.framework.CglibAopProxy$CglibMethodInvocation.proceed(CglibAopProxy.java:765) ~[spring-aop-6.1.1.jar:6.1.1]
	at org.springframework.aop.interceptor.ExposeInvocationInterceptor.invoke(ExposeInvocationInterceptor.java:97) ~[spring-aop-6.1.1.jar:6.1.1]
	at org.springframework.aop.framework.ReflectiveMethodInvocation.proceed(ReflectiveMethodInvocation.java:184) ~[spring-aop-6.1.1.jar:6.1.1]
	at org.springframework.aop.framework.CglibAopProxy$CglibMethodInvocation.proceed(CglibAopProxy.java:765) ~[spring-aop-6.1.1.jar:6.1.1]
	at org.springframework.aop.framework.CglibAopProxy$DynamicAdvisedInterceptor.intercept(CglibAopProxy.java:717) ~[spring-aop-6.1.1.jar:6.1.1]
	at com.middleware.controller.AuthController$$SpringCGLIB$$0.register(<generated>) ~[classes/:na]
	at java.base/jdk.internal.reflect.NativeMethodAccessorImpl.invoke0(Native Method) ~[na:na]
	at java.base/jdk.internal.reflect.NativeMethodAccessorImpl.invoke(NativeMethodAccessorImpl.java:77) ~[na:na]
	at java.base/jdk.internal.reflect.DelegatingMethodAccessorImpl.invoke(DelegatingMethodAccessorImpl.java:43) ~[na:na]
	at java.base/java.lang.reflect.Method.invoke(Method.java:568) ~[na:na]
	at org.springframework.web.method.support.InvocableHandlerMethod.doInvoke(InvocableHandlerMethod.java:254) ~[spring-web-6.1.1.jar:6.1.1]
	at org.springframework.web.method.support.InvocableHandlerMethod.invokeForRequest(InvocableHandlerMethod.java:182) ~[spring-web-6.1.1.jar:6.1.1]
	at org.springframework.web.servlet.mvc.method.annotation.ServletInvocableHandlerMethod.invokeAndHandle(ServletInvocableHandlerMethod.java:118) ~[spring-webmvc-6.1.1.jar:6.1.1]
	at org.springframework.web.servlet.mvc.method.annotation.RequestMappingHandlerAdapter.invokeHandlerMethod(RequestMappingHandlerAdapter.java:917) ~[spring-webmvc-6.1.1.jar:6.1.1]
	at org.springframework.web.servlet.mvc.method.annotation.RequestMappingHandlerAdapter.handleInternal(RequestMappingHandlerAdapter.java:829) ~[spring-webmvc-6.1.1.jar:6.1.1]
	at org.springframework.web.servlet.mvc.method.AbstractHandlerMethodAdapter.handle(AbstractHandlerMethodAdapter.java:87) ~[spring-webmvc-6.1.1.jar:6.1.1]
	at org.springframework.web.servlet.DispatcherServlet.doDispatch(DispatcherServlet.java:1089) ~[spring-webmvc-6.1.1.jar:6.1.1]
	at org.springframework.web.servlet.DispatcherServlet.doService(DispatcherServlet.java:979) ~[spring-webmvc-6.1.1.jar:6.1.1]
	at org.springframework.web.servlet.FrameworkServlet.processRequest(FrameworkServlet.java:1014) ~[spring-webmvc-6.1.1.jar:6.1.1]
	at org.springframework.web.servlet.FrameworkServlet.doPost(FrameworkServlet.java:914) ~[spring-webmvc-6.1.1.jar:6.1.1]
	at jakarta.servlet.http.HttpServlet.service(HttpServlet.java:590) ~[tomcat-embed-core-10.1.16.jar:6.0]
	at org.springframework.web.servlet.FrameworkServlet.service(FrameworkServlet.java:885) ~[spring-webmvc-6.1.1.jar:6.1.1]
	at jakarta.servlet.http.HttpServlet.service(HttpServlet.java:658) ~[tomcat-embed-core-10.1.16.jar:6.0]
	at org.apache.catalina.core.ApplicationFilterChain.internalDoFilter(ApplicationFilterChain.java:205) ~[tomcat-embed-core-10.1.16.jar:10.1.16]
	at org.apache.catalina.core.ApplicationFilterChain.doFilter(ApplicationFilterChain.java:149) ~[tomcat-embed-core-10.1.16.jar:10.1.16]
	at org.apache.tomcat.websocket.server.WsFilter.doFilter(WsFilter.java:51) ~[tomcat-embed-websocket-10.1.16.jar:10.1.16]
	at org.apache.catalina.core.ApplicationFilterChain.internalDoFilter(ApplicationFilterChain.java:174) ~[tomcat-embed-core-10.1.16.jar:10.1.16]
	at org.apache.catalina.core.ApplicationFilterChain.doFilter(ApplicationFilterChain.java:149) ~[tomcat-embed-core-10.1.16.jar:10.1.16]
	at org.springframework.web.filter.OncePerRequestFilter.doFilter(OncePerRequestFilter.java:110) ~[spring-web-6.1.1.jar:6.1.1]
	at org.apache.catalina.core.ApplicationFilterChain.internalDoFilter(ApplicationFilterChain.java:174) ~[tomcat-embed-core-10.1.16.jar:10.1.16]
	at org.apache.catalina.core.ApplicationFilterChain.doFilter(ApplicationFilterChain.java:149) ~[tomcat-embed-core-10.1.16.jar:10.1.16]
	at org.springframework.security.web.FilterChainProxy.lambda$doFilterInternal$3(FilterChainProxy.java:231) ~[spring-security-web-6.2.0.jar:6.2.0]
	at org.springframework.security.web.FilterChainProxy$VirtualFilterChain.doFilter(FilterChainProxy.java:365) ~[spring-security-web-6.2.0.jar:6.2.0]
	at org.springframework.security.web.access.intercept.AuthorizationFilter.doFilter(AuthorizationFilter.java:100) ~[spring-security-web-6.2.0.jar:6.2.0]
	at org.springframework.security.web.FilterChainProxy$VirtualFilterChain.doFilter(FilterChainProxy.java:374) ~[spring-security-web-6.2.0.jar:6.2.0]
	at org.springframework.security.web.access.ExceptionTranslationFilter.doFilter(ExceptionTranslationFilter.java:126) ~[spring-security-web-6.2.0.jar:6.2.0]
	at org.springframework.security.web.access.ExceptionTranslationFilter.doFilter(ExceptionTranslationFilter.java:120) ~[spring-security-web-6.2.0.jar:6.2.0]
	at org.springframework.security.web.FilterChainProxy$VirtualFilterChain.doFilter(FilterChainProxy.java:374) ~[spring-security-web-6.2.0.jar:6.2.0]
	at org.springframework.security.web.session.SessionManagementFilter.doFilter(SessionManagementFilter.java:131) ~[spring-security-web-6.2.0.jar:6.2.0]
	at org.springframework.security.web.session.SessionManagementFilter.doFilter(SessionManagementFilter.java:85) ~[spring-security-web-6.2.0.jar:6.2.0]
	at org.springframework.security.web.FilterChainProxy$VirtualFilterChain.doFilter(FilterChainProxy.java:374) ~[spring-security-web-6.2.0.jar:6.2.0]
	at org.springframework.security.web.authentication.AnonymousAuthenticationFilter.doFilter(AnonymousAuthenticationFilter.java:100) ~[spring-security-web-6.2.0.jar:6.2.0]
	at org.springframework.security.web.FilterChainProxy$VirtualFilterChain.doFilter(FilterChainProxy.java:374) ~[spring-security-web-6.2.0.jar:6.2.0]
	at org.springframework.security.web.servletapi.SecurityContextHolderAwareRequestFilter.doFilter(SecurityContextHolderAwareRequestFilter.java:179) ~[spring-security-web-6.2.0.jar:6.2.0]
	at org.springframework.security.web.FilterChainProxy$VirtualFilterChain.doFilter(FilterChainProxy.java:374) ~[spring-security-web-6.2.0.jar:6.2.0]
	at org.springframework.security.web.savedrequest.RequestCacheAwareFilter.doFilter(RequestCacheAwareFilter.java:63) ~[spring-security-web-6.2.0.jar:6.2.0]
	at org.springframework.security.web.FilterChainProxy$VirtualFilterChain.doFilter(FilterChainProxy.java:374) ~[spring-security-web-6.2.0.jar:6.2.0]
	at com.middleware.security.JwtAuthenticationFilter.doFilterInternal(JwtAuthenticationFilter.java:33) ~[classes/:na]
	at org.springframework.web.filter.OncePerRequestFilter.doFilter(OncePerRequestFilter.java:116) ~[spring-web-6.1.1.jar:6.1.1]
	at org.springframework.security.web.FilterChainProxy$VirtualFilterChain.doFilter(FilterChainProxy.java:374) ~[spring-security-web-6.2.0.jar:6.2.0]
	at org.springframework.security.web.authentication.logout.LogoutFilter.doFilter(LogoutFilter.java:107) ~[spring-security-web-6.2.0.jar:6.2.0]
	at org.springframework.security.web.authentication.logout.LogoutFilter.doFilter(LogoutFilter.java:93) ~[spring-security-web-6.2.0.jar:6.2.0]
	at org.springframework.security.web.FilterChainProxy$VirtualFilterChain.doFilter(FilterChainProxy.java:374) ~[spring-security-web-6.2.0.jar:6.2.0]
	at org.springframework.web.filter.CorsFilter.doFilterInternal(CorsFilter.java:91) ~[spring-web-6.1.1.jar:6.1.1]
	at org.springframework.web.filter.OncePerRequestFilter.doFilter(OncePerRequestFilter.java:116) ~[spring-web-6.1.1.jar:6.1.1]
	at org.springframework.security.web.FilterChainProxy$VirtualFilterChain.doFilter(FilterChainProxy.java:374) ~[spring-security-web-6.2.0.jar:6.2.0]
	at org.springframework.security.web.header.HeaderWriterFilter.doHeadersAfter(HeaderWriterFilter.java:90) ~[spring-security-web-6.2.0.jar:6.2.0]
	at org.springframework.security.web.header.HeaderWriterFilter.doFilterInternal(HeaderWriterFilter.java:75) ~[spring-security-web-6.2.0.jar:6.2.0]
	at org.springframework.web.filter.OncePerRequestFilter.doFilter(OncePerRequestFilter.java:116) ~[spring-web-6.1.1.jar:6.1.1]
	at org.springframework.security.web.FilterChainProxy$VirtualFilterChain.doFilter(FilterChainProxy.java:374) ~[spring-security-web-6.2.0.jar:6.2.0]
	at org.springframework.security.web.context.SecurityContextHolderFilter.doFilter(SecurityContextHolderFilter.java:82) ~[spring-security-web-6.2.0.jar:6.2.0]
	at org.springframework.security.web.context.SecurityContextHolderFilter.doFilter(SecurityContextHolderFilter.java:69) ~[spring-security-web-6.2.0.jar:6.2.0]
	at org.springframework.security.web.FilterChainProxy$VirtualFilterChain.doFilter(FilterChainProxy.java:374) ~[spring-security-web-6.2.0.jar:6.2.0]
	at org.springframework.security.web.context.request.async.WebAsyncManagerIntegrationFilter.doFilterInternal(WebAsyncManagerIntegrationFilter.java:62) ~[spring-security-web-6.2.0.jar:6.2.0]
	at org.springframework.web.filter.OncePerRequestFilter.doFilter(OncePerRequestFilter.java:116) ~[spring-web-6.1.1.jar:6.1.1]
	at org.springframework.security.web.FilterChainProxy$VirtualFilterChain.doFilter(FilterChainProxy.java:374) ~[spring-security-web-6.2.0.jar:6.2.0]
	at org.springframework.security.web.session.DisableEncodeUrlFilter.doFilterInternal(DisableEncodeUrlFilter.java:42) ~[spring-security-web-6.2.0.jar:6.2.0]
	at org.springframework.web.filter.OncePerRequestFilter.doFilter(OncePerRequestFilter.java:116) ~[spring-web-6.1.1.jar:6.1.1]
	at org.springframework.security.web.FilterChainProxy$VirtualFilterChain.doFilter(FilterChainProxy.java:374) ~[spring-security-web-6.2.0.jar:6.2.0]
	at org.springframework.security.web.FilterChainProxy.doFilterInternal(FilterChainProxy.java:233) ~[spring-security-web-6.2.0.jar:6.2.0]
	at org.springframework.security.web.FilterChainProxy.doFilter(FilterChainProxy.java:191) ~[spring-security-web-6.2.0.jar:6.2.0]
	at org.springframework.web.filter.DelegatingFilterProxy.invokeDelegate(DelegatingFilterProxy.java:352) ~[spring-web-6.1.1.jar:6.1.1]
	at org.springframework.web.filter.DelegatingFilterProxy.doFilter(DelegatingFilterProxy.java:268) ~[spring-web-6.1.1.jar:6.1.1]
	at org.apache.catalina.core.ApplicationFilterChain.internalDoFilter(ApplicationFilterChain.java:174) ~[tomcat-embed-core-10.1.16.jar:10.1.16]
	at org.apache.catalina.core.ApplicationFilterChain.doFilter(ApplicationFilterChain.java:149) ~[tomcat-embed-core-10.1.16.jar:10.1.16]
	at org.springframework.web.filter.RequestContextFilter.doFilterInternal(RequestContextFilter.java:100) ~[spring-web-6.1.1.jar:6.1.1]
	at org.springframework.web.filter.OncePerRequestFilter.doFilter(OncePerRequestFilter.java:116) ~[spring-web-6.1.1.jar:6.1.1]
	at org.apache.catalina.core.ApplicationFilterChain.internalDoFilter(ApplicationFilterChain.java:174) ~[tomcat-embed-core-10.1.16.jar:10.1.16]
	at org.apache.catalina.core.ApplicationFilterChain.doFilter(ApplicationFilterChain.java:149) ~[tomcat-embed-core-10.1.16.jar:10.1.16]
	at org.springframework.web.filter.FormContentFilter.doFilterInternal(FormContentFilter.java:93) ~[spring-web-6.1.1.jar:6.1.1]
	at org.springframework.web.filter.OncePerRequestFilter.doFilter(OncePerRequestFilter.java:116) ~[spring-web-6.1.1.jar:6.1.1]
	at org.apache.catalina.core.ApplicationFilterChain.internalDoFilter(ApplicationFilterChain.java:174) ~[tomcat-embed-core-10.1.16.jar:10.1.16]
	at org.apache.catalina.core.ApplicationFilterChain.doFilter(ApplicationFilterChain.java:149) ~[tomcat-embed-core-10.1.16.jar:10.1.16]
	at org.springframework.web.filter.CharacterEncodingFilter.doFilterInternal(CharacterEncodingFilter.java:201) ~[spring-web-6.1.1.jar:6.1.1]
	at org.springframework.web.filter.OncePerRequestFilter.doFilter(OncePerRequestFilter.java:116) ~[spring-web-6.1.1.jar:6.1.1]
	at org.apache.catalina.core.ApplicationFilterChain.internalDoFilter(ApplicationFilterChain.java:174) ~[tomcat-embed-core-10.1.16.jar:10.1.16]
	at org.apache.catalina.core.ApplicationFilterChain.doFilter(ApplicationFilterChain.java:149) ~[tomcat-embed-core-10.1.16.jar:10.1.16]
	at org.apache.catalina.core.StandardWrapperValve.invoke(StandardWrapperValve.java:167) ~[tomcat-embed-core-10.1.16.jar:10.1.16]
	at org.apache.catalina.core.StandardContextValve.invoke(StandardContextValve.java:90) ~[tomcat-embed-core-10.1.16.jar:10.1.16]
	at org.apache.catalina.authenticator.AuthenticatorBase.invoke(AuthenticatorBase.java:482) ~[tomcat-embed-core-10.1.16.jar:10.1.16]
	at org.apache.catalina.core.StandardHostValve.invoke(StandardHostValve.java:115) ~[tomcat-embed-core-10.1.16.jar:10.1.16]
	at org.apache.catalina.valves.ErrorReportValve.invoke(ErrorReportValve.java:93) ~[tomcat-embed-core-10.1.16.jar:10.1.16]
	at org.apache.catalina.core.StandardEngineValve.invoke(StandardEngineValve.java:74) ~[tomcat-embed-core-10.1.16.jar:10.1.16]
	at org.apache.catalina.connector.CoyoteAdapter.service(CoyoteAdapter.java:340) ~[tomcat-embed-core-10.1.16.jar:10.1.16]
	at org.apache.coyote.http11.Http11Processor.service(Http11Processor.java:391) ~[tomcat-embed-core-10.1.16.jar:10.1.16]
	at org.apache.coyote.AbstractProcessorLight.process(AbstractProcessorLight.java:63) ~[tomcat-embed-core-10.1.16.jar:10.1.16]
	at org.apache.coyote.AbstractProtocol$ConnectionHandler.process(AbstractProtocol.java:896) ~[tomcat-embed-core-10.1.16.jar:10.1.16]
	at org.apache.tomcat.util.net.NioEndpoint$SocketProcessor.doRun(NioEndpoint.java:1744) ~[tomcat-embed-core-10.1.16.jar:10.1.16]
	at org.apache.tomcat.util.net.SocketProcessorBase.run(SocketProcessorBase.java:52) ~[tomcat-embed-core-10.1.16.jar:10.1.16]
	at org.apache.tomcat.util.threads.ThreadPoolExecutor.runWorker(ThreadPoolExecutor.java:1191) ~[tomcat-embed-core-10.1.16.jar:10.1.16]
	at org.apache.tomcat.util.threads.ThreadPoolExecutor$Worker.run(ThreadPoolExecutor.java:659) ~[tomcat-embed-core-10.1.16.jar:10.1.16]
	at org.apache.tomcat.util.threads.TaskThread$WrappingRunnable.run(TaskThread.java:61) ~[tomcat-embed-core-10.1.16.jar:10.1.16]
	at java.base/java.lang.Thread.run(Thread.java:842) ~[na:na]
Caused by: org.hibernate.exception.DataException: could not execute statement [Data truncation: Data too long for column 'otp' at row 1] [insert into users (account_status,bvn_nin,created_date,email,email_verified,full_name,last_login,otp,otp_action,otp_attempt_count,otp_expiry,password,password_reset_token,phone_number,role,id) values (?,?,?,?,?,?,?,?,?,?,?,?,?,?,?,?)]
	at org.hibernate.exception.internal.SQLExceptionTypeDelegate.convert(SQLExceptionTypeDelegate.java:55) ~[hibernate-core-6.3.1.Final.jar:6.3.1.Final]
	at org.hibernate.exception.internal.StandardSQLExceptionConverter.convert(StandardSQLExceptionConverter.java:58) ~[hibernate-core-6.3.1.Final.jar:6.3.1.Final]
	at org.hibernate.engine.jdbc.spi.SqlExceptionHelper.convert(SqlExceptionHelper.java:108) ~[hibernate-core-6.3.1.Final.jar:6.3.1.Final]
	at org.hibernate.engine.jdbc.internal.ResultSetReturnImpl.executeUpdate(ResultSetReturnImpl.java:283) ~[hibernate-core-6.3.1.Final.jar:6.3.1.Final]
	at org.hibernate.engine.jdbc.mutation.internal.AbstractMutationExecutor.performNonBatchedMutation(AbstractMutationExecutor.java:107) ~[hibernate-core-6.3.1.Final.jar:6.3.1.Final]
	at org.hibernate.engine.jdbc.mutation.internal.MutationExecutorSingleNonBatched.performNonBatchedOperations(MutationExecutorSingleNonBatched.java:40) ~[hibernate-core-6.3.1.Final.jar:6.3.1.Final]
	at org.hibernate.engine.jdbc.mutation.internal.AbstractMutationExecutor.execute(AbstractMutationExecutor.java:52) ~[hibernate-core-6.3.1.Final.jar:6.3.1.Final]
	at org.hibernate.persister.entity.mutation.InsertCoordinator.doStaticInserts(InsertCoordinator.java:171) ~[hibernate-core-6.3.1.Final.jar:6.3.1.Final]
	at org.hibernate.persister.entity.mutation.InsertCoordinator.coordinateInsert(InsertCoordinator.java:112) ~[hibernate-core-6.3.1.Final.jar:6.3.1.Final]
	at org.hibernate.persister.entity.AbstractEntityPersister.insert(AbstractEntityPersister.java:2865) ~[hibernate-core-6.3.1.Final.jar:6.3.1.Final]
	at org.hibernate.action.internal.EntityInsertAction.execute(EntityInsertAction.java:102) ~[hibernate-core-6.3.1.Final.jar:6.3.1.Final]
	at org.hibernate.engine.spi.ActionQueue.executeActions(ActionQueue.java:631) ~[hibernate-core-6.3.1.Final.jar:6.3.1.Final]
	at org.hibernate.engine.spi.ActionQueue.executeActions(ActionQueue.java:498) ~[hibernate-core-6.3.1.Final.jar:6.3.1.Final]
	at org.hibernate.event.internal.AbstractFlushingEventListener.performExecutions(AbstractFlushingEventListener.java:363) ~[hibernate-core-6.3.1.Final.jar:6.3.1.Final]
	at org.hibernate.event.internal.DefaultFlushEventListener.onFlush(DefaultFlushEventListener.java:39) ~[hibernate-core-6.3.1.Final.jar:6.3.1.Final]
	at org.hibernate.event.service.internal.EventListenerGroupImpl.fireEventOnEachListener(EventListenerGroupImpl.java:127) ~[hibernate-core-6.3.1.Final.jar:6.3.1.Final]
	at org.hibernate.internal.SessionImpl.doFlush(SessionImpl.java:1415) ~[hibernate-core-6.3.1.Final.jar:6.3.1.Final]
	at org.hibernate.internal.SessionImpl.managedFlush(SessionImpl.java:496) ~[hibernate-core-6.3.1.Final.jar:6.3.1.Final]
	at org.hibernate.internal.SessionImpl.flushBeforeTransactionCompletion(SessionImpl.java:2325) ~[hibernate-core-6.3.1.Final.jar:6.3.1.Final]
	at org.hibernate.internal.SessionImpl.beforeTransactionCompletion(SessionImpl.java:1988) ~[hibernate-core-6.3.1.Final.jar:6.3.1.Final]
	at org.hibernate.engine.jdbc.internal.JdbcCoordinatorImpl.beforeTransactionCompletion(JdbcCoordinatorImpl.java:439) ~[hibernate-core-6.3.1.Final.jar:6.3.1.Final]
	at org.hibernate.resource.transaction.backend.jdbc.internal.JdbcResourceLocalTransactionCoordinatorImpl.beforeCompletionCallback(JdbcResourceLocalTransactionCoordinatorImpl.java:169) ~[hibernate-core-6.3.1.Final.jar:6.3.1.Final]
	at org.hibernate.resource.transaction.backend.jdbc.internal.JdbcResourceLocalTransactionCoordinatorImpl$TransactionDriverControlImpl.commit(JdbcResourceLocalTransactionCoordinatorImpl.java:267) ~[hibernate-core-6.3.1.Final.jar:6.3.1.Final]
	at org.hibernate.engine.transaction.internal.TransactionImpl.commit(TransactionImpl.java:101) ~[hibernate-core-6.3.1.Final.jar:6.3.1.Final]
	at org.springframework.orm.jpa.JpaTransactionManager.doCommit(JpaTransactionManager.java:561) ~[spring-orm-6.1.1.jar:6.1.1]
	... 131 common frames omitted
Caused by: com.mysql.cj.jdbc.exceptions.MysqlDataTruncation: Data truncation: Data too long for column 'otp' at row 1
	at com.mysql.cj.jdbc.exceptions.SQLExceptionsMapping.translateException(SQLExceptionsMapping.java:104) ~[mysql-connector-j-8.1.0.jar:8.1.0]
	at com.mysql.cj.jdbc.ClientPreparedStatement.executeInternal(ClientPreparedStatement.java:916) ~[mysql-connector-j-8.1.0.jar:8.1.0]
	at com.mysql.cj.jdbc.ClientPreparedStatement.executeUpdateInternal(ClientPreparedStatement.java:1061) ~[mysql-connector-j-8.1.0.jar:8.1.0]
	at com.mysql.cj.jdbc.ClientPreparedStatement.executeUpdateInternal(ClientPreparedStatement.java:1009) ~[mysql-connector-j-8.1.0.jar:8.1.0]
	at com.mysql.cj.jdbc.ClientPreparedStatement.executeLargeUpdate(ClientPreparedStatement.java:1320) ~[mysql-connector-j-8.1.0.jar:8.1.0]
	at com.mysql.cj.jdbc.ClientPreparedStatement.executeUpdate(ClientPreparedStatement.java:994) ~[mysql-connector-j-8.1.0.jar:8.1.0]
	at com.zaxxer.hikari.pool.ProxyPreparedStatement.executeUpdate(ProxyPreparedStatement.java:61) ~[HikariCP-5.0.1.jar:na]
	at com.zaxxer.hikari.pool.HikariProxyPreparedStatement.executeUpdate(HikariProxyPreparedStatement.java) ~[HikariCP-5.0.1.jar:na]
	at org.hibernate.engine.jdbc.internal.ResultSetReturnImpl.executeUpdate(ResultSetReturnImpl.java:280) ~[hibernate-core-6.3.1.Final.jar:6.3.1.Final]
	... 152 common frames omitted

2026-05-23T00:41:52.837+01:00  INFO 39590 --- [org.springframework.amqp.rabbit.RabbitListenerEndpointContainer#2-1] c.m.service.impl.EmailServiceImpl        : Email sent to: lame17@mytempmail.org
2026-05-23T00:43:30.096+01:00  INFO 39590 --- [org.springframework.amqp.rabbit.RabbitListenerEndpointContainer#0-2] o.s.a.r.l.SimpleMessageListenerContainer : Waiting for workers to finish.
2026-05-23T00:43:30.098+01:00  INFO 39590 --- [org.springframework.amqp.rabbit.RabbitListenerEndpointContainer#1-2] o.s.a.r.l.SimpleMessageListenerContainer : Waiting for workers to finish.
2026-05-23T00:43:30.099+01:00  INFO 39590 --- [org.springframework.amqp.rabbit.RabbitListenerEndpointContainer#2-2] o.s.a.r.l.SimpleMessageListenerContainer : Waiting for workers to finish.
2026-05-23T00:43:30.101+01:00  INFO 39590 --- [org.springframework.amqp.rabbit.RabbitListenerEndpointContainer#3-2] o.s.a.r.l.SimpleMessageListenerContainer : Waiting for workers to finish.
2026-05-23T00:43:30.203+01:00  INFO 39590 --- [org.springframework.amqp.rabbit.RabbitListenerEndpointContainer#2-2] o.s.a.r.l.SimpleMessageListenerContainer : Successfully waited for workers to finish.
2026-05-23T00:43:30.730+01:00  INFO 39590 --- [org.springframework.amqp.rabbit.RabbitListenerEndpointContainer#1-2] o.s.a.r.l.SimpleMessageListenerContainer : Successfully waited for workers to finish.
2026-05-23T00:43:30.783+01:00  INFO 39590 --- [org.springframework.amqp.rabbit.RabbitListenerEndpointContainer#3-2] o.s.a.r.l.SimpleMessageListenerContainer : Successfully waited for workers to finish.
2026-05-23T00:43:30.784+01:00  INFO 39590 --- [org.springframework.amqp.rabbit.RabbitListenerEndpointContainer#0-2] o.s.a.r.l.SimpleMessageListenerContainer : Successfully waited for workers to finish.
2026-05-23T00:43:30.898+01:00  INFO 39590 --- [SpringApplicationShutdownHook] j.LocalContainerEntityManagerFactoryBean : Closing JPA EntityManagerFactory for persistence unit 'default'
2026-05-23T00:43:30.902+01:00  INFO 39590 --- [SpringApplicationShutdownHook] com.zaxxer.hikari.HikariDataSource       : HikariPool-1 - Shutdown initiated...
2026-05-23T00:43:30.916+01:00  INFO 39590 --- [SpringApplicationShutdownHook] com.zaxxer.hikari.HikariDataSource       : HikariPool-1 - Shutdown completed.
2026-05-23T00:44:32.555+01:00  INFO 40160 --- [main] com.middleware.KoinsApplication          : Starting KoinsApplication using Java 17.0.11 with PID 40160 (/Users/gamp/Downloads/koins/target/classes started by gamp in /Users/gamp/Downloads/koins)
2026-05-23T00:44:32.560+01:00  INFO 40160 --- [main] com.middleware.KoinsApplication          : No active profile set, falling back to 1 default profile: "default"
2026-05-23T00:44:35.153+01:00  INFO 40160 --- [main] .s.d.r.c.RepositoryConfigurationDelegate : Bootstrapping Spring Data JPA repositories in DEFAULT mode.
2026-05-23T00:44:35.663+01:00  INFO 40160 --- [main] .s.d.r.c.RepositoryConfigurationDelegate : Finished Spring Data repository scanning in 491 ms. Found 6 JPA repository interfaces.
2026-05-23T00:44:37.528+01:00  INFO 40160 --- [main] o.s.b.w.embedded.tomcat.TomcatWebServer  : Tomcat initialized with port 8080 (http)
2026-05-23T00:44:37.557+01:00  INFO 40160 --- [main] o.apache.catalina.core.StandardService   : Starting service [Tomcat]
2026-05-23T00:44:37.558+01:00  INFO 40160 --- [main] o.apache.catalina.core.StandardEngine    : Starting Servlet engine: [Apache Tomcat/10.1.16]
2026-05-23T00:44:37.753+01:00  INFO 40160 --- [main] o.a.c.c.C.[Tomcat].[localhost].[/]       : Initializing Spring embedded WebApplicationContext
2026-05-23T00:44:37.754+01:00  INFO 40160 --- [main] w.s.c.ServletWebServerApplicationContext : Root WebApplicationContext: initialization completed in 5078 ms
2026-05-23T00:44:37.980+01:00  INFO 40160 --- [main] com.zaxxer.hikari.HikariDataSource       : HikariPool-1 - Starting...
2026-05-23T00:44:38.403+01:00  INFO 40160 --- [main] com.zaxxer.hikari.pool.HikariPool        : HikariPool-1 - Added connection com.mysql.cj.jdbc.ConnectionImpl@bb6f3f7
2026-05-23T00:44:38.408+01:00  INFO 40160 --- [main] com.zaxxer.hikari.HikariDataSource       : HikariPool-1 - Start completed.
2026-05-23T00:44:38.673+01:00  INFO 40160 --- [main] o.f.c.internal.license.VersionPrinter    : Flyway Community Edition 9.22.3 by Redgate
2026-05-23T00:44:38.674+01:00  INFO 40160 --- [main] o.f.c.internal.license.VersionPrinter    : See release notes here: https://rd.gt/416ObMi
2026-05-23T00:44:38.675+01:00  INFO 40160 --- [main] o.f.c.internal.license.VersionPrinter    : 
2026-05-23T00:44:38.691+01:00  INFO 40160 --- [main] o.f.c.i.resource.ResourceNameValidator   : 1 SQL migrations were detected but not run because they did not follow the filename convention.
2026-05-23T00:44:38.692+01:00  INFO 40160 --- [main] o.f.c.i.resource.ResourceNameValidator   : Set 'validateMigrationNaming' to true to fail fast and see a list of the invalid file names.
2026-05-23T00:44:38.715+01:00  INFO 40160 --- [main] org.flywaydb.core.FlywayExecutor         : Database: jdbc:mysql://localhost:3306/koins_db (MySQL 8.0)
2026-05-23T00:44:38.782+01:00  INFO 40160 --- [main] o.f.c.i.s.JdbcTableSchemaHistory         : Schema history table `koins_db`.`flyway_schema_history` does not exist yet
2026-05-23T00:44:38.792+01:00  INFO 40160 --- [main] o.f.core.internal.command.DbValidate     : Successfully validated 2 migrations (execution time 00:00.038s)
2026-05-23T00:44:38.833+01:00  INFO 40160 --- [main] o.f.c.i.s.JdbcTableSchemaHistory         : Creating Schema History table `koins_db`.`flyway_schema_history` ...
2026-05-23T00:44:38.951+01:00  INFO 40160 --- [main] o.f.core.internal.command.DbMigrate      : Current version of schema `koins_db`: << Empty Schema >>
2026-05-23T00:44:39.000+01:00  INFO 40160 --- [main] o.f.core.internal.command.DbMigrate      : Migrating schema `koins_db` to version "1 - init schema"
2026-05-23T00:44:39.396+01:00  INFO 40160 --- [main] o.f.core.internal.command.DbMigrate      : Migrating schema `koins_db` to version "2 - seed admin user"
2026-05-23T00:44:39.433+01:00  INFO 40160 --- [main] o.f.core.internal.command.DbMigrate      : Successfully applied 2 migrations to schema `koins_db`, now at version v2 (execution time 00:00.367s)
2026-05-23T00:44:39.645+01:00  INFO 40160 --- [main] o.hibernate.jpa.internal.util.LogHelper  : HHH000204: Processing PersistenceUnitInfo [name: default]
2026-05-23T00:44:39.826+01:00  INFO 40160 --- [main] org.hibernate.Version                    : HHH000412: Hibernate ORM core version 6.3.1.Final
2026-05-23T00:44:39.938+01:00  INFO 40160 --- [main] o.h.c.internal.RegionFactoryInitiator    : HHH000026: Second-level cache disabled
2026-05-23T00:44:40.589+01:00  INFO 40160 --- [main] o.s.o.j.p.SpringPersistenceUnitInfo      : No LoadTimeWeaver setup: ignoring JPA class transformer
2026-05-23T00:44:40.708+01:00  WARN 40160 --- [main] org.hibernate.orm.deprecation            : HHH90000025: MySQL8Dialect does not need to be specified explicitly using 'hibernate.dialect' (remove the property setting and it will be selected by default)
2026-05-23T00:44:40.709+01:00  WARN 40160 --- [main] org.hibernate.orm.deprecation            : HHH90000026: MySQL8Dialect has been deprecated; use org.hibernate.dialect.MySQLDialect instead
2026-05-23T00:44:40.770+01:00  WARN 40160 --- [main] org.hibernate.orm.incubating             : HHH90006001: Encountered incubating setting [hibernate.type.preferred_uuid_jdbc_type].  See javadoc on corresponding `org.hibernate.cfg.AvailableSettings` constant for details.
2026-05-23T00:44:41.333+01:00  WARN 40160 --- [main] org.hibernate.orm.incubating             : HHH90006001: Encountered incubating setting [hibernate.type.preferred_uuid_jdbc_type].  See javadoc on corresponding `org.hibernate.cfg.AvailableSettings` constant for details.
2026-05-23T00:44:42.962+01:00  INFO 40160 --- [main] o.h.e.t.j.p.i.JtaPlatformInitiator       : HHH000489: No JTA platform available (set 'hibernate.transaction.jta.platform' to enable JTA platform integration)
2026-05-23T00:44:43.029+01:00  INFO 40160 --- [main] j.LocalContainerEntityManagerFactoryBean : Initialized JPA EntityManagerFactory for persistence unit 'default'
2026-05-23T00:44:43.787+01:00  INFO 40160 --- [main] o.s.d.j.r.query.QueryEnhancerFactory     : Hibernate is in classpath; If applicable, HQL parser will be used.
2026-05-23T00:44:47.903+01:00  INFO 40160 --- [main] o.s.b.w.embedded.tomcat.TomcatWebServer  : Tomcat started on port 8080 (http) with context path ''
2026-05-23T00:44:47.911+01:00  INFO 40160 --- [main] o.s.a.r.c.CachingConnectionFactory       : Attempting to connect to: [localhost:5672]
2026-05-23T00:44:48.068+01:00  INFO 40160 --- [main] o.s.a.r.c.CachingConnectionFactory       : Created new connection: rabbitConnectionFactory#42a940dc:0/SimpleConnection@678c654c [delegate=amqp://guest@127.0.0.1:5672/, localPort=55473]
2026-05-23T00:44:48.266+01:00  INFO 40160 --- [main] com.middleware.KoinsApplication          : Started KoinsApplication in 17.045 seconds (process running for 18.949)
2026-05-23T00:45:30.709+01:00  INFO 40160 --- [http-nio-8080-exec-1] o.a.c.c.C.[Tomcat].[localhost].[/]       : Initializing Spring DispatcherServlet 'dispatcherServlet'
2026-05-23T00:45:30.711+01:00  INFO 40160 --- [http-nio-8080-exec-1] o.s.web.servlet.DispatcherServlet        : Initializing Servlet 'dispatcherServlet'
2026-05-23T00:45:30.715+01:00  INFO 40160 --- [http-nio-8080-exec-1] o.s.web.servlet.DispatcherServlet        : Completed initialization in 3 ms
2026-05-23T00:45:30.798+01:00  WARN 40160 --- [http-nio-8080-exec-1] o.s.w.s.h.HandlerMappingIntrospector     : Cache miss for REQUEST dispatch to '/api/v1/auth/register' (previous null). Performing CorsConfiguration lookup. This is logged once only at WARN level, and every time at TRACE.
2026-05-23T00:45:30.869+01:00  WARN 40160 --- [http-nio-8080-exec-1] o.s.w.s.h.HandlerMappingIntrospector     : Cache miss for REQUEST dispatch to '/api/v1/auth/register' (previous null). Performing MatchableHandlerMapping lookup. This is logged once only at WARN level, and every time at TRACE.
2026-05-23T00:45:31.920+01:00  INFO 40160 --- [http-nio-8080-exec-1] c.m.service.impl.AuthServiceImpl         : Starting new user registration
2026-05-23T00:45:32.760+01:00  INFO 40160 --- [http-nio-8080-exec-1] c.m.messaging.NotificationPublisher      : Published email verification OTP for lame17@mytempmail.org
2026-05-23T00:45:32.952+01:00  INFO 40160 --- [org.springframework.amqp.rabbit.RabbitListenerEndpointContainer#2-1] c.m.messaging.NotificationConsumer       : Consuming email verification OTP for lame17@mytempmail.org
2026-05-23T00:45:44.121+01:00  INFO 40160 --- [org.springframework.amqp.rabbit.RabbitListenerEndpointContainer#2-1] c.m.service.impl.EmailServiceImpl        : Email sent to: lame17@mytempmail.org
2026-05-23T00:47:39.800+01:00 ERROR 40160 --- [http-nio-8080-exec-5] c.m.exception.GlobalExceptionHandler     : Unexpected error: 

org.springframework.web.servlet.resource.NoResourceFoundException: No static resource api/v1/auth/verify-email.
	at org.springframework.web.servlet.resource.ResourceHttpRequestHandler.handleRequest(ResourceHttpRequestHandler.java:585) ~[spring-webmvc-6.1.1.jar:6.1.1]
	at org.springframework.web.servlet.mvc.HttpRequestHandlerAdapter.handle(HttpRequestHandlerAdapter.java:52) ~[spring-webmvc-6.1.1.jar:6.1.1]
	at org.springframework.web.servlet.DispatcherServlet.doDispatch(DispatcherServlet.java:1089) ~[spring-webmvc-6.1.1.jar:6.1.1]
	at org.springframework.web.servlet.DispatcherServlet.doService(DispatcherServlet.java:979) ~[spring-webmvc-6.1.1.jar:6.1.1]
	at org.springframework.web.servlet.FrameworkServlet.processRequest(FrameworkServlet.java:1014) ~[spring-webmvc-6.1.1.jar:6.1.1]
	at org.springframework.web.servlet.FrameworkServlet.doPost(FrameworkServlet.java:914) ~[spring-webmvc-6.1.1.jar:6.1.1]
	at jakarta.servlet.http.HttpServlet.service(HttpServlet.java:590) ~[tomcat-embed-core-10.1.16.jar:6.0]
	at org.springframework.web.servlet.FrameworkServlet.service(FrameworkServlet.java:885) ~[spring-webmvc-6.1.1.jar:6.1.1]
	at jakarta.servlet.http.HttpServlet.service(HttpServlet.java:658) ~[tomcat-embed-core-10.1.16.jar:6.0]
	at org.apache.catalina.core.ApplicationFilterChain.internalDoFilter(ApplicationFilterChain.java:205) ~[tomcat-embed-core-10.1.16.jar:10.1.16]
	at org.apache.catalina.core.ApplicationFilterChain.doFilter(ApplicationFilterChain.java:149) ~[tomcat-embed-core-10.1.16.jar:10.1.16]
	at org.apache.tomcat.websocket.server.WsFilter.doFilter(WsFilter.java:51) ~[tomcat-embed-websocket-10.1.16.jar:10.1.16]
	at org.apache.catalina.core.ApplicationFilterChain.internalDoFilter(ApplicationFilterChain.java:174) ~[tomcat-embed-core-10.1.16.jar:10.1.16]
	at org.apache.catalina.core.ApplicationFilterChain.doFilter(ApplicationFilterChain.java:149) ~[tomcat-embed-core-10.1.16.jar:10.1.16]
	at org.springframework.web.filter.OncePerRequestFilter.doFilter(OncePerRequestFilter.java:110) ~[spring-web-6.1.1.jar:6.1.1]
	at org.apache.catalina.core.ApplicationFilterChain.internalDoFilter(ApplicationFilterChain.java:174) ~[tomcat-embed-core-10.1.16.jar:10.1.16]
	at org.apache.catalina.core.ApplicationFilterChain.doFilter(ApplicationFilterChain.java:149) ~[tomcat-embed-core-10.1.16.jar:10.1.16]
	at org.springframework.security.web.FilterChainProxy.lambda$doFilterInternal$3(FilterChainProxy.java:231) ~[spring-security-web-6.2.0.jar:6.2.0]
	at org.springframework.security.web.FilterChainProxy$VirtualFilterChain.doFilter(FilterChainProxy.java:365) ~[spring-security-web-6.2.0.jar:6.2.0]
	at org.springframework.security.web.access.intercept.AuthorizationFilter.doFilter(AuthorizationFilter.java:100) ~[spring-security-web-6.2.0.jar:6.2.0]
	at org.springframework.security.web.FilterChainProxy$VirtualFilterChain.doFilter(FilterChainProxy.java:374) ~[spring-security-web-6.2.0.jar:6.2.0]
	at org.springframework.security.web.access.ExceptionTranslationFilter.doFilter(ExceptionTranslationFilter.java:126) ~[spring-security-web-6.2.0.jar:6.2.0]
	at org.springframework.security.web.access.ExceptionTranslationFilter.doFilter(ExceptionTranslationFilter.java:120) ~[spring-security-web-6.2.0.jar:6.2.0]
	at org.springframework.security.web.FilterChainProxy$VirtualFilterChain.doFilter(FilterChainProxy.java:374) ~[spring-security-web-6.2.0.jar:6.2.0]
	at org.springframework.security.web.session.SessionManagementFilter.doFilter(SessionManagementFilter.java:131) ~[spring-security-web-6.2.0.jar:6.2.0]
	at org.springframework.security.web.session.SessionManagementFilter.doFilter(SessionManagementFilter.java:85) ~[spring-security-web-6.2.0.jar:6.2.0]
	at org.springframework.security.web.FilterChainProxy$VirtualFilterChain.doFilter(FilterChainProxy.java:374) ~[spring-security-web-6.2.0.jar:6.2.0]
	at org.springframework.security.web.authentication.AnonymousAuthenticationFilter.doFilter(AnonymousAuthenticationFilter.java:100) ~[spring-security-web-6.2.0.jar:6.2.0]
	at org.springframework.security.web.FilterChainProxy$VirtualFilterChain.doFilter(FilterChainProxy.java:374) ~[spring-security-web-6.2.0.jar:6.2.0]
	at org.springframework.security.web.servletapi.SecurityContextHolderAwareRequestFilter.doFilter(SecurityContextHolderAwareRequestFilter.java:179) ~[spring-security-web-6.2.0.jar:6.2.0]
	at org.springframework.security.web.FilterChainProxy$VirtualFilterChain.doFilter(FilterChainProxy.java:374) ~[spring-security-web-6.2.0.jar:6.2.0]
	at org.springframework.security.web.savedrequest.RequestCacheAwareFilter.doFilter(RequestCacheAwareFilter.java:63) ~[spring-security-web-6.2.0.jar:6.2.0]
	at org.springframework.security.web.FilterChainProxy$VirtualFilterChain.doFilter(FilterChainProxy.java:374) ~[spring-security-web-6.2.0.jar:6.2.0]
	at com.middleware.security.JwtAuthenticationFilter.doFilterInternal(JwtAuthenticationFilter.java:33) ~[classes/:na]
	at org.springframework.web.filter.OncePerRequestFilter.doFilter(OncePerRequestFilter.java:116) ~[spring-web-6.1.1.jar:6.1.1]
	at org.springframework.security.web.FilterChainProxy$VirtualFilterChain.doFilter(FilterChainProxy.java:374) ~[spring-security-web-6.2.0.jar:6.2.0]
	at org.springframework.security.web.authentication.logout.LogoutFilter.doFilter(LogoutFilter.java:107) ~[spring-security-web-6.2.0.jar:6.2.0]
	at org.springframework.security.web.authentication.logout.LogoutFilter.doFilter(LogoutFilter.java:93) ~[spring-security-web-6.2.0.jar:6.2.0]
	at org.springframework.security.web.FilterChainProxy$VirtualFilterChain.doFilter(FilterChainProxy.java:374) ~[spring-security-web-6.2.0.jar:6.2.0]
	at org.springframework.web.filter.CorsFilter.doFilterInternal(CorsFilter.java:91) ~[spring-web-6.1.1.jar:6.1.1]
	at org.springframework.web.filter.OncePerRequestFilter.doFilter(OncePerRequestFilter.java:116) ~[spring-web-6.1.1.jar:6.1.1]
	at org.springframework.security.web.FilterChainProxy$VirtualFilterChain.doFilter(FilterChainProxy.java:374) ~[spring-security-web-6.2.0.jar:6.2.0]
	at org.springframework.security.web.header.HeaderWriterFilter.doHeadersAfter(HeaderWriterFilter.java:90) ~[spring-security-web-6.2.0.jar:6.2.0]
	at org.springframework.security.web.header.HeaderWriterFilter.doFilterInternal(HeaderWriterFilter.java:75) ~[spring-security-web-6.2.0.jar:6.2.0]
	at org.springframework.web.filter.OncePerRequestFilter.doFilter(OncePerRequestFilter.java:116) ~[spring-web-6.1.1.jar:6.1.1]
	at org.springframework.security.web.FilterChainProxy$VirtualFilterChain.doFilter(FilterChainProxy.java:374) ~[spring-security-web-6.2.0.jar:6.2.0]
	at org.springframework.security.web.context.SecurityContextHolderFilter.doFilter(SecurityContextHolderFilter.java:82) ~[spring-security-web-6.2.0.jar:6.2.0]
	at org.springframework.security.web.context.SecurityContextHolderFilter.doFilter(SecurityContextHolderFilter.java:69) ~[spring-security-web-6.2.0.jar:6.2.0]
	at org.springframework.security.web.FilterChainProxy$VirtualFilterChain.doFilter(FilterChainProxy.java:374) ~[spring-security-web-6.2.0.jar:6.2.0]
	at org.springframework.security.web.context.request.async.WebAsyncManagerIntegrationFilter.doFilterInternal(WebAsyncManagerIntegrationFilter.java:62) ~[spring-security-web-6.2.0.jar:6.2.0]
	at org.springframework.web.filter.OncePerRequestFilter.doFilter(OncePerRequestFilter.java:116) ~[spring-web-6.1.1.jar:6.1.1]
	at org.springframework.security.web.FilterChainProxy$VirtualFilterChain.doFilter(FilterChainProxy.java:374) ~[spring-security-web-6.2.0.jar:6.2.0]
	at org.springframework.security.web.session.DisableEncodeUrlFilter.doFilterInternal(DisableEncodeUrlFilter.java:42) ~[spring-security-web-6.2.0.jar:6.2.0]
	at org.springframework.web.filter.OncePerRequestFilter.doFilter(OncePerRequestFilter.java:116) ~[spring-web-6.1.1.jar:6.1.1]
	at org.springframework.security.web.FilterChainProxy$VirtualFilterChain.doFilter(FilterChainProxy.java:374) ~[spring-security-web-6.2.0.jar:6.2.0]
	at org.springframework.security.web.FilterChainProxy.doFilterInternal(FilterChainProxy.java:233) ~[spring-security-web-6.2.0.jar:6.2.0]
	at org.springframework.security.web.FilterChainProxy.doFilter(FilterChainProxy.java:191) ~[spring-security-web-6.2.0.jar:6.2.0]
	at org.springframework.web.filter.DelegatingFilterProxy.invokeDelegate(DelegatingFilterProxy.java:352) ~[spring-web-6.1.1.jar:6.1.1]
	at org.springframework.web.filter.DelegatingFilterProxy.doFilter(DelegatingFilterProxy.java:268) ~[spring-web-6.1.1.jar:6.1.1]
	at org.apache.catalina.core.ApplicationFilterChain.internalDoFilter(ApplicationFilterChain.java:174) ~[tomcat-embed-core-10.1.16.jar:10.1.16]
	at org.apache.catalina.core.ApplicationFilterChain.doFilter(ApplicationFilterChain.java:149) ~[tomcat-embed-core-10.1.16.jar:10.1.16]
	at org.springframework.web.filter.RequestContextFilter.doFilterInternal(RequestContextFilter.java:100) ~[spring-web-6.1.1.jar:6.1.1]
	at org.springframework.web.filter.OncePerRequestFilter.doFilter(OncePerRequestFilter.java:116) ~[spring-web-6.1.1.jar:6.1.1]
	at org.apache.catalina.core.ApplicationFilterChain.internalDoFilter(ApplicationFilterChain.java:174) ~[tomcat-embed-core-10.1.16.jar:10.1.16]
	at org.apache.catalina.core.ApplicationFilterChain.doFilter(ApplicationFilterChain.java:149) ~[tomcat-embed-core-10.1.16.jar:10.1.16]
	at org.springframework.web.filter.FormContentFilter.doFilterInternal(FormContentFilter.java:93) ~[spring-web-6.1.1.jar:6.1.1]
	at org.springframework.web.filter.OncePerRequestFilter.doFilter(OncePerRequestFilter.java:116) ~[spring-web-6.1.1.jar:6.1.1]
	at org.apache.catalina.core.ApplicationFilterChain.internalDoFilter(ApplicationFilterChain.java:174) ~[tomcat-embed-core-10.1.16.jar:10.1.16]
	at org.apache.catalina.core.ApplicationFilterChain.doFilter(ApplicationFilterChain.java:149) ~[tomcat-embed-core-10.1.16.jar:10.1.16]
	at org.springframework.web.filter.CharacterEncodingFilter.doFilterInternal(CharacterEncodingFilter.java:201) ~[spring-web-6.1.1.jar:6.1.1]
	at org.springframework.web.filter.OncePerRequestFilter.doFilter(OncePerRequestFilter.java:116) ~[spring-web-6.1.1.jar:6.1.1]
	at org.apache.catalina.core.ApplicationFilterChain.internalDoFilter(ApplicationFilterChain.java:174) ~[tomcat-embed-core-10.1.16.jar:10.1.16]
	at org.apache.catalina.core.ApplicationFilterChain.doFilter(ApplicationFilterChain.java:149) ~[tomcat-embed-core-10.1.16.jar:10.1.16]
	at org.apache.catalina.core.StandardWrapperValve.invoke(StandardWrapperValve.java:167) ~[tomcat-embed-core-10.1.16.jar:10.1.16]
	at org.apache.catalina.core.StandardContextValve.invoke(StandardContextValve.java:90) ~[tomcat-embed-core-10.1.16.jar:10.1.16]
	at org.apache.catalina.authenticator.AuthenticatorBase.invoke(AuthenticatorBase.java:482) ~[tomcat-embed-core-10.1.16.jar:10.1.16]
	at org.apache.catalina.core.StandardHostValve.invoke(StandardHostValve.java:115) ~[tomcat-embed-core-10.1.16.jar:10.1.16]
	at org.apache.catalina.valves.ErrorReportValve.invoke(ErrorReportValve.java:93) ~[tomcat-embed-core-10.1.16.jar:10.1.16]
	at org.apache.catalina.core.StandardEngineValve.invoke(StandardEngineValve.java:74) ~[tomcat-embed-core-10.1.16.jar:10.1.16]
	at org.apache.catalina.connector.CoyoteAdapter.service(CoyoteAdapter.java:340) ~[tomcat-embed-core-10.1.16.jar:10.1.16]
	at org.apache.coyote.http11.Http11Processor.service(Http11Processor.java:391) ~[tomcat-embed-core-10.1.16.jar:10.1.16]
	at org.apache.coyote.AbstractProcessorLight.process(AbstractProcessorLight.java:63) ~[tomcat-embed-core-10.1.16.jar:10.1.16]
	at org.apache.coyote.AbstractProtocol$ConnectionHandler.process(AbstractProtocol.java:896) ~[tomcat-embed-core-10.1.16.jar:10.1.16]
	at org.apache.tomcat.util.net.NioEndpoint$SocketProcessor.doRun(NioEndpoint.java:1744) ~[tomcat-embed-core-10.1.16.jar:10.1.16]
	at org.apache.tomcat.util.net.SocketProcessorBase.run(SocketProcessorBase.java:52) ~[tomcat-embed-core-10.1.16.jar:10.1.16]
	at org.apache.tomcat.util.threads.ThreadPoolExecutor.runWorker(ThreadPoolExecutor.java:1191) ~[tomcat-embed-core-10.1.16.jar:10.1.16]
	at org.apache.tomcat.util.threads.ThreadPoolExecutor$Worker.run(ThreadPoolExecutor.java:659) ~[tomcat-embed-core-10.1.16.jar:10.1.16]
	at org.apache.tomcat.util.threads.TaskThread$WrappingRunnable.run(TaskThread.java:61) ~[tomcat-embed-core-10.1.16.jar:10.1.16]
	at java.base/java.lang.Thread.run(Thread.java:842) ~[na:na]

2026-05-23T00:49:33.808+01:00  INFO 40160 --- [http-nio-8080-exec-2] c.m.service.impl.AuthServiceImpl         : User logged in: lame17@mytempmail.org
2026-05-23T00:51:07.230+01:00  INFO 40160 --- [http-nio-8080-exec-3] c.m.service.impl.WalletServiceImpl       : Payment initialized for user: lame17@mytempmail.org, ref: FUND-20260523005101-D345E37E
2026-05-23T00:52:28.936+01:00 ERROR 40160 --- [http-nio-8080-exec-5] c.m.exception.GlobalExceptionHandler     : Unexpected error: 

org.springframework.web.HttpRequestMethodNotSupportedException: Request method 'GET' is not supported
	at org.springframework.web.servlet.mvc.method.RequestMappingInfoHandlerMapping.handleNoMatch(RequestMappingInfoHandlerMapping.java:265) ~[spring-webmvc-6.1.1.jar:6.1.1]
	at org.springframework.web.servlet.handler.AbstractHandlerMethodMapping.lookupHandlerMethod(AbstractHandlerMethodMapping.java:441) ~[spring-webmvc-6.1.1.jar:6.1.1]
	at org.springframework.web.servlet.handler.AbstractHandlerMethodMapping.getHandlerInternal(AbstractHandlerMethodMapping.java:382) ~[spring-webmvc-6.1.1.jar:6.1.1]
	at org.springframework.web.servlet.mvc.method.RequestMappingInfoHandlerMapping.getHandlerInternal(RequestMappingInfoHandlerMapping.java:126) ~[spring-webmvc-6.1.1.jar:6.1.1]
	at org.springframework.web.servlet.mvc.method.RequestMappingInfoHandlerMapping.getHandlerInternal(RequestMappingInfoHandlerMapping.java:68) ~[spring-webmvc-6.1.1.jar:6.1.1]
	at org.springframework.web.servlet.handler.AbstractHandlerMapping.getHandler(AbstractHandlerMapping.java:507) ~[spring-webmvc-6.1.1.jar:6.1.1]
	at org.springframework.web.servlet.DispatcherServlet.getHandler(DispatcherServlet.java:1283) ~[spring-webmvc-6.1.1.jar:6.1.1]
	at org.springframework.web.servlet.DispatcherServlet.doDispatch(DispatcherServlet.java:1065) ~[spring-webmvc-6.1.1.jar:6.1.1]
	at org.springframework.web.servlet.DispatcherServlet.doService(DispatcherServlet.java:979) ~[spring-webmvc-6.1.1.jar:6.1.1]
	at org.springframework.web.servlet.FrameworkServlet.processRequest(FrameworkServlet.java:1014) ~[spring-webmvc-6.1.1.jar:6.1.1]
	at org.springframework.web.servlet.FrameworkServlet.doGet(FrameworkServlet.java:903) ~[spring-webmvc-6.1.1.jar:6.1.1]
	at jakarta.servlet.http.HttpServlet.service(HttpServlet.java:564) ~[tomcat-embed-core-10.1.16.jar:6.0]
	at org.springframework.web.servlet.FrameworkServlet.service(FrameworkServlet.java:885) ~[spring-webmvc-6.1.1.jar:6.1.1]
	at jakarta.servlet.http.HttpServlet.service(HttpServlet.java:658) ~[tomcat-embed-core-10.1.16.jar:6.0]
	at org.apache.catalina.core.ApplicationFilterChain.internalDoFilter(ApplicationFilterChain.java:205) ~[tomcat-embed-core-10.1.16.jar:10.1.16]
	at org.apache.catalina.core.ApplicationFilterChain.doFilter(ApplicationFilterChain.java:149) ~[tomcat-embed-core-10.1.16.jar:10.1.16]
	at org.apache.tomcat.websocket.server.WsFilter.doFilter(WsFilter.java:51) ~[tomcat-embed-websocket-10.1.16.jar:10.1.16]
	at org.apache.catalina.core.ApplicationFilterChain.internalDoFilter(ApplicationFilterChain.java:174) ~[tomcat-embed-core-10.1.16.jar:10.1.16]
	at org.apache.catalina.core.ApplicationFilterChain.doFilter(ApplicationFilterChain.java:149) ~[tomcat-embed-core-10.1.16.jar:10.1.16]
	at org.springframework.web.filter.OncePerRequestFilter.doFilter(OncePerRequestFilter.java:110) ~[spring-web-6.1.1.jar:6.1.1]
	at org.apache.catalina.core.ApplicationFilterChain.internalDoFilter(ApplicationFilterChain.java:174) ~[tomcat-embed-core-10.1.16.jar:10.1.16]
	at org.apache.catalina.core.ApplicationFilterChain.doFilter(ApplicationFilterChain.java:149) ~[tomcat-embed-core-10.1.16.jar:10.1.16]
	at org.springframework.security.web.FilterChainProxy.lambda$doFilterInternal$3(FilterChainProxy.java:231) ~[spring-security-web-6.2.0.jar:6.2.0]
	at org.springframework.security.web.FilterChainProxy$VirtualFilterChain.doFilter(FilterChainProxy.java:365) ~[spring-security-web-6.2.0.jar:6.2.0]
	at org.springframework.security.web.access.intercept.AuthorizationFilter.doFilter(AuthorizationFilter.java:100) ~[spring-security-web-6.2.0.jar:6.2.0]
	at org.springframework.security.web.FilterChainProxy$VirtualFilterChain.doFilter(FilterChainProxy.java:374) ~[spring-security-web-6.2.0.jar:6.2.0]
	at org.springframework.security.web.access.ExceptionTranslationFilter.doFilter(ExceptionTranslationFilter.java:126) ~[spring-security-web-6.2.0.jar:6.2.0]
	at org.springframework.security.web.access.ExceptionTranslationFilter.doFilter(ExceptionTranslationFilter.java:120) ~[spring-security-web-6.2.0.jar:6.2.0]
	at org.springframework.security.web.FilterChainProxy$VirtualFilterChain.doFilter(FilterChainProxy.java:374) ~[spring-security-web-6.2.0.jar:6.2.0]
	at org.springframework.security.web.session.SessionManagementFilter.doFilter(SessionManagementFilter.java:131) ~[spring-security-web-6.2.0.jar:6.2.0]
	at org.springframework.security.web.session.SessionManagementFilter.doFilter(SessionManagementFilter.java:85) ~[spring-security-web-6.2.0.jar:6.2.0]
	at org.springframework.security.web.FilterChainProxy$VirtualFilterChain.doFilter(FilterChainProxy.java:374) ~[spring-security-web-6.2.0.jar:6.2.0]
	at org.springframework.security.web.authentication.AnonymousAuthenticationFilter.doFilter(AnonymousAuthenticationFilter.java:100) ~[spring-security-web-6.2.0.jar:6.2.0]
	at org.springframework.security.web.FilterChainProxy$VirtualFilterChain.doFilter(FilterChainProxy.java:374) ~[spring-security-web-6.2.0.jar:6.2.0]
	at org.springframework.security.web.servletapi.SecurityContextHolderAwareRequestFilter.doFilter(SecurityContextHolderAwareRequestFilter.java:179) ~[spring-security-web-6.2.0.jar:6.2.0]
	at org.springframework.security.web.FilterChainProxy$VirtualFilterChain.doFilter(FilterChainProxy.java:374) ~[spring-security-web-6.2.0.jar:6.2.0]
	at org.springframework.security.web.savedrequest.RequestCacheAwareFilter.doFilter(RequestCacheAwareFilter.java:63) ~[spring-security-web-6.2.0.jar:6.2.0]
	at org.springframework.security.web.FilterChainProxy$VirtualFilterChain.doFilter(FilterChainProxy.java:374) ~[spring-security-web-6.2.0.jar:6.2.0]
	at com.middleware.security.JwtAuthenticationFilter.doFilterInternal(JwtAuthenticationFilter.java:33) ~[classes/:na]
	at org.springframework.web.filter.OncePerRequestFilter.doFilter(OncePerRequestFilter.java:116) ~[spring-web-6.1.1.jar:6.1.1]
	at org.springframework.security.web.FilterChainProxy$VirtualFilterChain.doFilter(FilterChainProxy.java:374) ~[spring-security-web-6.2.0.jar:6.2.0]
	at org.springframework.security.web.authentication.logout.LogoutFilter.doFilter(LogoutFilter.java:107) ~[spring-security-web-6.2.0.jar:6.2.0]
	at org.springframework.security.web.authentication.logout.LogoutFilter.doFilter(LogoutFilter.java:93) ~[spring-security-web-6.2.0.jar:6.2.0]
	at org.springframework.security.web.FilterChainProxy$VirtualFilterChain.doFilter(FilterChainProxy.java:374) ~[spring-security-web-6.2.0.jar:6.2.0]
	at org.springframework.web.filter.CorsFilter.doFilterInternal(CorsFilter.java:91) ~[spring-web-6.1.1.jar:6.1.1]
	at org.springframework.web.filter.OncePerRequestFilter.doFilter(OncePerRequestFilter.java:116) ~[spring-web-6.1.1.jar:6.1.1]
	at org.springframework.security.web.FilterChainProxy$VirtualFilterChain.doFilter(FilterChainProxy.java:374) ~[spring-security-web-6.2.0.jar:6.2.0]
	at org.springframework.security.web.header.HeaderWriterFilter.doHeadersAfter(HeaderWriterFilter.java:90) ~[spring-security-web-6.2.0.jar:6.2.0]
	at org.springframework.security.web.header.HeaderWriterFilter.doFilterInternal(HeaderWriterFilter.java:75) ~[spring-security-web-6.2.0.jar:6.2.0]
	at org.springframework.web.filter.OncePerRequestFilter.doFilter(OncePerRequestFilter.java:116) ~[spring-web-6.1.1.jar:6.1.1]
	at org.springframework.security.web.FilterChainProxy$VirtualFilterChain.doFilter(FilterChainProxy.java:374) ~[spring-security-web-6.2.0.jar:6.2.0]
	at org.springframework.security.web.context.SecurityContextHolderFilter.doFilter(SecurityContextHolderFilter.java:82) ~[spring-security-web-6.2.0.jar:6.2.0]
	at org.springframework.security.web.context.SecurityContextHolderFilter.doFilter(SecurityContextHolderFilter.java:69) ~[spring-security-web-6.2.0.jar:6.2.0]
	at org.springframework.security.web.FilterChainProxy$VirtualFilterChain.doFilter(FilterChainProxy.java:374) ~[spring-security-web-6.2.0.jar:6.2.0]
	at org.springframework.security.web.context.request.async.WebAsyncManagerIntegrationFilter.doFilterInternal(WebAsyncManagerIntegrationFilter.java:62) ~[spring-security-web-6.2.0.jar:6.2.0]
	at org.springframework.web.filter.OncePerRequestFilter.doFilter(OncePerRequestFilter.java:116) ~[spring-web-6.1.1.jar:6.1.1]
	at org.springframework.security.web.FilterChainProxy$VirtualFilterChain.doFilter(FilterChainProxy.java:374) ~[spring-security-web-6.2.0.jar:6.2.0]
	at org.springframework.security.web.session.DisableEncodeUrlFilter.doFilterInternal(DisableEncodeUrlFilter.java:42) ~[spring-security-web-6.2.0.jar:6.2.0]
	at org.springframework.web.filter.OncePerRequestFilter.doFilter(OncePerRequestFilter.java:116) ~[spring-web-6.1.1.jar:6.1.1]
	at org.springframework.security.web.FilterChainProxy$VirtualFilterChain.doFilter(FilterChainProxy.java:374) ~[spring-security-web-6.2.0.jar:6.2.0]
	at org.springframework.security.web.FilterChainProxy.doFilterInternal(FilterChainProxy.java:233) ~[spring-security-web-6.2.0.jar:6.2.0]
	at org.springframework.security.web.FilterChainProxy.doFilter(FilterChainProxy.java:191) ~[spring-security-web-6.2.0.jar:6.2.0]
	at org.springframework.web.filter.DelegatingFilterProxy.invokeDelegate(DelegatingFilterProxy.java:352) ~[spring-web-6.1.1.jar:6.1.1]
	at org.springframework.web.filter.DelegatingFilterProxy.doFilter(DelegatingFilterProxy.java:268) ~[spring-web-6.1.1.jar:6.1.1]
	at org.apache.catalina.core.ApplicationFilterChain.internalDoFilter(ApplicationFilterChain.java:174) ~[tomcat-embed-core-10.1.16.jar:10.1.16]
	at org.apache.catalina.core.ApplicationFilterChain.doFilter(ApplicationFilterChain.java:149) ~[tomcat-embed-core-10.1.16.jar:10.1.16]
	at org.springframework.web.filter.RequestContextFilter.doFilterInternal(RequestContextFilter.java:100) ~[spring-web-6.1.1.jar:6.1.1]
	at org.springframework.web.filter.OncePerRequestFilter.doFilter(OncePerRequestFilter.java:116) ~[spring-web-6.1.1.jar:6.1.1]
	at org.apache.catalina.core.ApplicationFilterChain.internalDoFilter(ApplicationFilterChain.java:174) ~[tomcat-embed-core-10.1.16.jar:10.1.16]
	at org.apache.catalina.core.ApplicationFilterChain.doFilter(ApplicationFilterChain.java:149) ~[tomcat-embed-core-10.1.16.jar:10.1.16]
	at org.springframework.web.filter.FormContentFilter.doFilterInternal(FormContentFilter.java:93) ~[spring-web-6.1.1.jar:6.1.1]
	at org.springframework.web.filter.OncePerRequestFilter.doFilter(OncePerRequestFilter.java:116) ~[spring-web-6.1.1.jar:6.1.1]
	at org.apache.catalina.core.ApplicationFilterChain.internalDoFilter(ApplicationFilterChain.java:174) ~[tomcat-embed-core-10.1.16.jar:10.1.16]
	at org.apache.catalina.core.ApplicationFilterChain.doFilter(ApplicationFilterChain.java:149) ~[tomcat-embed-core-10.1.16.jar:10.1.16]
	at org.springframework.web.filter.CharacterEncodingFilter.doFilterInternal(CharacterEncodingFilter.java:201) ~[spring-web-6.1.1.jar:6.1.1]
	at org.springframework.web.filter.OncePerRequestFilter.doFilter(OncePerRequestFilter.java:116) ~[spring-web-6.1.1.jar:6.1.1]
	at org.apache.catalina.core.ApplicationFilterChain.internalDoFilter(ApplicationFilterChain.java:174) ~[tomcat-embed-core-10.1.16.jar:10.1.16]
	at org.apache.catalina.core.ApplicationFilterChain.doFilter(ApplicationFilterChain.java:149) ~[tomcat-embed-core-10.1.16.jar:10.1.16]
	at org.apache.catalina.core.StandardWrapperValve.invoke(StandardWrapperValve.java:167) ~[tomcat-embed-core-10.1.16.jar:10.1.16]
	at org.apache.catalina.core.StandardContextValve.invoke(StandardContextValve.java:90) ~[tomcat-embed-core-10.1.16.jar:10.1.16]
	at org.apache.catalina.authenticator.AuthenticatorBase.invoke(AuthenticatorBase.java:482) ~[tomcat-embed-core-10.1.16.jar:10.1.16]
	at org.apache.catalina.core.StandardHostValve.invoke(StandardHostValve.java:115) ~[tomcat-embed-core-10.1.16.jar:10.1.16]
	at org.apache.catalina.valves.ErrorReportValve.invoke(ErrorReportValve.java:93) ~[tomcat-embed-core-10.1.16.jar:10.1.16]
	at org.apache.catalina.core.StandardEngineValve.invoke(StandardEngineValve.java:74) ~[tomcat-embed-core-10.1.16.jar:10.1.16]
	at org.apache.catalina.connector.CoyoteAdapter.service(CoyoteAdapter.java:340) ~[tomcat-embed-core-10.1.16.jar:10.1.16]
	at org.apache.coyote.http11.Http11Processor.service(Http11Processor.java:391) ~[tomcat-embed-core-10.1.16.jar:10.1.16]
	at org.apache.coyote.AbstractProcessorLight.process(AbstractProcessorLight.java:63) ~[tomcat-embed-core-10.1.16.jar:10.1.16]
	at org.apache.coyote.AbstractProtocol$ConnectionHandler.process(AbstractProtocol.java:896) ~[tomcat-embed-core-10.1.16.jar:10.1.16]
	at org.apache.tomcat.util.net.NioEndpoint$SocketProcessor.doRun(NioEndpoint.java:1744) ~[tomcat-embed-core-10.1.16.jar:10.1.16]
	at org.apache.tomcat.util.net.SocketProcessorBase.run(SocketProcessorBase.java:52) ~[tomcat-embed-core-10.1.16.jar:10.1.16]
	at org.apache.tomcat.util.threads.ThreadPoolExecutor.runWorker(ThreadPoolExecutor.java:1191) ~[tomcat-embed-core-10.1.16.jar:10.1.16]
	at org.apache.tomcat.util.threads.ThreadPoolExecutor$Worker.run(ThreadPoolExecutor.java:659) ~[tomcat-embed-core-10.1.16.jar:10.1.16]
	at org.apache.tomcat.util.threads.TaskThread$WrappingRunnable.run(TaskThread.java:61) ~[tomcat-embed-core-10.1.16.jar:10.1.16]
	at java.base/java.lang.Thread.run(Thread.java:842) ~[na:na]

2026-05-23T00:52:43.227+01:00  INFO 40160 --- [http-nio-8080-exec-9] c.m.service.impl.WalletServiceImpl       : Manually verifying payment
2026-05-23T00:52:43.748+01:00 ERROR 40160 --- [http-nio-8080-exec-9] c.m.exception.GlobalExceptionHandler     : Unexpected error: 

java.lang.SecurityException: Wallet balance tampering detected
	at com.middleware.security.CryptoUtil.validateWalletHash(CryptoUtil.java:98) ~[classes/:na]
	at com.middleware.service.impl.WalletServiceImpl.creditWalletAfterPayment(WalletServiceImpl.java:106) ~[classes/:na]
	at com.middleware.service.impl.WalletServiceImpl.verifyPayment(WalletServiceImpl.java:169) ~[classes/:na]
	at java.base/jdk.internal.reflect.NativeMethodAccessorImpl.invoke0(Native Method) ~[na:na]
	at java.base/jdk.internal.reflect.NativeMethodAccessorImpl.invoke(NativeMethodAccessorImpl.java:77) ~[na:na]
	at java.base/jdk.internal.reflect.DelegatingMethodAccessorImpl.invoke(DelegatingMethodAccessorImpl.java:43) ~[na:na]
	at java.base/java.lang.reflect.Method.invoke(Method.java:568) ~[na:na]
	at org.springframework.aop.support.AopUtils.invokeJoinpointUsingReflection(AopUtils.java:352) ~[spring-aop-6.1.1.jar:6.1.1]
	at org.springframework.aop.framework.ReflectiveMethodInvocation.invokeJoinpoint(ReflectiveMethodInvocation.java:196) ~[spring-aop-6.1.1.jar:6.1.1]
	at org.springframework.aop.framework.ReflectiveMethodInvocation.proceed(ReflectiveMethodInvocation.java:163) ~[spring-aop-6.1.1.jar:6.1.1]
	at org.springframework.aop.framework.CglibAopProxy$CglibMethodInvocation.proceed(CglibAopProxy.java:765) ~[spring-aop-6.1.1.jar:6.1.1]
	at org.springframework.transaction.interceptor.TransactionInterceptor$1.proceedWithInvocation(TransactionInterceptor.java:123) ~[spring-tx-6.1.1.jar:6.1.1]
	at org.springframework.transaction.interceptor.TransactionAspectSupport.invokeWithinTransaction(TransactionAspectSupport.java:385) ~[spring-tx-6.1.1.jar:6.1.1]
	at org.springframework.transaction.interceptor.TransactionInterceptor.invoke(TransactionInterceptor.java:119) ~[spring-tx-6.1.1.jar:6.1.1]
	at org.springframework.aop.framework.ReflectiveMethodInvocation.proceed(ReflectiveMethodInvocation.java:184) ~[spring-aop-6.1.1.jar:6.1.1]
	at org.springframework.aop.framework.CglibAopProxy$CglibMethodInvocation.proceed(CglibAopProxy.java:765) ~[spring-aop-6.1.1.jar:6.1.1]
	at org.springframework.aop.framework.CglibAopProxy$DynamicAdvisedInterceptor.intercept(CglibAopProxy.java:717) ~[spring-aop-6.1.1.jar:6.1.1]
	at com.middleware.service.impl.WalletServiceImpl$$SpringCGLIB$$0.verifyPayment(<generated>) ~[classes/:na]
	at com.middleware.controller.WalletController.verifyPayment(WalletController.java:64) ~[classes/:na]
	at java.base/jdk.internal.reflect.NativeMethodAccessorImpl.invoke0(Native Method) ~[na:na]
	at java.base/jdk.internal.reflect.NativeMethodAccessorImpl.invoke(NativeMethodAccessorImpl.java:77) ~[na:na]
	at java.base/jdk.internal.reflect.DelegatingMethodAccessorImpl.invoke(DelegatingMethodAccessorImpl.java:43) ~[na:na]
	at java.base/java.lang.reflect.Method.invoke(Method.java:568) ~[na:na]
	at org.springframework.aop.support.AopUtils.invokeJoinpointUsingReflection(AopUtils.java:352) ~[spring-aop-6.1.1.jar:6.1.1]
	at org.springframework.aop.framework.ReflectiveMethodInvocation.invokeJoinpoint(ReflectiveMethodInvocation.java:196) ~[spring-aop-6.1.1.jar:6.1.1]
	at org.springframework.aop.framework.ReflectiveMethodInvocation.proceed(ReflectiveMethodInvocation.java:163) ~[spring-aop-6.1.1.jar:6.1.1]
	at org.springframework.aop.framework.CglibAopProxy$CglibMethodInvocation.proceed(CglibAopProxy.java:765) ~[spring-aop-6.1.1.jar:6.1.1]
	at org.springframework.aop.aspectj.MethodInvocationProceedingJoinPoint.proceed(MethodInvocationProceedingJoinPoint.java:89) ~[spring-aop-6.1.1.jar:6.1.1]
	at com.middleware.config.AuditAspect.audit(AuditAspect.java:45) ~[classes/:na]
	at java.base/jdk.internal.reflect.NativeMethodAccessorImpl.invoke0(Native Method) ~[na:na]
	at java.base/jdk.internal.reflect.NativeMethodAccessorImpl.invoke(NativeMethodAccessorImpl.java:77) ~[na:na]
	at java.base/jdk.internal.reflect.DelegatingMethodAccessorImpl.invoke(DelegatingMethodAccessorImpl.java:43) ~[na:na]
	at java.base/java.lang.reflect.Method.invoke(Method.java:568) ~[na:na]
	at org.springframework.aop.aspectj.AbstractAspectJAdvice.invokeAdviceMethodWithGivenArgs(AbstractAspectJAdvice.java:637) ~[spring-aop-6.1.1.jar:6.1.1]
	at org.springframework.aop.aspectj.AbstractAspectJAdvice.invokeAdviceMethod(AbstractAspectJAdvice.java:627) ~[spring-aop-6.1.1.jar:6.1.1]
	at org.springframework.aop.aspectj.AspectJAroundAdvice.invoke(AspectJAroundAdvice.java:71) ~[spring-aop-6.1.1.jar:6.1.1]
	at org.springframework.aop.framework.ReflectiveMethodInvocation.proceed(ReflectiveMethodInvocation.java:173) ~[spring-aop-6.1.1.jar:6.1.1]
	at org.springframework.aop.framework.CglibAopProxy$CglibMethodInvocation.proceed(CglibAopProxy.java:765) ~[spring-aop-6.1.1.jar:6.1.1]
	at org.springframework.aop.interceptor.ExposeInvocationInterceptor.invoke(ExposeInvocationInterceptor.java:97) ~[spring-aop-6.1.1.jar:6.1.1]
	at org.springframework.aop.framework.ReflectiveMethodInvocation.proceed(ReflectiveMethodInvocation.java:184) ~[spring-aop-6.1.1.jar:6.1.1]
	at org.springframework.aop.framework.CglibAopProxy$CglibMethodInvocation.proceed(CglibAopProxy.java:765) ~[spring-aop-6.1.1.jar:6.1.1]
	at org.springframework.aop.framework.CglibAopProxy$DynamicAdvisedInterceptor.intercept(CglibAopProxy.java:717) ~[spring-aop-6.1.1.jar:6.1.1]
	at com.middleware.controller.WalletController$$SpringCGLIB$$0.verifyPayment(<generated>) ~[classes/:na]
	at java.base/jdk.internal.reflect.NativeMethodAccessorImpl.invoke0(Native Method) ~[na:na]
	at java.base/jdk.internal.reflect.NativeMethodAccessorImpl.invoke(NativeMethodAccessorImpl.java:77) ~[na:na]
	at java.base/jdk.internal.reflect.DelegatingMethodAccessorImpl.invoke(DelegatingMethodAccessorImpl.java:43) ~[na:na]
	at java.base/java.lang.reflect.Method.invoke(Method.java:568) ~[na:na]
	at org.springframework.web.method.support.InvocableHandlerMethod.doInvoke(InvocableHandlerMethod.java:254) ~[spring-web-6.1.1.jar:6.1.1]
	at org.springframework.web.method.support.InvocableHandlerMethod.invokeForRequest(InvocableHandlerMethod.java:182) ~[spring-web-6.1.1.jar:6.1.1]
	at org.springframework.web.servlet.mvc.method.annotation.ServletInvocableHandlerMethod.invokeAndHandle(ServletInvocableHandlerMethod.java:118) ~[spring-webmvc-6.1.1.jar:6.1.1]
	at org.springframework.web.servlet.mvc.method.annotation.RequestMappingHandlerAdapter.invokeHandlerMethod(RequestMappingHandlerAdapter.java:917) ~[spring-webmvc-6.1.1.jar:6.1.1]
	at org.springframework.web.servlet.mvc.method.annotation.RequestMappingHandlerAdapter.handleInternal(RequestMappingHandlerAdapter.java:829) ~[spring-webmvc-6.1.1.jar:6.1.1]
	at org.springframework.web.servlet.mvc.method.AbstractHandlerMethodAdapter.handle(AbstractHandlerMethodAdapter.java:87) ~[spring-webmvc-6.1.1.jar:6.1.1]
	at org.springframework.web.servlet.DispatcherServlet.doDispatch(DispatcherServlet.java:1089) ~[spring-webmvc-6.1.1.jar:6.1.1]
	at org.springframework.web.servlet.DispatcherServlet.doService(DispatcherServlet.java:979) ~[spring-webmvc-6.1.1.jar:6.1.1]
	at org.springframework.web.servlet.FrameworkServlet.processRequest(FrameworkServlet.java:1014) ~[spring-webmvc-6.1.1.jar:6.1.1]
	at org.springframework.web.servlet.FrameworkServlet.doPost(FrameworkServlet.java:914) ~[spring-webmvc-6.1.1.jar:6.1.1]
	at jakarta.servlet.http.HttpServlet.service(HttpServlet.java:590) ~[tomcat-embed-core-10.1.16.jar:6.0]
	at org.springframework.web.servlet.FrameworkServlet.service(FrameworkServlet.java:885) ~[spring-webmvc-6.1.1.jar:6.1.1]
	at jakarta.servlet.http.HttpServlet.service(HttpServlet.java:658) ~[tomcat-embed-core-10.1.16.jar:6.0]
	at org.apache.catalina.core.ApplicationFilterChain.internalDoFilter(ApplicationFilterChain.java:205) ~[tomcat-embed-core-10.1.16.jar:10.1.16]
	at org.apache.catalina.core.ApplicationFilterChain.doFilter(ApplicationFilterChain.java:149) ~[tomcat-embed-core-10.1.16.jar:10.1.16]
	at org.apache.tomcat.websocket.server.WsFilter.doFilter(WsFilter.java:51) ~[tomcat-embed-websocket-10.1.16.jar:10.1.16]
	at org.apache.catalina.core.ApplicationFilterChain.internalDoFilter(ApplicationFilterChain.java:174) ~[tomcat-embed-core-10.1.16.jar:10.1.16]
	at org.apache.catalina.core.ApplicationFilterChain.doFilter(ApplicationFilterChain.java:149) ~[tomcat-embed-core-10.1.16.jar:10.1.16]
	at org.springframework.web.filter.OncePerRequestFilter.doFilter(OncePerRequestFilter.java:110) ~[spring-web-6.1.1.jar:6.1.1]
	at org.apache.catalina.core.ApplicationFilterChain.internalDoFilter(ApplicationFilterChain.java:174) ~[tomcat-embed-core-10.1.16.jar:10.1.16]
	at org.apache.catalina.core.ApplicationFilterChain.doFilter(ApplicationFilterChain.java:149) ~[tomcat-embed-core-10.1.16.jar:10.1.16]
	at org.springframework.security.web.FilterChainProxy.lambda$doFilterInternal$3(FilterChainProxy.java:231) ~[spring-security-web-6.2.0.jar:6.2.0]
	at org.springframework.security.web.FilterChainProxy$VirtualFilterChain.doFilter(FilterChainProxy.java:365) ~[spring-security-web-6.2.0.jar:6.2.0]
	at org.springframework.security.web.access.intercept.AuthorizationFilter.doFilter(AuthorizationFilter.java:100) ~[spring-security-web-6.2.0.jar:6.2.0]
	at org.springframework.security.web.FilterChainProxy$VirtualFilterChain.doFilter(FilterChainProxy.java:374) ~[spring-security-web-6.2.0.jar:6.2.0]
	at org.springframework.security.web.access.ExceptionTranslationFilter.doFilter(ExceptionTranslationFilter.java:126) ~[spring-security-web-6.2.0.jar:6.2.0]
	at org.springframework.security.web.access.ExceptionTranslationFilter.doFilter(ExceptionTranslationFilter.java:120) ~[spring-security-web-6.2.0.jar:6.2.0]
	at org.springframework.security.web.FilterChainProxy$VirtualFilterChain.doFilter(FilterChainProxy.java:374) ~[spring-security-web-6.2.0.jar:6.2.0]
	at org.springframework.security.web.session.SessionManagementFilter.doFilter(SessionManagementFilter.java:131) ~[spring-security-web-6.2.0.jar:6.2.0]
	at org.springframework.security.web.session.SessionManagementFilter.doFilter(SessionManagementFilter.java:85) ~[spring-security-web-6.2.0.jar:6.2.0]
	at org.springframework.security.web.FilterChainProxy$VirtualFilterChain.doFilter(FilterChainProxy.java:374) ~[spring-security-web-6.2.0.jar:6.2.0]
	at org.springframework.security.web.authentication.AnonymousAuthenticationFilter.doFilter(AnonymousAuthenticationFilter.java:100) ~[spring-security-web-6.2.0.jar:6.2.0]
	at org.springframework.security.web.FilterChainProxy$VirtualFilterChain.doFilter(FilterChainProxy.java:374) ~[spring-security-web-6.2.0.jar:6.2.0]
	at org.springframework.security.web.servletapi.SecurityContextHolderAwareRequestFilter.doFilter(SecurityContextHolderAwareRequestFilter.java:179) ~[spring-security-web-6.2.0.jar:6.2.0]
	at org.springframework.security.web.FilterChainProxy$VirtualFilterChain.doFilter(FilterChainProxy.java:374) ~[spring-security-web-6.2.0.jar:6.2.0]
	at org.springframework.security.web.savedrequest.RequestCacheAwareFilter.doFilter(RequestCacheAwareFilter.java:63) ~[spring-security-web-6.2.0.jar:6.2.0]
	at org.springframework.security.web.FilterChainProxy$VirtualFilterChain.doFilter(FilterChainProxy.java:374) ~[spring-security-web-6.2.0.jar:6.2.0]
	at com.middleware.security.JwtAuthenticationFilter.doFilterInternal(JwtAuthenticationFilter.java:53) ~[classes/:na]
	at org.springframework.web.filter.OncePerRequestFilter.doFilter(OncePerRequestFilter.java:116) ~[spring-web-6.1.1.jar:6.1.1]
	at org.springframework.security.web.FilterChainProxy$VirtualFilterChain.doFilter(FilterChainProxy.java:374) ~[spring-security-web-6.2.0.jar:6.2.0]
	at org.springframework.security.web.authentication.logout.LogoutFilter.doFilter(LogoutFilter.java:107) ~[spring-security-web-6.2.0.jar:6.2.0]
	at org.springframework.security.web.authentication.logout.LogoutFilter.doFilter(LogoutFilter.java:93) ~[spring-security-web-6.2.0.jar:6.2.0]
	at org.springframework.security.web.FilterChainProxy$VirtualFilterChain.doFilter(FilterChainProxy.java:374) ~[spring-security-web-6.2.0.jar:6.2.0]
	at org.springframework.web.filter.CorsFilter.doFilterInternal(CorsFilter.java:91) ~[spring-web-6.1.1.jar:6.1.1]
	at org.springframework.web.filter.OncePerRequestFilter.doFilter(OncePerRequestFilter.java:116) ~[spring-web-6.1.1.jar:6.1.1]
	at org.springframework.security.web.FilterChainProxy$VirtualFilterChain.doFilter(FilterChainProxy.java:374) ~[spring-security-web-6.2.0.jar:6.2.0]
	at org.springframework.security.web.header.HeaderWriterFilter.doHeadersAfter(HeaderWriterFilter.java:90) ~[spring-security-web-6.2.0.jar:6.2.0]
	at org.springframework.security.web.header.HeaderWriterFilter.doFilterInternal(HeaderWriterFilter.java:75) ~[spring-security-web-6.2.0.jar:6.2.0]
	at org.springframework.web.filter.OncePerRequestFilter.doFilter(OncePerRequestFilter.java:116) ~[spring-web-6.1.1.jar:6.1.1]
	at org.springframework.security.web.FilterChainProxy$VirtualFilterChain.doFilter(FilterChainProxy.java:374) ~[spring-security-web-6.2.0.jar:6.2.0]
	at org.springframework.security.web.context.SecurityContextHolderFilter.doFilter(SecurityContextHolderFilter.java:82) ~[spring-security-web-6.2.0.jar:6.2.0]
	at org.springframework.security.web.context.SecurityContextHolderFilter.doFilter(SecurityContextHolderFilter.java:69) ~[spring-security-web-6.2.0.jar:6.2.0]
	at org.springframework.security.web.FilterChainProxy$VirtualFilterChain.doFilter(FilterChainProxy.java:374) ~[spring-security-web-6.2.0.jar:6.2.0]
	at org.springframework.security.web.context.request.async.WebAsyncManagerIntegrationFilter.doFilterInternal(WebAsyncManagerIntegrationFilter.java:62) ~[spring-security-web-6.2.0.jar:6.2.0]
	at org.springframework.web.filter.OncePerRequestFilter.doFilter(OncePerRequestFilter.java:116) ~[spring-web-6.1.1.jar:6.1.1]
	at org.springframework.security.web.FilterChainProxy$VirtualFilterChain.doFilter(FilterChainProxy.java:374) ~[spring-security-web-6.2.0.jar:6.2.0]
	at org.springframework.security.web.session.DisableEncodeUrlFilter.doFilterInternal(DisableEncodeUrlFilter.java:42) ~[spring-security-web-6.2.0.jar:6.2.0]
	at org.springframework.web.filter.OncePerRequestFilter.doFilter(OncePerRequestFilter.java:116) ~[spring-web-6.1.1.jar:6.1.1]
	at org.springframework.security.web.FilterChainProxy$VirtualFilterChain.doFilter(FilterChainProxy.java:374) ~[spring-security-web-6.2.0.jar:6.2.0]
	at org.springframework.security.web.FilterChainProxy.doFilterInternal(FilterChainProxy.java:233) ~[spring-security-web-6.2.0.jar:6.2.0]
	at org.springframework.security.web.FilterChainProxy.doFilter(FilterChainProxy.java:191) ~[spring-security-web-6.2.0.jar:6.2.0]
	at org.springframework.web.filter.DelegatingFilterProxy.invokeDelegate(DelegatingFilterProxy.java:352) ~[spring-web-6.1.1.jar:6.1.1]
	at org.springframework.web.filter.DelegatingFilterProxy.doFilter(DelegatingFilterProxy.java:268) ~[spring-web-6.1.1.jar:6.1.1]
	at org.apache.catalina.core.ApplicationFilterChain.internalDoFilter(ApplicationFilterChain.java:174) ~[tomcat-embed-core-10.1.16.jar:10.1.16]
	at org.apache.catalina.core.ApplicationFilterChain.doFilter(ApplicationFilterChain.java:149) ~[tomcat-embed-core-10.1.16.jar:10.1.16]
	at org.springframework.web.filter.RequestContextFilter.doFilterInternal(RequestContextFilter.java:100) ~[spring-web-6.1.1.jar:6.1.1]
	at org.springframework.web.filter.OncePerRequestFilter.doFilter(OncePerRequestFilter.java:116) ~[spring-web-6.1.1.jar:6.1.1]
	at org.apache.catalina.core.ApplicationFilterChain.internalDoFilter(ApplicationFilterChain.java:174) ~[tomcat-embed-core-10.1.16.jar:10.1.16]
	at org.apache.catalina.core.ApplicationFilterChain.doFilter(ApplicationFilterChain.java:149) ~[tomcat-embed-core-10.1.16.jar:10.1.16]
	at org.springframework.web.filter.FormContentFilter.doFilterInternal(FormContentFilter.java:93) ~[spring-web-6.1.1.jar:6.1.1]
	at org.springframework.web.filter.OncePerRequestFilter.doFilter(OncePerRequestFilter.java:116) ~[spring-web-6.1.1.jar:6.1.1]
	at org.apache.catalina.core.ApplicationFilterChain.internalDoFilter(ApplicationFilterChain.java:174) ~[tomcat-embed-core-10.1.16.jar:10.1.16]
	at org.apache.catalina.core.ApplicationFilterChain.doFilter(ApplicationFilterChain.java:149) ~[tomcat-embed-core-10.1.16.jar:10.1.16]
	at org.springframework.web.filter.CharacterEncodingFilter.doFilterInternal(CharacterEncodingFilter.java:201) ~[spring-web-6.1.1.jar:6.1.1]
	at org.springframework.web.filter.OncePerRequestFilter.doFilter(OncePerRequestFilter.java:116) ~[spring-web-6.1.1.jar:6.1.1]
	at org.apache.catalina.core.ApplicationFilterChain.internalDoFilter(ApplicationFilterChain.java:174) ~[tomcat-embed-core-10.1.16.jar:10.1.16]
	at org.apache.catalina.core.ApplicationFilterChain.doFilter(ApplicationFilterChain.java:149) ~[tomcat-embed-core-10.1.16.jar:10.1.16]
	at org.apache.catalina.core.StandardWrapperValve.invoke(StandardWrapperValve.java:167) ~[tomcat-embed-core-10.1.16.jar:10.1.16]
	at org.apache.catalina.core.StandardContextValve.invoke(StandardContextValve.java:90) ~[tomcat-embed-core-10.1.16.jar:10.1.16]
	at org.apache.catalina.authenticator.AuthenticatorBase.invoke(AuthenticatorBase.java:482) ~[tomcat-embed-core-10.1.16.jar:10.1.16]
	at org.apache.catalina.core.StandardHostValve.invoke(StandardHostValve.java:115) ~[tomcat-embed-core-10.1.16.jar:10.1.16]
	at org.apache.catalina.valves.ErrorReportValve.invoke(ErrorReportValve.java:93) ~[tomcat-embed-core-10.1.16.jar:10.1.16]
	at org.apache.catalina.core.StandardEngineValve.invoke(StandardEngineValve.java:74) ~[tomcat-embed-core-10.1.16.jar:10.1.16]
	at org.apache.catalina.connector.CoyoteAdapter.service(CoyoteAdapter.java:340) ~[tomcat-embed-core-10.1.16.jar:10.1.16]
	at org.apache.coyote.http11.Http11Processor.service(Http11Processor.java:391) ~[tomcat-embed-core-10.1.16.jar:10.1.16]
	at org.apache.coyote.AbstractProcessorLight.process(AbstractProcessorLight.java:63) ~[tomcat-embed-core-10.1.16.jar:10.1.16]
	at org.apache.coyote.AbstractProtocol$ConnectionHandler.process(AbstractProtocol.java:896) ~[tomcat-embed-core-10.1.16.jar:10.1.16]
	at org.apache.tomcat.util.net.NioEndpoint$SocketProcessor.doRun(NioEndpoint.java:1744) ~[tomcat-embed-core-10.1.16.jar:10.1.16]
	at org.apache.tomcat.util.net.SocketProcessorBase.run(SocketProcessorBase.java:52) ~[tomcat-embed-core-10.1.16.jar:10.1.16]
	at org.apache.tomcat.util.threads.ThreadPoolExecutor.runWorker(ThreadPoolExecutor.java:1191) ~[tomcat-embed-core-10.1.16.jar:10.1.16]
	at org.apache.tomcat.util.threads.ThreadPoolExecutor$Worker.run(ThreadPoolExecutor.java:659) ~[tomcat-embed-core-10.1.16.jar:10.1.16]
	at org.apache.tomcat.util.threads.TaskThread$WrappingRunnable.run(TaskThread.java:61) ~[tomcat-embed-core-10.1.16.jar:10.1.16]
	at java.base/java.lang.Thread.run(Thread.java:842) ~[na:na]

2026-05-23T00:58:19.429+01:00  INFO 40160 --- [org.springframework.amqp.rabbit.RabbitListenerEndpointContainer#0-2] o.s.a.r.l.SimpleMessageListenerContainer : Waiting for workers to finish.
2026-05-23T00:58:19.429+01:00  INFO 40160 --- [org.springframework.amqp.rabbit.RabbitListenerEndpointContainer#1-2] o.s.a.r.l.SimpleMessageListenerContainer : Waiting for workers to finish.
2026-05-23T00:58:19.472+01:00  INFO 40160 --- [org.springframework.amqp.rabbit.RabbitListenerEndpointContainer#2-2] o.s.a.r.l.SimpleMessageListenerContainer : Waiting for workers to finish.
2026-05-23T00:58:19.514+01:00  INFO 40160 --- [org.springframework.amqp.rabbit.RabbitListenerEndpointContainer#3-2] o.s.a.r.l.SimpleMessageListenerContainer : Waiting for workers to finish.
2026-05-23T00:58:20.231+01:00  INFO 40160 --- [org.springframework.amqp.rabbit.RabbitListenerEndpointContainer#2-2] o.s.a.r.l.SimpleMessageListenerContainer : Successfully waited for workers to finish.
2026-05-23T00:58:20.231+01:00  INFO 40160 --- [org.springframework.amqp.rabbit.RabbitListenerEndpointContainer#3-2] o.s.a.r.l.SimpleMessageListenerContainer : Successfully waited for workers to finish.
2026-05-23T00:58:20.231+01:00  INFO 40160 --- [org.springframework.amqp.rabbit.RabbitListenerEndpointContainer#1-2] o.s.a.r.l.SimpleMessageListenerContainer : Successfully waited for workers to finish.
2026-05-23T00:58:20.263+01:00  INFO 40160 --- [org.springframework.amqp.rabbit.RabbitListenerEndpointContainer#0-2] o.s.a.r.l.SimpleMessageListenerContainer : Successfully waited for workers to finish.
2026-05-23T00:58:22.531+01:00  INFO 40160 --- [SpringApplicationShutdownHook] j.LocalContainerEntityManagerFactoryBean : Closing JPA EntityManagerFactory for persistence unit 'default'
2026-05-23T00:58:22.560+01:00  INFO 40160 --- [SpringApplicationShutdownHook] com.zaxxer.hikari.HikariDataSource       : HikariPool-1 - Shutdown initiated...
2026-05-23T00:58:22.624+01:00  INFO 40160 --- [SpringApplicationShutdownHook] com.zaxxer.hikari.HikariDataSource       : HikariPool-1 - Shutdown completed.
2026-05-23T00:58:32.042+01:00  INFO 42639 --- [main] com.middleware.KoinsApplication          : Starting KoinsApplication using Java 17.0.11 with PID 42639 (/Users/gamp/Downloads/koins/target/classes started by gamp in /Users/gamp/Downloads/koins)
2026-05-23T00:58:32.052+01:00  INFO 42639 --- [main] com.middleware.KoinsApplication          : No active profile set, falling back to 1 default profile: "default"
2026-05-23T00:58:34.450+01:00  INFO 42639 --- [main] .s.d.r.c.RepositoryConfigurationDelegate : Bootstrapping Spring Data JPA repositories in DEFAULT mode.
2026-05-23T00:58:34.931+01:00  INFO 42639 --- [main] .s.d.r.c.RepositoryConfigurationDelegate : Finished Spring Data repository scanning in 456 ms. Found 6 JPA repository interfaces.
2026-05-23T00:58:36.846+01:00  INFO 42639 --- [main] o.s.b.w.embedded.tomcat.TomcatWebServer  : Tomcat initialized with port 8080 (http)
2026-05-23T00:58:36.866+01:00  INFO 42639 --- [main] o.apache.catalina.core.StandardService   : Starting service [Tomcat]
2026-05-23T00:58:36.867+01:00  INFO 42639 --- [main] o.apache.catalina.core.StandardEngine    : Starting Servlet engine: [Apache Tomcat/10.1.16]
2026-05-23T00:58:36.999+01:00  INFO 42639 --- [main] o.a.c.c.C.[Tomcat].[localhost].[/]       : Initializing Spring embedded WebApplicationContext
2026-05-23T00:58:37.000+01:00  INFO 42639 --- [main] w.s.c.ServletWebServerApplicationContext : Root WebApplicationContext: initialization completed in 4781 ms
2026-05-23T00:58:37.254+01:00  INFO 42639 --- [main] com.zaxxer.hikari.HikariDataSource       : HikariPool-1 - Starting...
2026-05-23T00:58:37.552+01:00  INFO 42639 --- [main] com.zaxxer.hikari.pool.HikariPool        : HikariPool-1 - Added connection com.mysql.cj.jdbc.ConnectionImpl@37b1149b
2026-05-23T00:58:37.555+01:00  INFO 42639 --- [main] com.zaxxer.hikari.HikariDataSource       : HikariPool-1 - Start completed.
2026-05-23T00:58:37.751+01:00  INFO 42639 --- [main] o.f.c.internal.license.VersionPrinter    : Flyway Community Edition 9.22.3 by Redgate
2026-05-23T00:58:37.752+01:00  INFO 42639 --- [main] o.f.c.internal.license.VersionPrinter    : See release notes here: https://rd.gt/416ObMi
2026-05-23T00:58:37.752+01:00  INFO 42639 --- [main] o.f.c.internal.license.VersionPrinter    : 
2026-05-23T00:58:37.789+01:00  INFO 42639 --- [main] o.f.c.i.resource.ResourceNameValidator   : 1 SQL migrations were detected but not run because they did not follow the filename convention.
2026-05-23T00:58:37.791+01:00  INFO 42639 --- [main] o.f.c.i.resource.ResourceNameValidator   : Set 'validateMigrationNaming' to true to fail fast and see a list of the invalid file names.
2026-05-23T00:58:37.831+01:00  INFO 42639 --- [main] org.flywaydb.core.FlywayExecutor         : Database: jdbc:mysql://localhost:3306/koins_db (MySQL 8.0)
2026-05-23T00:58:37.939+01:00  INFO 42639 --- [main] o.f.core.internal.command.DbValidate     : Successfully validated 2 migrations (execution time 00:00.058s)
2026-05-23T00:58:37.968+01:00  INFO 42639 --- [main] o.f.core.internal.command.DbMigrate      : Current version of schema `koins_db`: 2
2026-05-23T00:58:37.973+01:00  INFO 42639 --- [main] o.f.core.internal.command.DbMigrate      : Schema `koins_db` is up to date. No migration necessary.
2026-05-23T00:58:38.177+01:00  INFO 42639 --- [main] o.hibernate.jpa.internal.util.LogHelper  : HHH000204: Processing PersistenceUnitInfo [name: default]
2026-05-23T00:58:38.307+01:00  INFO 42639 --- [main] org.hibernate.Version                    : HHH000412: Hibernate ORM core version 6.3.1.Final
2026-05-23T00:58:38.406+01:00  INFO 42639 --- [main] o.h.c.internal.RegionFactoryInitiator    : HHH000026: Second-level cache disabled
2026-05-23T00:58:38.863+01:00  INFO 42639 --- [main] o.s.o.j.p.SpringPersistenceUnitInfo      : No LoadTimeWeaver setup: ignoring JPA class transformer
2026-05-23T00:58:38.973+01:00  WARN 42639 --- [main] org.hibernate.orm.deprecation            : HHH90000025: MySQL8Dialect does not need to be specified explicitly using 'hibernate.dialect' (remove the property setting and it will be selected by default)
2026-05-23T00:58:38.974+01:00  WARN 42639 --- [main] org.hibernate.orm.deprecation            : HHH90000026: MySQL8Dialect has been deprecated; use org.hibernate.dialect.MySQLDialect instead
2026-05-23T00:58:39.025+01:00  WARN 42639 --- [main] org.hibernate.orm.incubating             : HHH90006001: Encountered incubating setting [hibernate.type.preferred_uuid_jdbc_type].  See javadoc on corresponding `org.hibernate.cfg.AvailableSettings` constant for details.
2026-05-23T00:58:39.481+01:00  WARN 42639 --- [main] org.hibernate.orm.incubating             : HHH90006001: Encountered incubating setting [hibernate.type.preferred_uuid_jdbc_type].  See javadoc on corresponding `org.hibernate.cfg.AvailableSettings` constant for details.
2026-05-23T00:58:40.863+01:00  INFO 42639 --- [main] o.h.e.t.j.p.i.JtaPlatformInitiator       : HHH000489: No JTA platform available (set 'hibernate.transaction.jta.platform' to enable JTA platform integration)
2026-05-23T00:58:40.947+01:00  INFO 42639 --- [main] j.LocalContainerEntityManagerFactoryBean : Initialized JPA EntityManagerFactory for persistence unit 'default'
2026-05-23T00:58:41.668+01:00  INFO 42639 --- [main] o.s.d.j.r.query.QueryEnhancerFactory     : Hibernate is in classpath; If applicable, HQL parser will be used.
2026-05-23T00:58:45.270+01:00  INFO 42639 --- [main] o.s.b.w.embedded.tomcat.TomcatWebServer  : Tomcat started on port 8080 (http) with context path ''
2026-05-23T00:58:45.286+01:00  INFO 42639 --- [main] o.s.a.r.c.CachingConnectionFactory       : Attempting to connect to: [localhost:5672]
2026-05-23T00:58:45.478+01:00  INFO 42639 --- [main] o.s.a.r.c.CachingConnectionFactory       : Created new connection: rabbitConnectionFactory#5f0c04d2:0/SimpleConnection@7fa9e773 [delegate=amqp://guest@127.0.0.1:5672/, localPort=55736]
2026-05-23T00:58:45.651+01:00  INFO 42639 --- [main] com.middleware.KoinsApplication          : Started KoinsApplication in 14.902 seconds (process running for 16.202)
2026-05-23T00:58:54.167+01:00  INFO 42639 --- [http-nio-8080-exec-1] o.a.c.c.C.[Tomcat].[localhost].[/]       : Initializing Spring DispatcherServlet 'dispatcherServlet'
2026-05-23T00:58:54.169+01:00  INFO 42639 --- [http-nio-8080-exec-1] o.s.web.servlet.DispatcherServlet        : Initializing Servlet 'dispatcherServlet'
2026-05-23T00:58:54.175+01:00  INFO 42639 --- [http-nio-8080-exec-1] o.s.web.servlet.DispatcherServlet        : Completed initialization in 5 ms
2026-05-23T00:58:54.209+01:00  WARN 42639 --- [http-nio-8080-exec-1] o.s.w.s.h.HandlerMappingIntrospector     : Cache miss for REQUEST dispatch to '/api/v1/wallet/verify-payment' (previous null). Performing CorsConfiguration lookup. This is logged once only at WARN level, and every time at TRACE.
2026-05-23T00:58:55.011+01:00  WARN 42639 --- [http-nio-8080-exec-1] o.s.w.s.h.HandlerMappingIntrospector     : Cache miss for REQUEST dispatch to '/api/v1/wallet/verify-payment' (previous null). Performing MatchableHandlerMapping lookup. This is logged once only at WARN level, and every time at TRACE.
2026-05-23T00:58:55.559+01:00  INFO 42639 --- [http-nio-8080-exec-1] c.m.service.impl.WalletServiceImpl       : Manually verifying payment
2026-05-23T00:58:59.651+01:00 ERROR 42639 --- [http-nio-8080-exec-1] c.m.exception.GlobalExceptionHandler     : Unexpected error: 

java.lang.SecurityException: Wallet balance tampering detected
	at com.middleware.security.CryptoUtil.validateWalletHash(CryptoUtil.java:101) ~[classes/:na]
	at com.middleware.service.impl.WalletServiceImpl.creditWalletAfterPayment(WalletServiceImpl.java:106) ~[classes/:na]
	at com.middleware.service.impl.WalletServiceImpl.verifyPayment(WalletServiceImpl.java:169) ~[classes/:na]
	at java.base/jdk.internal.reflect.NativeMethodAccessorImpl.invoke0(Native Method) ~[na:na]
	at java.base/jdk.internal.reflect.NativeMethodAccessorImpl.invoke(NativeMethodAccessorImpl.java:77) ~[na:na]
	at java.base/jdk.internal.reflect.DelegatingMethodAccessorImpl.invoke(DelegatingMethodAccessorImpl.java:43) ~[na:na]
	at java.base/java.lang.reflect.Method.invoke(Method.java:568) ~[na:na]
	at org.springframework.aop.support.AopUtils.invokeJoinpointUsingReflection(AopUtils.java:352) ~[spring-aop-6.1.1.jar:6.1.1]
	at org.springframework.aop.framework.ReflectiveMethodInvocation.invokeJoinpoint(ReflectiveMethodInvocation.java:196) ~[spring-aop-6.1.1.jar:6.1.1]
	at org.springframework.aop.framework.ReflectiveMethodInvocation.proceed(ReflectiveMethodInvocation.java:163) ~[spring-aop-6.1.1.jar:6.1.1]
	at org.springframework.aop.framework.CglibAopProxy$CglibMethodInvocation.proceed(CglibAopProxy.java:765) ~[spring-aop-6.1.1.jar:6.1.1]
	at org.springframework.transaction.interceptor.TransactionInterceptor$1.proceedWithInvocation(TransactionInterceptor.java:123) ~[spring-tx-6.1.1.jar:6.1.1]
	at org.springframework.transaction.interceptor.TransactionAspectSupport.invokeWithinTransaction(TransactionAspectSupport.java:385) ~[spring-tx-6.1.1.jar:6.1.1]
	at org.springframework.transaction.interceptor.TransactionInterceptor.invoke(TransactionInterceptor.java:119) ~[spring-tx-6.1.1.jar:6.1.1]
	at org.springframework.aop.framework.ReflectiveMethodInvocation.proceed(ReflectiveMethodInvocation.java:184) ~[spring-aop-6.1.1.jar:6.1.1]
	at org.springframework.aop.framework.CglibAopProxy$CglibMethodInvocation.proceed(CglibAopProxy.java:765) ~[spring-aop-6.1.1.jar:6.1.1]
	at org.springframework.aop.framework.CglibAopProxy$DynamicAdvisedInterceptor.intercept(CglibAopProxy.java:717) ~[spring-aop-6.1.1.jar:6.1.1]
	at com.middleware.service.impl.WalletServiceImpl$$SpringCGLIB$$0.verifyPayment(<generated>) ~[classes/:na]
	at com.middleware.controller.WalletController.verifyPayment(WalletController.java:64) ~[classes/:na]
	at java.base/jdk.internal.reflect.NativeMethodAccessorImpl.invoke0(Native Method) ~[na:na]
	at java.base/jdk.internal.reflect.NativeMethodAccessorImpl.invoke(NativeMethodAccessorImpl.java:77) ~[na:na]
	at java.base/jdk.internal.reflect.DelegatingMethodAccessorImpl.invoke(DelegatingMethodAccessorImpl.java:43) ~[na:na]
	at java.base/java.lang.reflect.Method.invoke(Method.java:568) ~[na:na]
	at org.springframework.aop.support.AopUtils.invokeJoinpointUsingReflection(AopUtils.java:352) ~[spring-aop-6.1.1.jar:6.1.1]
	at org.springframework.aop.framework.ReflectiveMethodInvocation.invokeJoinpoint(ReflectiveMethodInvocation.java:196) ~[spring-aop-6.1.1.jar:6.1.1]
	at org.springframework.aop.framework.ReflectiveMethodInvocation.proceed(ReflectiveMethodInvocation.java:163) ~[spring-aop-6.1.1.jar:6.1.1]
	at org.springframework.aop.framework.CglibAopProxy$CglibMethodInvocation.proceed(CglibAopProxy.java:765) ~[spring-aop-6.1.1.jar:6.1.1]
	at org.springframework.aop.aspectj.MethodInvocationProceedingJoinPoint.proceed(MethodInvocationProceedingJoinPoint.java:89) ~[spring-aop-6.1.1.jar:6.1.1]
	at com.middleware.config.AuditAspect.audit(AuditAspect.java:45) ~[classes/:na]
	at java.base/jdk.internal.reflect.NativeMethodAccessorImpl.invoke0(Native Method) ~[na:na]
	at java.base/jdk.internal.reflect.NativeMethodAccessorImpl.invoke(NativeMethodAccessorImpl.java:77) ~[na:na]
	at java.base/jdk.internal.reflect.DelegatingMethodAccessorImpl.invoke(DelegatingMethodAccessorImpl.java:43) ~[na:na]
	at java.base/java.lang.reflect.Method.invoke(Method.java:568) ~[na:na]
	at org.springframework.aop.aspectj.AbstractAspectJAdvice.invokeAdviceMethodWithGivenArgs(AbstractAspectJAdvice.java:637) ~[spring-aop-6.1.1.jar:6.1.1]
	at org.springframework.aop.aspectj.AbstractAspectJAdvice.invokeAdviceMethod(AbstractAspectJAdvice.java:627) ~[spring-aop-6.1.1.jar:6.1.1]
	at org.springframework.aop.aspectj.AspectJAroundAdvice.invoke(AspectJAroundAdvice.java:71) ~[spring-aop-6.1.1.jar:6.1.1]
	at org.springframework.aop.framework.ReflectiveMethodInvocation.proceed(ReflectiveMethodInvocation.java:173) ~[spring-aop-6.1.1.jar:6.1.1]
	at org.springframework.aop.framework.CglibAopProxy$CglibMethodInvocation.proceed(CglibAopProxy.java:765) ~[spring-aop-6.1.1.jar:6.1.1]
	at org.springframework.aop.interceptor.ExposeInvocationInterceptor.invoke(ExposeInvocationInterceptor.java:97) ~[spring-aop-6.1.1.jar:6.1.1]
	at org.springframework.aop.framework.ReflectiveMethodInvocation.proceed(ReflectiveMethodInvocation.java:184) ~[spring-aop-6.1.1.jar:6.1.1]
	at org.springframework.aop.framework.CglibAopProxy$CglibMethodInvocation.proceed(CglibAopProxy.java:765) ~[spring-aop-6.1.1.jar:6.1.1]
	at org.springframework.aop.framework.CglibAopProxy$DynamicAdvisedInterceptor.intercept(CglibAopProxy.java:717) ~[spring-aop-6.1.1.jar:6.1.1]
	at com.middleware.controller.WalletController$$SpringCGLIB$$0.verifyPayment(<generated>) ~[classes/:na]
	at java.base/jdk.internal.reflect.NativeMethodAccessorImpl.invoke0(Native Method) ~[na:na]
	at java.base/jdk.internal.reflect.NativeMethodAccessorImpl.invoke(NativeMethodAccessorImpl.java:77) ~[na:na]
	at java.base/jdk.internal.reflect.DelegatingMethodAccessorImpl.invoke(DelegatingMethodAccessorImpl.java:43) ~[na:na]
	at java.base/java.lang.reflect.Method.invoke(Method.java:568) ~[na:na]
	at org.springframework.web.method.support.InvocableHandlerMethod.doInvoke(InvocableHandlerMethod.java:254) ~[spring-web-6.1.1.jar:6.1.1]
	at org.springframework.web.method.support.InvocableHandlerMethod.invokeForRequest(InvocableHandlerMethod.java:182) ~[spring-web-6.1.1.jar:6.1.1]
	at org.springframework.web.servlet.mvc.method.annotation.ServletInvocableHandlerMethod.invokeAndHandle(ServletInvocableHandlerMethod.java:118) ~[spring-webmvc-6.1.1.jar:6.1.1]
	at org.springframework.web.servlet.mvc.method.annotation.RequestMappingHandlerAdapter.invokeHandlerMethod(RequestMappingHandlerAdapter.java:917) ~[spring-webmvc-6.1.1.jar:6.1.1]
	at org.springframework.web.servlet.mvc.method.annotation.RequestMappingHandlerAdapter.handleInternal(RequestMappingHandlerAdapter.java:829) ~[spring-webmvc-6.1.1.jar:6.1.1]
	at org.springframework.web.servlet.mvc.method.AbstractHandlerMethodAdapter.handle(AbstractHandlerMethodAdapter.java:87) ~[spring-webmvc-6.1.1.jar:6.1.1]
	at org.springframework.web.servlet.DispatcherServlet.doDispatch(DispatcherServlet.java:1089) ~[spring-webmvc-6.1.1.jar:6.1.1]
	at org.springframework.web.servlet.DispatcherServlet.doService(DispatcherServlet.java:979) ~[spring-webmvc-6.1.1.jar:6.1.1]
	at org.springframework.web.servlet.FrameworkServlet.processRequest(FrameworkServlet.java:1014) ~[spring-webmvc-6.1.1.jar:6.1.1]
	at org.springframework.web.servlet.FrameworkServlet.doPost(FrameworkServlet.java:914) ~[spring-webmvc-6.1.1.jar:6.1.1]
	at jakarta.servlet.http.HttpServlet.service(HttpServlet.java:590) ~[tomcat-embed-core-10.1.16.jar:6.0]
	at org.springframework.web.servlet.FrameworkServlet.service(FrameworkServlet.java:885) ~[spring-webmvc-6.1.1.jar:6.1.1]
	at jakarta.servlet.http.HttpServlet.service(HttpServlet.java:658) ~[tomcat-embed-core-10.1.16.jar:6.0]
	at org.apache.catalina.core.ApplicationFilterChain.internalDoFilter(ApplicationFilterChain.java:205) ~[tomcat-embed-core-10.1.16.jar:10.1.16]
	at org.apache.catalina.core.ApplicationFilterChain.doFilter(ApplicationFilterChain.java:149) ~[tomcat-embed-core-10.1.16.jar:10.1.16]
	at org.apache.tomcat.websocket.server.WsFilter.doFilter(WsFilter.java:51) ~[tomcat-embed-websocket-10.1.16.jar:10.1.16]
	at org.apache.catalina.core.ApplicationFilterChain.internalDoFilter(ApplicationFilterChain.java:174) ~[tomcat-embed-core-10.1.16.jar:10.1.16]
	at org.apache.catalina.core.ApplicationFilterChain.doFilter(ApplicationFilterChain.java:149) ~[tomcat-embed-core-10.1.16.jar:10.1.16]
	at org.springframework.web.filter.OncePerRequestFilter.doFilter(OncePerRequestFilter.java:110) ~[spring-web-6.1.1.jar:6.1.1]
	at org.apache.catalina.core.ApplicationFilterChain.internalDoFilter(ApplicationFilterChain.java:174) ~[tomcat-embed-core-10.1.16.jar:10.1.16]
	at org.apache.catalina.core.ApplicationFilterChain.doFilter(ApplicationFilterChain.java:149) ~[tomcat-embed-core-10.1.16.jar:10.1.16]
	at org.springframework.security.web.FilterChainProxy.lambda$doFilterInternal$3(FilterChainProxy.java:231) ~[spring-security-web-6.2.0.jar:6.2.0]
	at org.springframework.security.web.FilterChainProxy$VirtualFilterChain.doFilter(FilterChainProxy.java:365) ~[spring-security-web-6.2.0.jar:6.2.0]
	at org.springframework.security.web.access.intercept.AuthorizationFilter.doFilter(AuthorizationFilter.java:100) ~[spring-security-web-6.2.0.jar:6.2.0]
	at org.springframework.security.web.FilterChainProxy$VirtualFilterChain.doFilter(FilterChainProxy.java:374) ~[spring-security-web-6.2.0.jar:6.2.0]
	at org.springframework.security.web.access.ExceptionTranslationFilter.doFilter(ExceptionTranslationFilter.java:126) ~[spring-security-web-6.2.0.jar:6.2.0]
	at org.springframework.security.web.access.ExceptionTranslationFilter.doFilter(ExceptionTranslationFilter.java:120) ~[spring-security-web-6.2.0.jar:6.2.0]
	at org.springframework.security.web.FilterChainProxy$VirtualFilterChain.doFilter(FilterChainProxy.java:374) ~[spring-security-web-6.2.0.jar:6.2.0]
	at org.springframework.security.web.session.SessionManagementFilter.doFilter(SessionManagementFilter.java:131) ~[spring-security-web-6.2.0.jar:6.2.0]
	at org.springframework.security.web.session.SessionManagementFilter.doFilter(SessionManagementFilter.java:85) ~[spring-security-web-6.2.0.jar:6.2.0]
	at org.springframework.security.web.FilterChainProxy$VirtualFilterChain.doFilter(FilterChainProxy.java:374) ~[spring-security-web-6.2.0.jar:6.2.0]
	at org.springframework.security.web.authentication.AnonymousAuthenticationFilter.doFilter(AnonymousAuthenticationFilter.java:100) ~[spring-security-web-6.2.0.jar:6.2.0]
	at org.springframework.security.web.FilterChainProxy$VirtualFilterChain.doFilter(FilterChainProxy.java:374) ~[spring-security-web-6.2.0.jar:6.2.0]
	at org.springframework.security.web.servletapi.SecurityContextHolderAwareRequestFilter.doFilter(SecurityContextHolderAwareRequestFilter.java:179) ~[spring-security-web-6.2.0.jar:6.2.0]
	at org.springframework.security.web.FilterChainProxy$VirtualFilterChain.doFilter(FilterChainProxy.java:374) ~[spring-security-web-6.2.0.jar:6.2.0]
	at org.springframework.security.web.savedrequest.RequestCacheAwareFilter.doFilter(RequestCacheAwareFilter.java:63) ~[spring-security-web-6.2.0.jar:6.2.0]
	at org.springframework.security.web.FilterChainProxy$VirtualFilterChain.doFilter(FilterChainProxy.java:374) ~[spring-security-web-6.2.0.jar:6.2.0]
	at com.middleware.security.JwtAuthenticationFilter.doFilterInternal(JwtAuthenticationFilter.java:53) ~[classes/:na]
	at org.springframework.web.filter.OncePerRequestFilter.doFilter(OncePerRequestFilter.java:116) ~[spring-web-6.1.1.jar:6.1.1]
	at org.springframework.security.web.FilterChainProxy$VirtualFilterChain.doFilter(FilterChainProxy.java:374) ~[spring-security-web-6.2.0.jar:6.2.0]
	at org.springframework.security.web.authentication.logout.LogoutFilter.doFilter(LogoutFilter.java:107) ~[spring-security-web-6.2.0.jar:6.2.0]
	at org.springframework.security.web.authentication.logout.LogoutFilter.doFilter(LogoutFilter.java:93) ~[spring-security-web-6.2.0.jar:6.2.0]
	at org.springframework.security.web.FilterChainProxy$VirtualFilterChain.doFilter(FilterChainProxy.java:374) ~[spring-security-web-6.2.0.jar:6.2.0]
	at org.springframework.web.filter.CorsFilter.doFilterInternal(CorsFilter.java:91) ~[spring-web-6.1.1.jar:6.1.1]
	at org.springframework.web.filter.OncePerRequestFilter.doFilter(OncePerRequestFilter.java:116) ~[spring-web-6.1.1.jar:6.1.1]
	at org.springframework.security.web.FilterChainProxy$VirtualFilterChain.doFilter(FilterChainProxy.java:374) ~[spring-security-web-6.2.0.jar:6.2.0]
	at org.springframework.security.web.header.HeaderWriterFilter.doHeadersAfter(HeaderWriterFilter.java:90) ~[spring-security-web-6.2.0.jar:6.2.0]
	at org.springframework.security.web.header.HeaderWriterFilter.doFilterInternal(HeaderWriterFilter.java:75) ~[spring-security-web-6.2.0.jar:6.2.0]
	at org.springframework.web.filter.OncePerRequestFilter.doFilter(OncePerRequestFilter.java:116) ~[spring-web-6.1.1.jar:6.1.1]
	at org.springframework.security.web.FilterChainProxy$VirtualFilterChain.doFilter(FilterChainProxy.java:374) ~[spring-security-web-6.2.0.jar:6.2.0]
	at org.springframework.security.web.context.SecurityContextHolderFilter.doFilter(SecurityContextHolderFilter.java:82) ~[spring-security-web-6.2.0.jar:6.2.0]
	at org.springframework.security.web.context.SecurityContextHolderFilter.doFilter(SecurityContextHolderFilter.java:69) ~[spring-security-web-6.2.0.jar:6.2.0]
	at org.springframework.security.web.FilterChainProxy$VirtualFilterChain.doFilter(FilterChainProxy.java:374) ~[spring-security-web-6.2.0.jar:6.2.0]
	at org.springframework.security.web.context.request.async.WebAsyncManagerIntegrationFilter.doFilterInternal(WebAsyncManagerIntegrationFilter.java:62) ~[spring-security-web-6.2.0.jar:6.2.0]
	at org.springframework.web.filter.OncePerRequestFilter.doFilter(OncePerRequestFilter.java:116) ~[spring-web-6.1.1.jar:6.1.1]
	at org.springframework.security.web.FilterChainProxy$VirtualFilterChain.doFilter(FilterChainProxy.java:374) ~[spring-security-web-6.2.0.jar:6.2.0]
	at org.springframework.security.web.session.DisableEncodeUrlFilter.doFilterInternal(DisableEncodeUrlFilter.java:42) ~[spring-security-web-6.2.0.jar:6.2.0]
	at org.springframework.web.filter.OncePerRequestFilter.doFilter(OncePerRequestFilter.java:116) ~[spring-web-6.1.1.jar:6.1.1]
	at org.springframework.security.web.FilterChainProxy$VirtualFilterChain.doFilter(FilterChainProxy.java:374) ~[spring-security-web-6.2.0.jar:6.2.0]
	at org.springframework.security.web.FilterChainProxy.doFilterInternal(FilterChainProxy.java:233) ~[spring-security-web-6.2.0.jar:6.2.0]
	at org.springframework.security.web.FilterChainProxy.doFilter(FilterChainProxy.java:191) ~[spring-security-web-6.2.0.jar:6.2.0]
	at org.springframework.web.filter.DelegatingFilterProxy.invokeDelegate(DelegatingFilterProxy.java:352) ~[spring-web-6.1.1.jar:6.1.1]
	at org.springframework.web.filter.DelegatingFilterProxy.doFilter(DelegatingFilterProxy.java:268) ~[spring-web-6.1.1.jar:6.1.1]
	at org.apache.catalina.core.ApplicationFilterChain.internalDoFilter(ApplicationFilterChain.java:174) ~[tomcat-embed-core-10.1.16.jar:10.1.16]
	at org.apache.catalina.core.ApplicationFilterChain.doFilter(ApplicationFilterChain.java:149) ~[tomcat-embed-core-10.1.16.jar:10.1.16]
	at org.springframework.web.filter.RequestContextFilter.doFilterInternal(RequestContextFilter.java:100) ~[spring-web-6.1.1.jar:6.1.1]
	at org.springframework.web.filter.OncePerRequestFilter.doFilter(OncePerRequestFilter.java:116) ~[spring-web-6.1.1.jar:6.1.1]
	at org.apache.catalina.core.ApplicationFilterChain.internalDoFilter(ApplicationFilterChain.java:174) ~[tomcat-embed-core-10.1.16.jar:10.1.16]
	at org.apache.catalina.core.ApplicationFilterChain.doFilter(ApplicationFilterChain.java:149) ~[tomcat-embed-core-10.1.16.jar:10.1.16]
	at org.springframework.web.filter.FormContentFilter.doFilterInternal(FormContentFilter.java:93) ~[spring-web-6.1.1.jar:6.1.1]
	at org.springframework.web.filter.OncePerRequestFilter.doFilter(OncePerRequestFilter.java:116) ~[spring-web-6.1.1.jar:6.1.1]
	at org.apache.catalina.core.ApplicationFilterChain.internalDoFilter(ApplicationFilterChain.java:174) ~[tomcat-embed-core-10.1.16.jar:10.1.16]
	at org.apache.catalina.core.ApplicationFilterChain.doFilter(ApplicationFilterChain.java:149) ~[tomcat-embed-core-10.1.16.jar:10.1.16]
	at org.springframework.web.filter.CharacterEncodingFilter.doFilterInternal(CharacterEncodingFilter.java:201) ~[spring-web-6.1.1.jar:6.1.1]
	at org.springframework.web.filter.OncePerRequestFilter.doFilter(OncePerRequestFilter.java:116) ~[spring-web-6.1.1.jar:6.1.1]
	at org.apache.catalina.core.ApplicationFilterChain.internalDoFilter(ApplicationFilterChain.java:174) ~[tomcat-embed-core-10.1.16.jar:10.1.16]
	at org.apache.catalina.core.ApplicationFilterChain.doFilter(ApplicationFilterChain.java:149) ~[tomcat-embed-core-10.1.16.jar:10.1.16]
	at org.apache.catalina.core.StandardWrapperValve.invoke(StandardWrapperValve.java:167) ~[tomcat-embed-core-10.1.16.jar:10.1.16]
	at org.apache.catalina.core.StandardContextValve.invoke(StandardContextValve.java:90) ~[tomcat-embed-core-10.1.16.jar:10.1.16]
	at org.apache.catalina.authenticator.AuthenticatorBase.invoke(AuthenticatorBase.java:482) ~[tomcat-embed-core-10.1.16.jar:10.1.16]
	at org.apache.catalina.core.StandardHostValve.invoke(StandardHostValve.java:115) ~[tomcat-embed-core-10.1.16.jar:10.1.16]
	at org.apache.catalina.valves.ErrorReportValve.invoke(ErrorReportValve.java:93) ~[tomcat-embed-core-10.1.16.jar:10.1.16]
	at org.apache.catalina.core.StandardEngineValve.invoke(StandardEngineValve.java:74) ~[tomcat-embed-core-10.1.16.jar:10.1.16]
	at org.apache.catalina.connector.CoyoteAdapter.service(CoyoteAdapter.java:340) ~[tomcat-embed-core-10.1.16.jar:10.1.16]
	at org.apache.coyote.http11.Http11Processor.service(Http11Processor.java:391) ~[tomcat-embed-core-10.1.16.jar:10.1.16]
	at org.apache.coyote.AbstractProcessorLight.process(AbstractProcessorLight.java:63) ~[tomcat-embed-core-10.1.16.jar:10.1.16]
	at org.apache.coyote.AbstractProtocol$ConnectionHandler.process(AbstractProtocol.java:896) ~[tomcat-embed-core-10.1.16.jar:10.1.16]
	at org.apache.tomcat.util.net.NioEndpoint$SocketProcessor.doRun(NioEndpoint.java:1744) ~[tomcat-embed-core-10.1.16.jar:10.1.16]
	at org.apache.tomcat.util.net.SocketProcessorBase.run(SocketProcessorBase.java:52) ~[tomcat-embed-core-10.1.16.jar:10.1.16]
	at org.apache.tomcat.util.threads.ThreadPoolExecutor.runWorker(ThreadPoolExecutor.java:1191) ~[tomcat-embed-core-10.1.16.jar:10.1.16]
	at org.apache.tomcat.util.threads.ThreadPoolExecutor$Worker.run(ThreadPoolExecutor.java:659) ~[tomcat-embed-core-10.1.16.jar:10.1.16]
	at org.apache.tomcat.util.threads.TaskThread$WrappingRunnable.run(TaskThread.java:61) ~[tomcat-embed-core-10.1.16.jar:10.1.16]
	at java.base/java.lang.Thread.run(Thread.java:842) ~[na:na]

2026-05-23T01:03:56.221+01:00  INFO 42639 --- [org.springframework.amqp.rabbit.RabbitListenerEndpointContainer#0-2] o.s.a.r.l.SimpleMessageListenerContainer : Waiting for workers to finish.
2026-05-23T01:03:56.223+01:00  INFO 42639 --- [org.springframework.amqp.rabbit.RabbitListenerEndpointContainer#1-2] o.s.a.r.l.SimpleMessageListenerContainer : Waiting for workers to finish.
2026-05-23T01:03:56.226+01:00  INFO 42639 --- [org.springframework.amqp.rabbit.RabbitListenerEndpointContainer#2-2] o.s.a.r.l.SimpleMessageListenerContainer : Waiting for workers to finish.
2026-05-23T01:03:56.269+01:00  INFO 42639 --- [org.springframework.amqp.rabbit.RabbitListenerEndpointContainer#3-2] o.s.a.r.l.SimpleMessageListenerContainer : Waiting for workers to finish.
2026-05-23T01:03:56.960+01:00  INFO 42639 --- [org.springframework.amqp.rabbit.RabbitListenerEndpointContainer#0-2] o.s.a.r.l.SimpleMessageListenerContainer : Successfully waited for workers to finish.
2026-05-23T01:03:57.078+01:00  INFO 42639 --- [org.springframework.amqp.rabbit.RabbitListenerEndpointContainer#1-2] o.s.a.r.l.SimpleMessageListenerContainer : Successfully waited for workers to finish.
2026-05-23T01:03:57.158+01:00  INFO 42639 --- [org.springframework.amqp.rabbit.RabbitListenerEndpointContainer#3-2] o.s.a.r.l.SimpleMessageListenerContainer : Successfully waited for workers to finish.
2026-05-23T01:03:57.158+01:00  INFO 42639 --- [org.springframework.amqp.rabbit.RabbitListenerEndpointContainer#2-2] o.s.a.r.l.SimpleMessageListenerContainer : Successfully waited for workers to finish.
2026-05-23T01:03:59.334+01:00  INFO 42639 --- [SpringApplicationShutdownHook] j.LocalContainerEntityManagerFactoryBean : Closing JPA EntityManagerFactory for persistence unit 'default'
2026-05-23T01:03:59.348+01:00  INFO 42639 --- [SpringApplicationShutdownHook] com.zaxxer.hikari.HikariDataSource       : HikariPool-1 - Shutdown initiated...
2026-05-23T01:03:59.371+01:00  INFO 42639 --- [SpringApplicationShutdownHook] com.zaxxer.hikari.HikariDataSource       : HikariPool-1 - Shutdown completed.
2026-05-23T01:04:07.116+01:00  INFO 43616 --- [main] com.middleware.KoinsApplication          : Starting KoinsApplication using Java 17.0.11 with PID 43616 (/Users/gamp/Downloads/koins/target/classes started by gamp in /Users/gamp/Downloads/koins)
2026-05-23T01:04:07.122+01:00  INFO 43616 --- [main] com.middleware.KoinsApplication          : No active profile set, falling back to 1 default profile: "default"
2026-05-23T01:04:09.440+01:00  INFO 43616 --- [main] .s.d.r.c.RepositoryConfigurationDelegate : Bootstrapping Spring Data JPA repositories in DEFAULT mode.
2026-05-23T01:04:09.880+01:00  INFO 43616 --- [main] .s.d.r.c.RepositoryConfigurationDelegate : Finished Spring Data repository scanning in 420 ms. Found 6 JPA repository interfaces.
2026-05-23T01:04:11.541+01:00  INFO 43616 --- [main] o.s.b.w.embedded.tomcat.TomcatWebServer  : Tomcat initialized with port 8080 (http)
2026-05-23T01:04:11.557+01:00  INFO 43616 --- [main] o.apache.catalina.core.StandardService   : Starting service [Tomcat]
2026-05-23T01:04:11.558+01:00  INFO 43616 --- [main] o.apache.catalina.core.StandardEngine    : Starting Servlet engine: [Apache Tomcat/10.1.16]
2026-05-23T01:04:11.679+01:00  INFO 43616 --- [main] o.a.c.c.C.[Tomcat].[localhost].[/]       : Initializing Spring embedded WebApplicationContext
2026-05-23T01:04:11.680+01:00  INFO 43616 --- [main] w.s.c.ServletWebServerApplicationContext : Root WebApplicationContext: initialization completed in 4400 ms
2026-05-23T01:04:11.915+01:00  INFO 43616 --- [main] com.zaxxer.hikari.HikariDataSource       : HikariPool-1 - Starting...
2026-05-23T01:04:12.200+01:00  INFO 43616 --- [main] com.zaxxer.hikari.pool.HikariPool        : HikariPool-1 - Added connection com.mysql.cj.jdbc.ConnectionImpl@6c6c2a73
2026-05-23T01:04:12.203+01:00  INFO 43616 --- [main] com.zaxxer.hikari.HikariDataSource       : HikariPool-1 - Start completed.
2026-05-23T01:04:12.410+01:00  INFO 43616 --- [main] o.f.c.internal.license.VersionPrinter    : Flyway Community Edition 9.22.3 by Redgate
2026-05-23T01:04:12.410+01:00  INFO 43616 --- [main] o.f.c.internal.license.VersionPrinter    : See release notes here: https://rd.gt/416ObMi
2026-05-23T01:04:12.410+01:00  INFO 43616 --- [main] o.f.c.internal.license.VersionPrinter    : 
2026-05-23T01:04:12.431+01:00  INFO 43616 --- [main] o.f.c.i.resource.ResourceNameValidator   : 1 SQL migrations were detected but not run because they did not follow the filename convention.
2026-05-23T01:04:12.432+01:00  INFO 43616 --- [main] o.f.c.i.resource.ResourceNameValidator   : Set 'validateMigrationNaming' to true to fail fast and see a list of the invalid file names.
2026-05-23T01:04:12.460+01:00  INFO 43616 --- [main] org.flywaydb.core.FlywayExecutor         : Database: jdbc:mysql://localhost:3306/koins_db (MySQL 8.0)
2026-05-23T01:04:12.595+01:00  INFO 43616 --- [main] o.f.core.internal.command.DbValidate     : Successfully validated 2 migrations (execution time 00:00.062s)
2026-05-23T01:04:12.626+01:00  INFO 43616 --- [main] o.f.core.internal.command.DbMigrate      : Current version of schema `koins_db`: 2
2026-05-23T01:04:12.633+01:00  INFO 43616 --- [main] o.f.core.internal.command.DbMigrate      : Schema `koins_db` is up to date. No migration necessary.
2026-05-23T01:04:12.842+01:00  INFO 43616 --- [main] o.hibernate.jpa.internal.util.LogHelper  : HHH000204: Processing PersistenceUnitInfo [name: default]
2026-05-23T01:04:12.965+01:00  INFO 43616 --- [main] org.hibernate.Version                    : HHH000412: Hibernate ORM core version 6.3.1.Final
2026-05-23T01:04:13.039+01:00  INFO 43616 --- [main] o.h.c.internal.RegionFactoryInitiator    : HHH000026: Second-level cache disabled
2026-05-23T01:04:13.492+01:00  INFO 43616 --- [main] o.s.o.j.p.SpringPersistenceUnitInfo      : No LoadTimeWeaver setup: ignoring JPA class transformer
2026-05-23T01:04:13.584+01:00  WARN 43616 --- [main] org.hibernate.orm.deprecation            : HHH90000025: MySQL8Dialect does not need to be specified explicitly using 'hibernate.dialect' (remove the property setting and it will be selected by default)
2026-05-23T01:04:13.585+01:00  WARN 43616 --- [main] org.hibernate.orm.deprecation            : HHH90000026: MySQL8Dialect has been deprecated; use org.hibernate.dialect.MySQLDialect instead
2026-05-23T01:04:13.623+01:00  WARN 43616 --- [main] org.hibernate.orm.incubating             : HHH90006001: Encountered incubating setting [hibernate.type.preferred_uuid_jdbc_type].  See javadoc on corresponding `org.hibernate.cfg.AvailableSettings` constant for details.
2026-05-23T01:04:14.149+01:00  WARN 43616 --- [main] org.hibernate.orm.incubating             : HHH90006001: Encountered incubating setting [hibernate.type.preferred_uuid_jdbc_type].  See javadoc on corresponding `org.hibernate.cfg.AvailableSettings` constant for details.
2026-05-23T01:04:15.557+01:00  INFO 43616 --- [main] o.h.e.t.j.p.i.JtaPlatformInitiator       : HHH000489: No JTA platform available (set 'hibernate.transaction.jta.platform' to enable JTA platform integration)
2026-05-23T01:04:15.629+01:00  INFO 43616 --- [main] j.LocalContainerEntityManagerFactoryBean : Initialized JPA EntityManagerFactory for persistence unit 'default'
2026-05-23T01:04:16.369+01:00  INFO 43616 --- [main] o.s.d.j.r.query.QueryEnhancerFactory     : Hibernate is in classpath; If applicable, HQL parser will be used.
2026-05-23T01:04:20.080+01:00  INFO 43616 --- [main] o.s.b.w.embedded.tomcat.TomcatWebServer  : Tomcat started on port 8080 (http) with context path ''
2026-05-23T01:04:20.088+01:00  INFO 43616 --- [main] o.s.a.r.c.CachingConnectionFactory       : Attempting to connect to: [localhost:5672]
2026-05-23T01:04:20.191+01:00  INFO 43616 --- [main] o.s.a.r.c.CachingConnectionFactory       : Created new connection: rabbitConnectionFactory#7eeabaf3:0/SimpleConnection@221ec884 [delegate=amqp://guest@127.0.0.1:5672/, localPort=55822]
2026-05-23T01:04:20.358+01:00  INFO 43616 --- [main] com.middleware.KoinsApplication          : Started KoinsApplication in 14.482 seconds (process running for 15.632)
2026-05-23T01:04:20.570+01:00  INFO 43616 --- [main] c.m.service.impl.WalletServiceImpl       : Wallet hashes repaired successfully
2026-05-23T01:04:32.038+01:00  INFO 43616 --- [http-nio-8080-exec-1] o.a.c.c.C.[Tomcat].[localhost].[/]       : Initializing Spring DispatcherServlet 'dispatcherServlet'
2026-05-23T01:04:32.041+01:00  INFO 43616 --- [http-nio-8080-exec-1] o.s.web.servlet.DispatcherServlet        : Initializing Servlet 'dispatcherServlet'
2026-05-23T01:04:32.044+01:00  INFO 43616 --- [http-nio-8080-exec-1] o.s.web.servlet.DispatcherServlet        : Completed initialization in 3 ms
2026-05-23T01:04:32.075+01:00  WARN 43616 --- [http-nio-8080-exec-1] o.s.w.s.h.HandlerMappingIntrospector     : Cache miss for REQUEST dispatch to '/api/v1/wallet/verify-payment' (previous null). Performing CorsConfiguration lookup. This is logged once only at WARN level, and every time at TRACE.
2026-05-23T01:04:32.614+01:00  WARN 43616 --- [http-nio-8080-exec-1] o.s.w.s.h.HandlerMappingIntrospector     : Cache miss for REQUEST dispatch to '/api/v1/wallet/verify-payment' (previous null). Performing MatchableHandlerMapping lookup. This is logged once only at WARN level, and every time at TRACE.
2026-05-23T01:04:33.032+01:00  INFO 43616 --- [http-nio-8080-exec-1] c.m.service.impl.WalletServiceImpl       : Manually verifying payment
2026-05-23T01:04:37.107+01:00  INFO 43616 --- [http-nio-8080-exec-1] c.m.messaging.NotificationPublisher      : Published payment confirmation: event=WALLET_FUNDED, ref=FUND-20260523005101-D345E37E, user=lame17@mytempmail.org
2026-05-23T01:04:37.729+01:00  INFO 43616 --- [org.springframework.amqp.rabbit.RabbitListenerEndpointContainer#0-1] c.m.messaging.NotificationConsumer       : Consuming payment confirmation: event=WALLET_FUNDED, ref=FUND-20260523005101-D345E37E
2026-05-23T01:04:37.731+01:00  INFO 43616 --- [org.springframework.amqp.rabbit.RabbitListenerEndpointContainer#0-1] c.m.messaging.NotificationConsumer       : Wallet funded for user=lame17@mytempmail.org, amount=50000.00 NGN
2026-05-23T01:04:46.937+01:00  INFO 43616 --- [koins-async-1] c.m.service.impl.EmailServiceImpl        : Email sent to: lame17@mytempmail.org
2026-05-23T01:05:50.403+01:00 ERROR 43616 --- [http-nio-8080-exec-5] c.m.exception.GlobalExceptionHandler     : Unexpected error: 

org.springframework.web.servlet.resource.NoResourceFoundException: No static resource api/v1/wallet/transacions.
	at org.springframework.web.servlet.resource.ResourceHttpRequestHandler.handleRequest(ResourceHttpRequestHandler.java:585) ~[spring-webmvc-6.1.1.jar:6.1.1]
	at org.springframework.web.servlet.mvc.HttpRequestHandlerAdapter.handle(HttpRequestHandlerAdapter.java:52) ~[spring-webmvc-6.1.1.jar:6.1.1]
	at org.springframework.web.servlet.DispatcherServlet.doDispatch(DispatcherServlet.java:1089) ~[spring-webmvc-6.1.1.jar:6.1.1]
	at org.springframework.web.servlet.DispatcherServlet.doService(DispatcherServlet.java:979) ~[spring-webmvc-6.1.1.jar:6.1.1]
	at org.springframework.web.servlet.FrameworkServlet.processRequest(FrameworkServlet.java:1014) ~[spring-webmvc-6.1.1.jar:6.1.1]
	at org.springframework.web.servlet.FrameworkServlet.doGet(FrameworkServlet.java:903) ~[spring-webmvc-6.1.1.jar:6.1.1]
	at jakarta.servlet.http.HttpServlet.service(HttpServlet.java:564) ~[tomcat-embed-core-10.1.16.jar:6.0]
	at org.springframework.web.servlet.FrameworkServlet.service(FrameworkServlet.java:885) ~[spring-webmvc-6.1.1.jar:6.1.1]
	at jakarta.servlet.http.HttpServlet.service(HttpServlet.java:658) ~[tomcat-embed-core-10.1.16.jar:6.0]
	at org.apache.catalina.core.ApplicationFilterChain.internalDoFilter(ApplicationFilterChain.java:205) ~[tomcat-embed-core-10.1.16.jar:10.1.16]
	at org.apache.catalina.core.ApplicationFilterChain.doFilter(ApplicationFilterChain.java:149) ~[tomcat-embed-core-10.1.16.jar:10.1.16]
	at org.apache.tomcat.websocket.server.WsFilter.doFilter(WsFilter.java:51) ~[tomcat-embed-websocket-10.1.16.jar:10.1.16]
	at org.apache.catalina.core.ApplicationFilterChain.internalDoFilter(ApplicationFilterChain.java:174) ~[tomcat-embed-core-10.1.16.jar:10.1.16]
	at org.apache.catalina.core.ApplicationFilterChain.doFilter(ApplicationFilterChain.java:149) ~[tomcat-embed-core-10.1.16.jar:10.1.16]
	at org.springframework.web.filter.OncePerRequestFilter.doFilter(OncePerRequestFilter.java:110) ~[spring-web-6.1.1.jar:6.1.1]
	at org.apache.catalina.core.ApplicationFilterChain.internalDoFilter(ApplicationFilterChain.java:174) ~[tomcat-embed-core-10.1.16.jar:10.1.16]
	at org.apache.catalina.core.ApplicationFilterChain.doFilter(ApplicationFilterChain.java:149) ~[tomcat-embed-core-10.1.16.jar:10.1.16]
	at org.springframework.security.web.FilterChainProxy.lambda$doFilterInternal$3(FilterChainProxy.java:231) ~[spring-security-web-6.2.0.jar:6.2.0]
	at org.springframework.security.web.FilterChainProxy$VirtualFilterChain.doFilter(FilterChainProxy.java:365) ~[spring-security-web-6.2.0.jar:6.2.0]
	at org.springframework.security.web.access.intercept.AuthorizationFilter.doFilter(AuthorizationFilter.java:100) ~[spring-security-web-6.2.0.jar:6.2.0]
	at org.springframework.security.web.FilterChainProxy$VirtualFilterChain.doFilter(FilterChainProxy.java:374) ~[spring-security-web-6.2.0.jar:6.2.0]
	at org.springframework.security.web.access.ExceptionTranslationFilter.doFilter(ExceptionTranslationFilter.java:126) ~[spring-security-web-6.2.0.jar:6.2.0]
	at org.springframework.security.web.access.ExceptionTranslationFilter.doFilter(ExceptionTranslationFilter.java:120) ~[spring-security-web-6.2.0.jar:6.2.0]
	at org.springframework.security.web.FilterChainProxy$VirtualFilterChain.doFilter(FilterChainProxy.java:374) ~[spring-security-web-6.2.0.jar:6.2.0]
	at org.springframework.security.web.session.SessionManagementFilter.doFilter(SessionManagementFilter.java:131) ~[spring-security-web-6.2.0.jar:6.2.0]
	at org.springframework.security.web.session.SessionManagementFilter.doFilter(SessionManagementFilter.java:85) ~[spring-security-web-6.2.0.jar:6.2.0]
	at org.springframework.security.web.FilterChainProxy$VirtualFilterChain.doFilter(FilterChainProxy.java:374) ~[spring-security-web-6.2.0.jar:6.2.0]
	at org.springframework.security.web.authentication.AnonymousAuthenticationFilter.doFilter(AnonymousAuthenticationFilter.java:100) ~[spring-security-web-6.2.0.jar:6.2.0]
	at org.springframework.security.web.FilterChainProxy$VirtualFilterChain.doFilter(FilterChainProxy.java:374) ~[spring-security-web-6.2.0.jar:6.2.0]
	at org.springframework.security.web.servletapi.SecurityContextHolderAwareRequestFilter.doFilter(SecurityContextHolderAwareRequestFilter.java:179) ~[spring-security-web-6.2.0.jar:6.2.0]
	at org.springframework.security.web.FilterChainProxy$VirtualFilterChain.doFilter(FilterChainProxy.java:374) ~[spring-security-web-6.2.0.jar:6.2.0]
	at org.springframework.security.web.savedrequest.RequestCacheAwareFilter.doFilter(RequestCacheAwareFilter.java:63) ~[spring-security-web-6.2.0.jar:6.2.0]
	at org.springframework.security.web.FilterChainProxy$VirtualFilterChain.doFilter(FilterChainProxy.java:374) ~[spring-security-web-6.2.0.jar:6.2.0]
	at com.middleware.security.JwtAuthenticationFilter.doFilterInternal(JwtAuthenticationFilter.java:53) ~[classes/:na]
	at org.springframework.web.filter.OncePerRequestFilter.doFilter(OncePerRequestFilter.java:116) ~[spring-web-6.1.1.jar:6.1.1]
	at org.springframework.security.web.FilterChainProxy$VirtualFilterChain.doFilter(FilterChainProxy.java:374) ~[spring-security-web-6.2.0.jar:6.2.0]
	at org.springframework.security.web.authentication.logout.LogoutFilter.doFilter(LogoutFilter.java:107) ~[spring-security-web-6.2.0.jar:6.2.0]
	at org.springframework.security.web.authentication.logout.LogoutFilter.doFilter(LogoutFilter.java:93) ~[spring-security-web-6.2.0.jar:6.2.0]
	at org.springframework.security.web.FilterChainProxy$VirtualFilterChain.doFilter(FilterChainProxy.java:374) ~[spring-security-web-6.2.0.jar:6.2.0]
	at org.springframework.web.filter.CorsFilter.doFilterInternal(CorsFilter.java:91) ~[spring-web-6.1.1.jar:6.1.1]
	at org.springframework.web.filter.OncePerRequestFilter.doFilter(OncePerRequestFilter.java:116) ~[spring-web-6.1.1.jar:6.1.1]
	at org.springframework.security.web.FilterChainProxy$VirtualFilterChain.doFilter(FilterChainProxy.java:374) ~[spring-security-web-6.2.0.jar:6.2.0]
	at org.springframework.security.web.header.HeaderWriterFilter.doHeadersAfter(HeaderWriterFilter.java:90) ~[spring-security-web-6.2.0.jar:6.2.0]
	at org.springframework.security.web.header.HeaderWriterFilter.doFilterInternal(HeaderWriterFilter.java:75) ~[spring-security-web-6.2.0.jar:6.2.0]
	at org.springframework.web.filter.OncePerRequestFilter.doFilter(OncePerRequestFilter.java:116) ~[spring-web-6.1.1.jar:6.1.1]
	at org.springframework.security.web.FilterChainProxy$VirtualFilterChain.doFilter(FilterChainProxy.java:374) ~[spring-security-web-6.2.0.jar:6.2.0]
	at org.springframework.security.web.context.SecurityContextHolderFilter.doFilter(SecurityContextHolderFilter.java:82) ~[spring-security-web-6.2.0.jar:6.2.0]
	at org.springframework.security.web.context.SecurityContextHolderFilter.doFilter(SecurityContextHolderFilter.java:69) ~[spring-security-web-6.2.0.jar:6.2.0]
	at org.springframework.security.web.FilterChainProxy$VirtualFilterChain.doFilter(FilterChainProxy.java:374) ~[spring-security-web-6.2.0.jar:6.2.0]
	at org.springframework.security.web.context.request.async.WebAsyncManagerIntegrationFilter.doFilterInternal(WebAsyncManagerIntegrationFilter.java:62) ~[spring-security-web-6.2.0.jar:6.2.0]
	at org.springframework.web.filter.OncePerRequestFilter.doFilter(OncePerRequestFilter.java:116) ~[spring-web-6.1.1.jar:6.1.1]
	at org.springframework.security.web.FilterChainProxy$VirtualFilterChain.doFilter(FilterChainProxy.java:374) ~[spring-security-web-6.2.0.jar:6.2.0]
	at org.springframework.security.web.session.DisableEncodeUrlFilter.doFilterInternal(DisableEncodeUrlFilter.java:42) ~[spring-security-web-6.2.0.jar:6.2.0]
	at org.springframework.web.filter.OncePerRequestFilter.doFilter(OncePerRequestFilter.java:116) ~[spring-web-6.1.1.jar:6.1.1]
	at org.springframework.security.web.FilterChainProxy$VirtualFilterChain.doFilter(FilterChainProxy.java:374) ~[spring-security-web-6.2.0.jar:6.2.0]
	at org.springframework.security.web.FilterChainProxy.doFilterInternal(FilterChainProxy.java:233) ~[spring-security-web-6.2.0.jar:6.2.0]
	at org.springframework.security.web.FilterChainProxy.doFilter(FilterChainProxy.java:191) ~[spring-security-web-6.2.0.jar:6.2.0]
	at org.springframework.web.filter.DelegatingFilterProxy.invokeDelegate(DelegatingFilterProxy.java:352) ~[spring-web-6.1.1.jar:6.1.1]
	at org.springframework.web.filter.DelegatingFilterProxy.doFilter(DelegatingFilterProxy.java:268) ~[spring-web-6.1.1.jar:6.1.1]
	at org.apache.catalina.core.ApplicationFilterChain.internalDoFilter(ApplicationFilterChain.java:174) ~[tomcat-embed-core-10.1.16.jar:10.1.16]
	at org.apache.catalina.core.ApplicationFilterChain.doFilter(ApplicationFilterChain.java:149) ~[tomcat-embed-core-10.1.16.jar:10.1.16]
	at org.springframework.web.filter.RequestContextFilter.doFilterInternal(RequestContextFilter.java:100) ~[spring-web-6.1.1.jar:6.1.1]
	at org.springframework.web.filter.OncePerRequestFilter.doFilter(OncePerRequestFilter.java:116) ~[spring-web-6.1.1.jar:6.1.1]
	at org.apache.catalina.core.ApplicationFilterChain.internalDoFilter(ApplicationFilterChain.java:174) ~[tomcat-embed-core-10.1.16.jar:10.1.16]
	at org.apache.catalina.core.ApplicationFilterChain.doFilter(ApplicationFilterChain.java:149) ~[tomcat-embed-core-10.1.16.jar:10.1.16]
	at org.springframework.web.filter.FormContentFilter.doFilterInternal(FormContentFilter.java:93) ~[spring-web-6.1.1.jar:6.1.1]
	at org.springframework.web.filter.OncePerRequestFilter.doFilter(OncePerRequestFilter.java:116) ~[spring-web-6.1.1.jar:6.1.1]
	at org.apache.catalina.core.ApplicationFilterChain.internalDoFilter(ApplicationFilterChain.java:174) ~[tomcat-embed-core-10.1.16.jar:10.1.16]
	at org.apache.catalina.core.ApplicationFilterChain.doFilter(ApplicationFilterChain.java:149) ~[tomcat-embed-core-10.1.16.jar:10.1.16]
	at org.springframework.web.filter.CharacterEncodingFilter.doFilterInternal(CharacterEncodingFilter.java:201) ~[spring-web-6.1.1.jar:6.1.1]
	at org.springframework.web.filter.OncePerRequestFilter.doFilter(OncePerRequestFilter.java:116) ~[spring-web-6.1.1.jar:6.1.1]
	at org.apache.catalina.core.ApplicationFilterChain.internalDoFilter(ApplicationFilterChain.java:174) ~[tomcat-embed-core-10.1.16.jar:10.1.16]
	at org.apache.catalina.core.ApplicationFilterChain.doFilter(ApplicationFilterChain.java:149) ~[tomcat-embed-core-10.1.16.jar:10.1.16]
	at org.apache.catalina.core.StandardWrapperValve.invoke(StandardWrapperValve.java:167) ~[tomcat-embed-core-10.1.16.jar:10.1.16]
	at org.apache.catalina.core.StandardContextValve.invoke(StandardContextValve.java:90) ~[tomcat-embed-core-10.1.16.jar:10.1.16]
	at org.apache.catalina.authenticator.AuthenticatorBase.invoke(AuthenticatorBase.java:482) ~[tomcat-embed-core-10.1.16.jar:10.1.16]
	at org.apache.catalina.core.StandardHostValve.invoke(StandardHostValve.java:115) ~[tomcat-embed-core-10.1.16.jar:10.1.16]
	at org.apache.catalina.valves.ErrorReportValve.invoke(ErrorReportValve.java:93) ~[tomcat-embed-core-10.1.16.jar:10.1.16]
	at org.apache.catalina.core.StandardEngineValve.invoke(StandardEngineValve.java:74) ~[tomcat-embed-core-10.1.16.jar:10.1.16]
	at org.apache.catalina.connector.CoyoteAdapter.service(CoyoteAdapter.java:340) ~[tomcat-embed-core-10.1.16.jar:10.1.16]
	at org.apache.coyote.http11.Http11Processor.service(Http11Processor.java:391) ~[tomcat-embed-core-10.1.16.jar:10.1.16]
	at org.apache.coyote.AbstractProcessorLight.process(AbstractProcessorLight.java:63) ~[tomcat-embed-core-10.1.16.jar:10.1.16]
	at org.apache.coyote.AbstractProtocol$ConnectionHandler.process(AbstractProtocol.java:896) ~[tomcat-embed-core-10.1.16.jar:10.1.16]
	at org.apache.tomcat.util.net.NioEndpoint$SocketProcessor.doRun(NioEndpoint.java:1744) ~[tomcat-embed-core-10.1.16.jar:10.1.16]
	at org.apache.tomcat.util.net.SocketProcessorBase.run(SocketProcessorBase.java:52) ~[tomcat-embed-core-10.1.16.jar:10.1.16]
	at org.apache.tomcat.util.threads.ThreadPoolExecutor.runWorker(ThreadPoolExecutor.java:1191) ~[tomcat-embed-core-10.1.16.jar:10.1.16]
	at org.apache.tomcat.util.threads.ThreadPoolExecutor$Worker.run(ThreadPoolExecutor.java:659) ~[tomcat-embed-core-10.1.16.jar:10.1.16]
	at org.apache.tomcat.util.threads.TaskThread$WrappingRunnable.run(TaskThread.java:61) ~[tomcat-embed-core-10.1.16.jar:10.1.16]
	at java.base/java.lang.Thread.run(Thread.java:842) ~[na:na]

2026-05-23T01:06:57.552+01:00 ERROR 43616 --- [http-nio-8080-exec-8] c.m.exception.GlobalExceptionHandler     : Unexpected error: 

org.springframework.web.servlet.resource.NoResourceFoundException: No static resource api/v1/wallet/transacions.
	at org.springframework.web.servlet.resource.ResourceHttpRequestHandler.handleRequest(ResourceHttpRequestHandler.java:585) ~[spring-webmvc-6.1.1.jar:6.1.1]
	at org.springframework.web.servlet.mvc.HttpRequestHandlerAdapter.handle(HttpRequestHandlerAdapter.java:52) ~[spring-webmvc-6.1.1.jar:6.1.1]
	at org.springframework.web.servlet.DispatcherServlet.doDispatch(DispatcherServlet.java:1089) ~[spring-webmvc-6.1.1.jar:6.1.1]
	at org.springframework.web.servlet.DispatcherServlet.doService(DispatcherServlet.java:979) ~[spring-webmvc-6.1.1.jar:6.1.1]
	at org.springframework.web.servlet.FrameworkServlet.processRequest(FrameworkServlet.java:1014) ~[spring-webmvc-6.1.1.jar:6.1.1]
	at org.springframework.web.servlet.FrameworkServlet.doGet(FrameworkServlet.java:903) ~[spring-webmvc-6.1.1.jar:6.1.1]
	at jakarta.servlet.http.HttpServlet.service(HttpServlet.java:564) ~[tomcat-embed-core-10.1.16.jar:6.0]
	at org.springframework.web.servlet.FrameworkServlet.service(FrameworkServlet.java:885) ~[spring-webmvc-6.1.1.jar:6.1.1]
	at jakarta.servlet.http.HttpServlet.service(HttpServlet.java:658) ~[tomcat-embed-core-10.1.16.jar:6.0]
	at org.apache.catalina.core.ApplicationFilterChain.internalDoFilter(ApplicationFilterChain.java:205) ~[tomcat-embed-core-10.1.16.jar:10.1.16]
	at org.apache.catalina.core.ApplicationFilterChain.doFilter(ApplicationFilterChain.java:149) ~[tomcat-embed-core-10.1.16.jar:10.1.16]
	at org.apache.tomcat.websocket.server.WsFilter.doFilter(WsFilter.java:51) ~[tomcat-embed-websocket-10.1.16.jar:10.1.16]
	at org.apache.catalina.core.ApplicationFilterChain.internalDoFilter(ApplicationFilterChain.java:174) ~[tomcat-embed-core-10.1.16.jar:10.1.16]
	at org.apache.catalina.core.ApplicationFilterChain.doFilter(ApplicationFilterChain.java:149) ~[tomcat-embed-core-10.1.16.jar:10.1.16]
	at org.springframework.web.filter.OncePerRequestFilter.doFilter(OncePerRequestFilter.java:110) ~[spring-web-6.1.1.jar:6.1.1]
	at org.apache.catalina.core.ApplicationFilterChain.internalDoFilter(ApplicationFilterChain.java:174) ~[tomcat-embed-core-10.1.16.jar:10.1.16]
	at org.apache.catalina.core.ApplicationFilterChain.doFilter(ApplicationFilterChain.java:149) ~[tomcat-embed-core-10.1.16.jar:10.1.16]
	at org.springframework.security.web.FilterChainProxy.lambda$doFilterInternal$3(FilterChainProxy.java:231) ~[spring-security-web-6.2.0.jar:6.2.0]
	at org.springframework.security.web.FilterChainProxy$VirtualFilterChain.doFilter(FilterChainProxy.java:365) ~[spring-security-web-6.2.0.jar:6.2.0]
	at org.springframework.security.web.access.intercept.AuthorizationFilter.doFilter(AuthorizationFilter.java:100) ~[spring-security-web-6.2.0.jar:6.2.0]
	at org.springframework.security.web.FilterChainProxy$VirtualFilterChain.doFilter(FilterChainProxy.java:374) ~[spring-security-web-6.2.0.jar:6.2.0]
	at org.springframework.security.web.access.ExceptionTranslationFilter.doFilter(ExceptionTranslationFilter.java:126) ~[spring-security-web-6.2.0.jar:6.2.0]
	at org.springframework.security.web.access.ExceptionTranslationFilter.doFilter(ExceptionTranslationFilter.java:120) ~[spring-security-web-6.2.0.jar:6.2.0]
	at org.springframework.security.web.FilterChainProxy$VirtualFilterChain.doFilter(FilterChainProxy.java:374) ~[spring-security-web-6.2.0.jar:6.2.0]
	at org.springframework.security.web.session.SessionManagementFilter.doFilter(SessionManagementFilter.java:131) ~[spring-security-web-6.2.0.jar:6.2.0]
	at org.springframework.security.web.session.SessionManagementFilter.doFilter(SessionManagementFilter.java:85) ~[spring-security-web-6.2.0.jar:6.2.0]
	at org.springframework.security.web.FilterChainProxy$VirtualFilterChain.doFilter(FilterChainProxy.java:374) ~[spring-security-web-6.2.0.jar:6.2.0]
	at org.springframework.security.web.authentication.AnonymousAuthenticationFilter.doFilter(AnonymousAuthenticationFilter.java:100) ~[spring-security-web-6.2.0.jar:6.2.0]
	at org.springframework.security.web.FilterChainProxy$VirtualFilterChain.doFilter(FilterChainProxy.java:374) ~[spring-security-web-6.2.0.jar:6.2.0]
	at org.springframework.security.web.servletapi.SecurityContextHolderAwareRequestFilter.doFilter(SecurityContextHolderAwareRequestFilter.java:179) ~[spring-security-web-6.2.0.jar:6.2.0]
	at org.springframework.security.web.FilterChainProxy$VirtualFilterChain.doFilter(FilterChainProxy.java:374) ~[spring-security-web-6.2.0.jar:6.2.0]
	at org.springframework.security.web.savedrequest.RequestCacheAwareFilter.doFilter(RequestCacheAwareFilter.java:63) ~[spring-security-web-6.2.0.jar:6.2.0]
	at org.springframework.security.web.FilterChainProxy$VirtualFilterChain.doFilter(FilterChainProxy.java:374) ~[spring-security-web-6.2.0.jar:6.2.0]
	at com.middleware.security.JwtAuthenticationFilter.doFilterInternal(JwtAuthenticationFilter.java:53) ~[classes/:na]
	at org.springframework.web.filter.OncePerRequestFilter.doFilter(OncePerRequestFilter.java:116) ~[spring-web-6.1.1.jar:6.1.1]
	at org.springframework.security.web.FilterChainProxy$VirtualFilterChain.doFilter(FilterChainProxy.java:374) ~[spring-security-web-6.2.0.jar:6.2.0]
	at org.springframework.security.web.authentication.logout.LogoutFilter.doFilter(LogoutFilter.java:107) ~[spring-security-web-6.2.0.jar:6.2.0]
	at org.springframework.security.web.authentication.logout.LogoutFilter.doFilter(LogoutFilter.java:93) ~[spring-security-web-6.2.0.jar:6.2.0]
	at org.springframework.security.web.FilterChainProxy$VirtualFilterChain.doFilter(FilterChainProxy.java:374) ~[spring-security-web-6.2.0.jar:6.2.0]
	at org.springframework.web.filter.CorsFilter.doFilterInternal(CorsFilter.java:91) ~[spring-web-6.1.1.jar:6.1.1]
	at org.springframework.web.filter.OncePerRequestFilter.doFilter(OncePerRequestFilter.java:116) ~[spring-web-6.1.1.jar:6.1.1]
	at org.springframework.security.web.FilterChainProxy$VirtualFilterChain.doFilter(FilterChainProxy.java:374) ~[spring-security-web-6.2.0.jar:6.2.0]
	at org.springframework.security.web.header.HeaderWriterFilter.doHeadersAfter(HeaderWriterFilter.java:90) ~[spring-security-web-6.2.0.jar:6.2.0]
	at org.springframework.security.web.header.HeaderWriterFilter.doFilterInternal(HeaderWriterFilter.java:75) ~[spring-security-web-6.2.0.jar:6.2.0]
	at org.springframework.web.filter.OncePerRequestFilter.doFilter(OncePerRequestFilter.java:116) ~[spring-web-6.1.1.jar:6.1.1]
	at org.springframework.security.web.FilterChainProxy$VirtualFilterChain.doFilter(FilterChainProxy.java:374) ~[spring-security-web-6.2.0.jar:6.2.0]
	at org.springframework.security.web.context.SecurityContextHolderFilter.doFilter(SecurityContextHolderFilter.java:82) ~[spring-security-web-6.2.0.jar:6.2.0]
	at org.springframework.security.web.context.SecurityContextHolderFilter.doFilter(SecurityContextHolderFilter.java:69) ~[spring-security-web-6.2.0.jar:6.2.0]
	at org.springframework.security.web.FilterChainProxy$VirtualFilterChain.doFilter(FilterChainProxy.java:374) ~[spring-security-web-6.2.0.jar:6.2.0]
	at org.springframework.security.web.context.request.async.WebAsyncManagerIntegrationFilter.doFilterInternal(WebAsyncManagerIntegrationFilter.java:62) ~[spring-security-web-6.2.0.jar:6.2.0]
	at org.springframework.web.filter.OncePerRequestFilter.doFilter(OncePerRequestFilter.java:116) ~[spring-web-6.1.1.jar:6.1.1]
	at org.springframework.security.web.FilterChainProxy$VirtualFilterChain.doFilter(FilterChainProxy.java:374) ~[spring-security-web-6.2.0.jar:6.2.0]
	at org.springframework.security.web.session.DisableEncodeUrlFilter.doFilterInternal(DisableEncodeUrlFilter.java:42) ~[spring-security-web-6.2.0.jar:6.2.0]
	at org.springframework.web.filter.OncePerRequestFilter.doFilter(OncePerRequestFilter.java:116) ~[spring-web-6.1.1.jar:6.1.1]
	at org.springframework.security.web.FilterChainProxy$VirtualFilterChain.doFilter(FilterChainProxy.java:374) ~[spring-security-web-6.2.0.jar:6.2.0]
	at org.springframework.security.web.FilterChainProxy.doFilterInternal(FilterChainProxy.java:233) ~[spring-security-web-6.2.0.jar:6.2.0]
	at org.springframework.security.web.FilterChainProxy.doFilter(FilterChainProxy.java:191) ~[spring-security-web-6.2.0.jar:6.2.0]
	at org.springframework.web.filter.DelegatingFilterProxy.invokeDelegate(DelegatingFilterProxy.java:352) ~[spring-web-6.1.1.jar:6.1.1]
	at org.springframework.web.filter.DelegatingFilterProxy.doFilter(DelegatingFilterProxy.java:268) ~[spring-web-6.1.1.jar:6.1.1]
	at org.apache.catalina.core.ApplicationFilterChain.internalDoFilter(ApplicationFilterChain.java:174) ~[tomcat-embed-core-10.1.16.jar:10.1.16]
	at org.apache.catalina.core.ApplicationFilterChain.doFilter(ApplicationFilterChain.java:149) ~[tomcat-embed-core-10.1.16.jar:10.1.16]
	at org.springframework.web.filter.RequestContextFilter.doFilterInternal(RequestContextFilter.java:100) ~[spring-web-6.1.1.jar:6.1.1]
	at org.springframework.web.filter.OncePerRequestFilter.doFilter(OncePerRequestFilter.java:116) ~[spring-web-6.1.1.jar:6.1.1]
	at org.apache.catalina.core.ApplicationFilterChain.internalDoFilter(ApplicationFilterChain.java:174) ~[tomcat-embed-core-10.1.16.jar:10.1.16]
	at org.apache.catalina.core.ApplicationFilterChain.doFilter(ApplicationFilterChain.java:149) ~[tomcat-embed-core-10.1.16.jar:10.1.16]
	at org.springframework.web.filter.FormContentFilter.doFilterInternal(FormContentFilter.java:93) ~[spring-web-6.1.1.jar:6.1.1]
	at org.springframework.web.filter.OncePerRequestFilter.doFilter(OncePerRequestFilter.java:116) ~[spring-web-6.1.1.jar:6.1.1]
	at org.apache.catalina.core.ApplicationFilterChain.internalDoFilter(ApplicationFilterChain.java:174) ~[tomcat-embed-core-10.1.16.jar:10.1.16]
	at org.apache.catalina.core.ApplicationFilterChain.doFilter(ApplicationFilterChain.java:149) ~[tomcat-embed-core-10.1.16.jar:10.1.16]
	at org.springframework.web.filter.CharacterEncodingFilter.doFilterInternal(CharacterEncodingFilter.java:201) ~[spring-web-6.1.1.jar:6.1.1]
	at org.springframework.web.filter.OncePerRequestFilter.doFilter(OncePerRequestFilter.java:116) ~[spring-web-6.1.1.jar:6.1.1]
	at org.apache.catalina.core.ApplicationFilterChain.internalDoFilter(ApplicationFilterChain.java:174) ~[tomcat-embed-core-10.1.16.jar:10.1.16]
	at org.apache.catalina.core.ApplicationFilterChain.doFilter(ApplicationFilterChain.java:149) ~[tomcat-embed-core-10.1.16.jar:10.1.16]
	at org.apache.catalina.core.StandardWrapperValve.invoke(StandardWrapperValve.java:167) ~[tomcat-embed-core-10.1.16.jar:10.1.16]
	at org.apache.catalina.core.StandardContextValve.invoke(StandardContextValve.java:90) ~[tomcat-embed-core-10.1.16.jar:10.1.16]
	at org.apache.catalina.authenticator.AuthenticatorBase.invoke(AuthenticatorBase.java:482) ~[tomcat-embed-core-10.1.16.jar:10.1.16]
	at org.apache.catalina.core.StandardHostValve.invoke(StandardHostValve.java:115) ~[tomcat-embed-core-10.1.16.jar:10.1.16]
	at org.apache.catalina.valves.ErrorReportValve.invoke(ErrorReportValve.java:93) ~[tomcat-embed-core-10.1.16.jar:10.1.16]
	at org.apache.catalina.core.StandardEngineValve.invoke(StandardEngineValve.java:74) ~[tomcat-embed-core-10.1.16.jar:10.1.16]
	at org.apache.catalina.connector.CoyoteAdapter.service(CoyoteAdapter.java:340) ~[tomcat-embed-core-10.1.16.jar:10.1.16]
	at org.apache.coyote.http11.Http11Processor.service(Http11Processor.java:391) ~[tomcat-embed-core-10.1.16.jar:10.1.16]
	at org.apache.coyote.AbstractProcessorLight.process(AbstractProcessorLight.java:63) ~[tomcat-embed-core-10.1.16.jar:10.1.16]
	at org.apache.coyote.AbstractProtocol$ConnectionHandler.process(AbstractProtocol.java:896) ~[tomcat-embed-core-10.1.16.jar:10.1.16]
	at org.apache.tomcat.util.net.NioEndpoint$SocketProcessor.doRun(NioEndpoint.java:1744) ~[tomcat-embed-core-10.1.16.jar:10.1.16]
	at org.apache.tomcat.util.net.SocketProcessorBase.run(SocketProcessorBase.java:52) ~[tomcat-embed-core-10.1.16.jar:10.1.16]
	at org.apache.tomcat.util.threads.ThreadPoolExecutor.runWorker(ThreadPoolExecutor.java:1191) ~[tomcat-embed-core-10.1.16.jar:10.1.16]
	at org.apache.tomcat.util.threads.ThreadPoolExecutor$Worker.run(ThreadPoolExecutor.java:659) ~[tomcat-embed-core-10.1.16.jar:10.1.16]
	at org.apache.tomcat.util.threads.TaskThread$WrappingRunnable.run(TaskThread.java:61) ~[tomcat-embed-core-10.1.16.jar:10.1.16]
	at java.base/java.lang.Thread.run(Thread.java:842) ~[na:na]

2026-05-23T01:08:02.421+01:00  INFO 43616 --- [http-nio-8080-exec-2] c.m.service.impl.WalletServiceImpl       : Payment initialized for user: lame17@mytempmail.org, ref: FUND-20260523010801-073E7962
2026-05-23T01:09:08.495+01:00 ERROR 43616 --- [http-nio-8080-exec-3] c.m.exception.GlobalExceptionHandler     : Unexpected error: 

org.springframework.web.HttpRequestMethodNotSupportedException: Request method 'GET' is not supported
	at org.springframework.web.servlet.mvc.method.RequestMappingInfoHandlerMapping.handleNoMatch(RequestMappingInfoHandlerMapping.java:265) ~[spring-webmvc-6.1.1.jar:6.1.1]
	at org.springframework.web.servlet.handler.AbstractHandlerMethodMapping.lookupHandlerMethod(AbstractHandlerMethodMapping.java:441) ~[spring-webmvc-6.1.1.jar:6.1.1]
	at org.springframework.web.servlet.handler.AbstractHandlerMethodMapping.getHandlerInternal(AbstractHandlerMethodMapping.java:382) ~[spring-webmvc-6.1.1.jar:6.1.1]
	at org.springframework.web.servlet.mvc.method.RequestMappingInfoHandlerMapping.getHandlerInternal(RequestMappingInfoHandlerMapping.java:126) ~[spring-webmvc-6.1.1.jar:6.1.1]
	at org.springframework.web.servlet.mvc.method.RequestMappingInfoHandlerMapping.getHandlerInternal(RequestMappingInfoHandlerMapping.java:68) ~[spring-webmvc-6.1.1.jar:6.1.1]
	at org.springframework.web.servlet.handler.AbstractHandlerMapping.getHandler(AbstractHandlerMapping.java:507) ~[spring-webmvc-6.1.1.jar:6.1.1]
	at org.springframework.web.servlet.DispatcherServlet.getHandler(DispatcherServlet.java:1283) ~[spring-webmvc-6.1.1.jar:6.1.1]
	at org.springframework.web.servlet.DispatcherServlet.doDispatch(DispatcherServlet.java:1065) ~[spring-webmvc-6.1.1.jar:6.1.1]
	at org.springframework.web.servlet.DispatcherServlet.doService(DispatcherServlet.java:979) ~[spring-webmvc-6.1.1.jar:6.1.1]
	at org.springframework.web.servlet.FrameworkServlet.processRequest(FrameworkServlet.java:1014) ~[spring-webmvc-6.1.1.jar:6.1.1]
	at org.springframework.web.servlet.FrameworkServlet.doGet(FrameworkServlet.java:903) ~[spring-webmvc-6.1.1.jar:6.1.1]
	at jakarta.servlet.http.HttpServlet.service(HttpServlet.java:564) ~[tomcat-embed-core-10.1.16.jar:6.0]
	at org.springframework.web.servlet.FrameworkServlet.service(FrameworkServlet.java:885) ~[spring-webmvc-6.1.1.jar:6.1.1]
	at jakarta.servlet.http.HttpServlet.service(HttpServlet.java:658) ~[tomcat-embed-core-10.1.16.jar:6.0]
	at org.apache.catalina.core.ApplicationFilterChain.internalDoFilter(ApplicationFilterChain.java:205) ~[tomcat-embed-core-10.1.16.jar:10.1.16]
	at org.apache.catalina.core.ApplicationFilterChain.doFilter(ApplicationFilterChain.java:149) ~[tomcat-embed-core-10.1.16.jar:10.1.16]
	at org.apache.tomcat.websocket.server.WsFilter.doFilter(WsFilter.java:51) ~[tomcat-embed-websocket-10.1.16.jar:10.1.16]
	at org.apache.catalina.core.ApplicationFilterChain.internalDoFilter(ApplicationFilterChain.java:174) ~[tomcat-embed-core-10.1.16.jar:10.1.16]
	at org.apache.catalina.core.ApplicationFilterChain.doFilter(ApplicationFilterChain.java:149) ~[tomcat-embed-core-10.1.16.jar:10.1.16]
	at org.springframework.web.filter.OncePerRequestFilter.doFilter(OncePerRequestFilter.java:110) ~[spring-web-6.1.1.jar:6.1.1]
	at org.apache.catalina.core.ApplicationFilterChain.internalDoFilter(ApplicationFilterChain.java:174) ~[tomcat-embed-core-10.1.16.jar:10.1.16]
	at org.apache.catalina.core.ApplicationFilterChain.doFilter(ApplicationFilterChain.java:149) ~[tomcat-embed-core-10.1.16.jar:10.1.16]
	at org.springframework.security.web.FilterChainProxy.lambda$doFilterInternal$3(FilterChainProxy.java:231) ~[spring-security-web-6.2.0.jar:6.2.0]
	at org.springframework.security.web.FilterChainProxy$VirtualFilterChain.doFilter(FilterChainProxy.java:365) ~[spring-security-web-6.2.0.jar:6.2.0]
	at org.springframework.security.web.access.intercept.AuthorizationFilter.doFilter(AuthorizationFilter.java:100) ~[spring-security-web-6.2.0.jar:6.2.0]
	at org.springframework.security.web.FilterChainProxy$VirtualFilterChain.doFilter(FilterChainProxy.java:374) ~[spring-security-web-6.2.0.jar:6.2.0]
	at org.springframework.security.web.access.ExceptionTranslationFilter.doFilter(ExceptionTranslationFilter.java:126) ~[spring-security-web-6.2.0.jar:6.2.0]
	at org.springframework.security.web.access.ExceptionTranslationFilter.doFilter(ExceptionTranslationFilter.java:120) ~[spring-security-web-6.2.0.jar:6.2.0]
	at org.springframework.security.web.FilterChainProxy$VirtualFilterChain.doFilter(FilterChainProxy.java:374) ~[spring-security-web-6.2.0.jar:6.2.0]
	at org.springframework.security.web.session.SessionManagementFilter.doFilter(SessionManagementFilter.java:131) ~[spring-security-web-6.2.0.jar:6.2.0]
	at org.springframework.security.web.session.SessionManagementFilter.doFilter(SessionManagementFilter.java:85) ~[spring-security-web-6.2.0.jar:6.2.0]
	at org.springframework.security.web.FilterChainProxy$VirtualFilterChain.doFilter(FilterChainProxy.java:374) ~[spring-security-web-6.2.0.jar:6.2.0]
	at org.springframework.security.web.authentication.AnonymousAuthenticationFilter.doFilter(AnonymousAuthenticationFilter.java:100) ~[spring-security-web-6.2.0.jar:6.2.0]
	at org.springframework.security.web.FilterChainProxy$VirtualFilterChain.doFilter(FilterChainProxy.java:374) ~[spring-security-web-6.2.0.jar:6.2.0]
	at org.springframework.security.web.servletapi.SecurityContextHolderAwareRequestFilter.doFilter(SecurityContextHolderAwareRequestFilter.java:179) ~[spring-security-web-6.2.0.jar:6.2.0]
	at org.springframework.security.web.FilterChainProxy$VirtualFilterChain.doFilter(FilterChainProxy.java:374) ~[spring-security-web-6.2.0.jar:6.2.0]
	at org.springframework.security.web.savedrequest.RequestCacheAwareFilter.doFilter(RequestCacheAwareFilter.java:63) ~[spring-security-web-6.2.0.jar:6.2.0]
	at org.springframework.security.web.FilterChainProxy$VirtualFilterChain.doFilter(FilterChainProxy.java:374) ~[spring-security-web-6.2.0.jar:6.2.0]
	at com.middleware.security.JwtAuthenticationFilter.doFilterInternal(JwtAuthenticationFilter.java:33) ~[classes/:na]
	at org.springframework.web.filter.OncePerRequestFilter.doFilter(OncePerRequestFilter.java:116) ~[spring-web-6.1.1.jar:6.1.1]
	at org.springframework.security.web.FilterChainProxy$VirtualFilterChain.doFilter(FilterChainProxy.java:374) ~[spring-security-web-6.2.0.jar:6.2.0]
	at org.springframework.security.web.authentication.logout.LogoutFilter.doFilter(LogoutFilter.java:107) ~[spring-security-web-6.2.0.jar:6.2.0]
	at org.springframework.security.web.authentication.logout.LogoutFilter.doFilter(LogoutFilter.java:93) ~[spring-security-web-6.2.0.jar:6.2.0]
	at org.springframework.security.web.FilterChainProxy$VirtualFilterChain.doFilter(FilterChainProxy.java:374) ~[spring-security-web-6.2.0.jar:6.2.0]
	at org.springframework.web.filter.CorsFilter.doFilterInternal(CorsFilter.java:91) ~[spring-web-6.1.1.jar:6.1.1]
	at org.springframework.web.filter.OncePerRequestFilter.doFilter(OncePerRequestFilter.java:116) ~[spring-web-6.1.1.jar:6.1.1]
	at org.springframework.security.web.FilterChainProxy$VirtualFilterChain.doFilter(FilterChainProxy.java:374) ~[spring-security-web-6.2.0.jar:6.2.0]
	at org.springframework.security.web.header.HeaderWriterFilter.doHeadersAfter(HeaderWriterFilter.java:90) ~[spring-security-web-6.2.0.jar:6.2.0]
	at org.springframework.security.web.header.HeaderWriterFilter.doFilterInternal(HeaderWriterFilter.java:75) ~[spring-security-web-6.2.0.jar:6.2.0]
	at org.springframework.web.filter.OncePerRequestFilter.doFilter(OncePerRequestFilter.java:116) ~[spring-web-6.1.1.jar:6.1.1]
	at org.springframework.security.web.FilterChainProxy$VirtualFilterChain.doFilter(FilterChainProxy.java:374) ~[spring-security-web-6.2.0.jar:6.2.0]
	at org.springframework.security.web.context.SecurityContextHolderFilter.doFilter(SecurityContextHolderFilter.java:82) ~[spring-security-web-6.2.0.jar:6.2.0]
	at org.springframework.security.web.context.SecurityContextHolderFilter.doFilter(SecurityContextHolderFilter.java:69) ~[spring-security-web-6.2.0.jar:6.2.0]
	at org.springframework.security.web.FilterChainProxy$VirtualFilterChain.doFilter(FilterChainProxy.java:374) ~[spring-security-web-6.2.0.jar:6.2.0]
	at org.springframework.security.web.context.request.async.WebAsyncManagerIntegrationFilter.doFilterInternal(WebAsyncManagerIntegrationFilter.java:62) ~[spring-security-web-6.2.0.jar:6.2.0]
	at org.springframework.web.filter.OncePerRequestFilter.doFilter(OncePerRequestFilter.java:116) ~[spring-web-6.1.1.jar:6.1.1]
	at org.springframework.security.web.FilterChainProxy$VirtualFilterChain.doFilter(FilterChainProxy.java:374) ~[spring-security-web-6.2.0.jar:6.2.0]
	at org.springframework.security.web.session.DisableEncodeUrlFilter.doFilterInternal(DisableEncodeUrlFilter.java:42) ~[spring-security-web-6.2.0.jar:6.2.0]
	at org.springframework.web.filter.OncePerRequestFilter.doFilter(OncePerRequestFilter.java:116) ~[spring-web-6.1.1.jar:6.1.1]
	at org.springframework.security.web.FilterChainProxy$VirtualFilterChain.doFilter(FilterChainProxy.java:374) ~[spring-security-web-6.2.0.jar:6.2.0]
	at org.springframework.security.web.FilterChainProxy.doFilterInternal(FilterChainProxy.java:233) ~[spring-security-web-6.2.0.jar:6.2.0]
	at org.springframework.security.web.FilterChainProxy.doFilter(FilterChainProxy.java:191) ~[spring-security-web-6.2.0.jar:6.2.0]
	at org.springframework.web.filter.DelegatingFilterProxy.invokeDelegate(DelegatingFilterProxy.java:352) ~[spring-web-6.1.1.jar:6.1.1]
	at org.springframework.web.filter.DelegatingFilterProxy.doFilter(DelegatingFilterProxy.java:268) ~[spring-web-6.1.1.jar:6.1.1]
	at org.apache.catalina.core.ApplicationFilterChain.internalDoFilter(ApplicationFilterChain.java:174) ~[tomcat-embed-core-10.1.16.jar:10.1.16]
	at org.apache.catalina.core.ApplicationFilterChain.doFilter(ApplicationFilterChain.java:149) ~[tomcat-embed-core-10.1.16.jar:10.1.16]
	at org.springframework.web.filter.RequestContextFilter.doFilterInternal(RequestContextFilter.java:100) ~[spring-web-6.1.1.jar:6.1.1]
	at org.springframework.web.filter.OncePerRequestFilter.doFilter(OncePerRequestFilter.java:116) ~[spring-web-6.1.1.jar:6.1.1]
	at org.apache.catalina.core.ApplicationFilterChain.internalDoFilter(ApplicationFilterChain.java:174) ~[tomcat-embed-core-10.1.16.jar:10.1.16]
	at org.apache.catalina.core.ApplicationFilterChain.doFilter(ApplicationFilterChain.java:149) ~[tomcat-embed-core-10.1.16.jar:10.1.16]
	at org.springframework.web.filter.FormContentFilter.doFilterInternal(FormContentFilter.java:93) ~[spring-web-6.1.1.jar:6.1.1]
	at org.springframework.web.filter.OncePerRequestFilter.doFilter(OncePerRequestFilter.java:116) ~[spring-web-6.1.1.jar:6.1.1]
	at org.apache.catalina.core.ApplicationFilterChain.internalDoFilter(ApplicationFilterChain.java:174) ~[tomcat-embed-core-10.1.16.jar:10.1.16]
	at org.apache.catalina.core.ApplicationFilterChain.doFilter(ApplicationFilterChain.java:149) ~[tomcat-embed-core-10.1.16.jar:10.1.16]
	at org.springframework.web.filter.CharacterEncodingFilter.doFilterInternal(CharacterEncodingFilter.java:201) ~[spring-web-6.1.1.jar:6.1.1]
	at org.springframework.web.filter.OncePerRequestFilter.doFilter(OncePerRequestFilter.java:116) ~[spring-web-6.1.1.jar:6.1.1]
	at org.apache.catalina.core.ApplicationFilterChain.internalDoFilter(ApplicationFilterChain.java:174) ~[tomcat-embed-core-10.1.16.jar:10.1.16]
	at org.apache.catalina.core.ApplicationFilterChain.doFilter(ApplicationFilterChain.java:149) ~[tomcat-embed-core-10.1.16.jar:10.1.16]
	at org.apache.catalina.core.StandardWrapperValve.invoke(StandardWrapperValve.java:167) ~[tomcat-embed-core-10.1.16.jar:10.1.16]
	at org.apache.catalina.core.StandardContextValve.invoke(StandardContextValve.java:90) ~[tomcat-embed-core-10.1.16.jar:10.1.16]
	at org.apache.catalina.authenticator.AuthenticatorBase.invoke(AuthenticatorBase.java:482) ~[tomcat-embed-core-10.1.16.jar:10.1.16]
	at org.apache.catalina.core.StandardHostValve.invoke(StandardHostValve.java:115) ~[tomcat-embed-core-10.1.16.jar:10.1.16]
	at org.apache.catalina.valves.ErrorReportValve.invoke(ErrorReportValve.java:93) ~[tomcat-embed-core-10.1.16.jar:10.1.16]
	at org.apache.catalina.core.StandardEngineValve.invoke(StandardEngineValve.java:74) ~[tomcat-embed-core-10.1.16.jar:10.1.16]
	at org.apache.catalina.connector.CoyoteAdapter.service(CoyoteAdapter.java:340) ~[tomcat-embed-core-10.1.16.jar:10.1.16]
	at org.apache.coyote.http11.Http11Processor.service(Http11Processor.java:391) ~[tomcat-embed-core-10.1.16.jar:10.1.16]
	at org.apache.coyote.AbstractProcessorLight.process(AbstractProcessorLight.java:63) ~[tomcat-embed-core-10.1.16.jar:10.1.16]
	at org.apache.coyote.AbstractProtocol$ConnectionHandler.process(AbstractProtocol.java:896) ~[tomcat-embed-core-10.1.16.jar:10.1.16]
	at org.apache.tomcat.util.net.NioEndpoint$SocketProcessor.doRun(NioEndpoint.java:1744) ~[tomcat-embed-core-10.1.16.jar:10.1.16]
	at org.apache.tomcat.util.net.SocketProcessorBase.run(SocketProcessorBase.java:52) ~[tomcat-embed-core-10.1.16.jar:10.1.16]
	at org.apache.tomcat.util.threads.ThreadPoolExecutor.runWorker(ThreadPoolExecutor.java:1191) ~[tomcat-embed-core-10.1.16.jar:10.1.16]
	at org.apache.tomcat.util.threads.ThreadPoolExecutor$Worker.run(ThreadPoolExecutor.java:659) ~[tomcat-embed-core-10.1.16.jar:10.1.16]
	at org.apache.tomcat.util.threads.TaskThread$WrappingRunnable.run(TaskThread.java:61) ~[tomcat-embed-core-10.1.16.jar:10.1.16]
	at java.base/java.lang.Thread.run(Thread.java:842) ~[na:na]

2026-05-23T01:11:32.811+01:00  INFO 43616 --- [http-nio-8080-exec-6] c.m.service.impl.WalletServiceImpl       : Manually verifying payment
2026-05-23T01:11:33.360+01:00  INFO 43616 --- [http-nio-8080-exec-6] c.m.messaging.NotificationPublisher      : Published payment confirmation: event=WALLET_FUNDED, ref=FUND-20260523010801-073E7962, user=lame17@mytempmail.org
2026-05-23T01:11:33.674+01:00  INFO 43616 --- [org.springframework.amqp.rabbit.RabbitListenerEndpointContainer#0-1] c.m.messaging.NotificationConsumer       : Consuming payment confirmation: event=WALLET_FUNDED, ref=FUND-20260523010801-073E7962
2026-05-23T01:11:33.677+01:00  INFO 43616 --- [org.springframework.amqp.rabbit.RabbitListenerEndpointContainer#0-1] c.m.messaging.NotificationConsumer       : Wallet funded for user=lame17@mytempmail.org, amount=20000.00 NGN
2026-05-23T01:11:41.563+01:00  INFO 43616 --- [koins-async-2] c.m.service.impl.EmailServiceImpl        : Email sent to: lame17@mytempmail.org
2026-05-23T01:14:22.534+01:00 ERROR 43616 --- [http-nio-8080-exec-9] c.m.exception.GlobalExceptionHandler     : Unexpected error: 

org.springframework.web.HttpRequestMethodNotSupportedException: Request method 'POST' is not supported
	at org.springframework.web.servlet.mvc.method.RequestMappingInfoHandlerMapping.handleNoMatch(RequestMappingInfoHandlerMapping.java:265) ~[spring-webmvc-6.1.1.jar:6.1.1]
	at org.springframework.web.servlet.handler.AbstractHandlerMethodMapping.lookupHandlerMethod(AbstractHandlerMethodMapping.java:441) ~[spring-webmvc-6.1.1.jar:6.1.1]
	at org.springframework.web.servlet.handler.AbstractHandlerMethodMapping.getHandlerInternal(AbstractHandlerMethodMapping.java:382) ~[spring-webmvc-6.1.1.jar:6.1.1]
	at org.springframework.web.servlet.mvc.method.RequestMappingInfoHandlerMapping.getHandlerInternal(RequestMappingInfoHandlerMapping.java:126) ~[spring-webmvc-6.1.1.jar:6.1.1]
	at org.springframework.web.servlet.mvc.method.RequestMappingInfoHandlerMapping.getHandlerInternal(RequestMappingInfoHandlerMapping.java:68) ~[spring-webmvc-6.1.1.jar:6.1.1]
	at org.springframework.web.servlet.handler.AbstractHandlerMapping.getHandler(AbstractHandlerMapping.java:507) ~[spring-webmvc-6.1.1.jar:6.1.1]
	at org.springframework.web.servlet.DispatcherServlet.getHandler(DispatcherServlet.java:1283) ~[spring-webmvc-6.1.1.jar:6.1.1]
	at org.springframework.web.servlet.DispatcherServlet.doDispatch(DispatcherServlet.java:1065) ~[spring-webmvc-6.1.1.jar:6.1.1]
	at org.springframework.web.servlet.DispatcherServlet.doService(DispatcherServlet.java:979) ~[spring-webmvc-6.1.1.jar:6.1.1]
	at org.springframework.web.servlet.FrameworkServlet.processRequest(FrameworkServlet.java:1014) ~[spring-webmvc-6.1.1.jar:6.1.1]
	at org.springframework.web.servlet.FrameworkServlet.doPost(FrameworkServlet.java:914) ~[spring-webmvc-6.1.1.jar:6.1.1]
	at jakarta.servlet.http.HttpServlet.service(HttpServlet.java:590) ~[tomcat-embed-core-10.1.16.jar:6.0]
	at org.springframework.web.servlet.FrameworkServlet.service(FrameworkServlet.java:885) ~[spring-webmvc-6.1.1.jar:6.1.1]
	at jakarta.servlet.http.HttpServlet.service(HttpServlet.java:658) ~[tomcat-embed-core-10.1.16.jar:6.0]
	at org.apache.catalina.core.ApplicationFilterChain.internalDoFilter(ApplicationFilterChain.java:205) ~[tomcat-embed-core-10.1.16.jar:10.1.16]
	at org.apache.catalina.core.ApplicationFilterChain.doFilter(ApplicationFilterChain.java:149) ~[tomcat-embed-core-10.1.16.jar:10.1.16]
	at org.apache.tomcat.websocket.server.WsFilter.doFilter(WsFilter.java:51) ~[tomcat-embed-websocket-10.1.16.jar:10.1.16]
	at org.apache.catalina.core.ApplicationFilterChain.internalDoFilter(ApplicationFilterChain.java:174) ~[tomcat-embed-core-10.1.16.jar:10.1.16]
	at org.apache.catalina.core.ApplicationFilterChain.doFilter(ApplicationFilterChain.java:149) ~[tomcat-embed-core-10.1.16.jar:10.1.16]
	at org.springframework.web.filter.OncePerRequestFilter.doFilter(OncePerRequestFilter.java:110) ~[spring-web-6.1.1.jar:6.1.1]
	at org.apache.catalina.core.ApplicationFilterChain.internalDoFilter(ApplicationFilterChain.java:174) ~[tomcat-embed-core-10.1.16.jar:10.1.16]
	at org.apache.catalina.core.ApplicationFilterChain.doFilter(ApplicationFilterChain.java:149) ~[tomcat-embed-core-10.1.16.jar:10.1.16]
	at org.springframework.security.web.FilterChainProxy.lambda$doFilterInternal$3(FilterChainProxy.java:231) ~[spring-security-web-6.2.0.jar:6.2.0]
	at org.springframework.security.web.FilterChainProxy$VirtualFilterChain.doFilter(FilterChainProxy.java:365) ~[spring-security-web-6.2.0.jar:6.2.0]
	at org.springframework.security.web.access.intercept.AuthorizationFilter.doFilter(AuthorizationFilter.java:100) ~[spring-security-web-6.2.0.jar:6.2.0]
	at org.springframework.security.web.FilterChainProxy$VirtualFilterChain.doFilter(FilterChainProxy.java:374) ~[spring-security-web-6.2.0.jar:6.2.0]
	at org.springframework.security.web.access.ExceptionTranslationFilter.doFilter(ExceptionTranslationFilter.java:126) ~[spring-security-web-6.2.0.jar:6.2.0]
	at org.springframework.security.web.access.ExceptionTranslationFilter.doFilter(ExceptionTranslationFilter.java:120) ~[spring-security-web-6.2.0.jar:6.2.0]
	at org.springframework.security.web.FilterChainProxy$VirtualFilterChain.doFilter(FilterChainProxy.java:374) ~[spring-security-web-6.2.0.jar:6.2.0]
	at org.springframework.security.web.session.SessionManagementFilter.doFilter(SessionManagementFilter.java:131) ~[spring-security-web-6.2.0.jar:6.2.0]
	at org.springframework.security.web.session.SessionManagementFilter.doFilter(SessionManagementFilter.java:85) ~[spring-security-web-6.2.0.jar:6.2.0]
	at org.springframework.security.web.FilterChainProxy$VirtualFilterChain.doFilter(FilterChainProxy.java:374) ~[spring-security-web-6.2.0.jar:6.2.0]
	at org.springframework.security.web.authentication.AnonymousAuthenticationFilter.doFilter(AnonymousAuthenticationFilter.java:100) ~[spring-security-web-6.2.0.jar:6.2.0]
	at org.springframework.security.web.FilterChainProxy$VirtualFilterChain.doFilter(FilterChainProxy.java:374) ~[spring-security-web-6.2.0.jar:6.2.0]
	at org.springframework.security.web.servletapi.SecurityContextHolderAwareRequestFilter.doFilter(SecurityContextHolderAwareRequestFilter.java:179) ~[spring-security-web-6.2.0.jar:6.2.0]
	at org.springframework.security.web.FilterChainProxy$VirtualFilterChain.doFilter(FilterChainProxy.java:374) ~[spring-security-web-6.2.0.jar:6.2.0]
	at org.springframework.security.web.savedrequest.RequestCacheAwareFilter.doFilter(RequestCacheAwareFilter.java:63) ~[spring-security-web-6.2.0.jar:6.2.0]
	at org.springframework.security.web.FilterChainProxy$VirtualFilterChain.doFilter(FilterChainProxy.java:374) ~[spring-security-web-6.2.0.jar:6.2.0]
	at com.middleware.security.JwtAuthenticationFilter.doFilterInternal(JwtAuthenticationFilter.java:53) ~[classes/:na]
	at org.springframework.web.filter.OncePerRequestFilter.doFilter(OncePerRequestFilter.java:116) ~[spring-web-6.1.1.jar:6.1.1]
	at org.springframework.security.web.FilterChainProxy$VirtualFilterChain.doFilter(FilterChainProxy.java:374) ~[spring-security-web-6.2.0.jar:6.2.0]
	at org.springframework.security.web.authentication.logout.LogoutFilter.doFilter(LogoutFilter.java:107) ~[spring-security-web-6.2.0.jar:6.2.0]
	at org.springframework.security.web.authentication.logout.LogoutFilter.doFilter(LogoutFilter.java:93) ~[spring-security-web-6.2.0.jar:6.2.0]
	at org.springframework.security.web.FilterChainProxy$VirtualFilterChain.doFilter(FilterChainProxy.java:374) ~[spring-security-web-6.2.0.jar:6.2.0]
	at org.springframework.web.filter.CorsFilter.doFilterInternal(CorsFilter.java:91) ~[spring-web-6.1.1.jar:6.1.1]
	at org.springframework.web.filter.OncePerRequestFilter.doFilter(OncePerRequestFilter.java:116) ~[spring-web-6.1.1.jar:6.1.1]
	at org.springframework.security.web.FilterChainProxy$VirtualFilterChain.doFilter(FilterChainProxy.java:374) ~[spring-security-web-6.2.0.jar:6.2.0]
	at org.springframework.security.web.header.HeaderWriterFilter.doHeadersAfter(HeaderWriterFilter.java:90) ~[spring-security-web-6.2.0.jar:6.2.0]
	at org.springframework.security.web.header.HeaderWriterFilter.doFilterInternal(HeaderWriterFilter.java:75) ~[spring-security-web-6.2.0.jar:6.2.0]
	at org.springframework.web.filter.OncePerRequestFilter.doFilter(OncePerRequestFilter.java:116) ~[spring-web-6.1.1.jar:6.1.1]
	at org.springframework.security.web.FilterChainProxy$VirtualFilterChain.doFilter(FilterChainProxy.java:374) ~[spring-security-web-6.2.0.jar:6.2.0]
	at org.springframework.security.web.context.SecurityContextHolderFilter.doFilter(SecurityContextHolderFilter.java:82) ~[spring-security-web-6.2.0.jar:6.2.0]
	at org.springframework.security.web.context.SecurityContextHolderFilter.doFilter(SecurityContextHolderFilter.java:69) ~[spring-security-web-6.2.0.jar:6.2.0]
	at org.springframework.security.web.FilterChainProxy$VirtualFilterChain.doFilter(FilterChainProxy.java:374) ~[spring-security-web-6.2.0.jar:6.2.0]
	at org.springframework.security.web.context.request.async.WebAsyncManagerIntegrationFilter.doFilterInternal(WebAsyncManagerIntegrationFilter.java:62) ~[spring-security-web-6.2.0.jar:6.2.0]
	at org.springframework.web.filter.OncePerRequestFilter.doFilter(OncePerRequestFilter.java:116) ~[spring-web-6.1.1.jar:6.1.1]
	at org.springframework.security.web.FilterChainProxy$VirtualFilterChain.doFilter(FilterChainProxy.java:374) ~[spring-security-web-6.2.0.jar:6.2.0]
	at org.springframework.security.web.session.DisableEncodeUrlFilter.doFilterInternal(DisableEncodeUrlFilter.java:42) ~[spring-security-web-6.2.0.jar:6.2.0]
	at org.springframework.web.filter.OncePerRequestFilter.doFilter(OncePerRequestFilter.java:116) ~[spring-web-6.1.1.jar:6.1.1]
	at org.springframework.security.web.FilterChainProxy$VirtualFilterChain.doFilter(FilterChainProxy.java:374) ~[spring-security-web-6.2.0.jar:6.2.0]
	at org.springframework.security.web.FilterChainProxy.doFilterInternal(FilterChainProxy.java:233) ~[spring-security-web-6.2.0.jar:6.2.0]
	at org.springframework.security.web.FilterChainProxy.doFilter(FilterChainProxy.java:191) ~[spring-security-web-6.2.0.jar:6.2.0]
	at org.springframework.web.filter.DelegatingFilterProxy.invokeDelegate(DelegatingFilterProxy.java:352) ~[spring-web-6.1.1.jar:6.1.1]
	at org.springframework.web.filter.DelegatingFilterProxy.doFilter(DelegatingFilterProxy.java:268) ~[spring-web-6.1.1.jar:6.1.1]
	at org.apache.catalina.core.ApplicationFilterChain.internalDoFilter(ApplicationFilterChain.java:174) ~[tomcat-embed-core-10.1.16.jar:10.1.16]
	at org.apache.catalina.core.ApplicationFilterChain.doFilter(ApplicationFilterChain.java:149) ~[tomcat-embed-core-10.1.16.jar:10.1.16]
	at org.springframework.web.filter.RequestContextFilter.doFilterInternal(RequestContextFilter.java:100) ~[spring-web-6.1.1.jar:6.1.1]
	at org.springframework.web.filter.OncePerRequestFilter.doFilter(OncePerRequestFilter.java:116) ~[spring-web-6.1.1.jar:6.1.1]
	at org.apache.catalina.core.ApplicationFilterChain.internalDoFilter(ApplicationFilterChain.java:174) ~[tomcat-embed-core-10.1.16.jar:10.1.16]
	at org.apache.catalina.core.ApplicationFilterChain.doFilter(ApplicationFilterChain.java:149) ~[tomcat-embed-core-10.1.16.jar:10.1.16]
	at org.springframework.web.filter.FormContentFilter.doFilterInternal(FormContentFilter.java:93) ~[spring-web-6.1.1.jar:6.1.1]
	at org.springframework.web.filter.OncePerRequestFilter.doFilter(OncePerRequestFilter.java:116) ~[spring-web-6.1.1.jar:6.1.1]
	at org.apache.catalina.core.ApplicationFilterChain.internalDoFilter(ApplicationFilterChain.java:174) ~[tomcat-embed-core-10.1.16.jar:10.1.16]
	at org.apache.catalina.core.ApplicationFilterChain.doFilter(ApplicationFilterChain.java:149) ~[tomcat-embed-core-10.1.16.jar:10.1.16]
	at org.springframework.web.filter.CharacterEncodingFilter.doFilterInternal(CharacterEncodingFilter.java:201) ~[spring-web-6.1.1.jar:6.1.1]
	at org.springframework.web.filter.OncePerRequestFilter.doFilter(OncePerRequestFilter.java:116) ~[spring-web-6.1.1.jar:6.1.1]
	at org.apache.catalina.core.ApplicationFilterChain.internalDoFilter(ApplicationFilterChain.java:174) ~[tomcat-embed-core-10.1.16.jar:10.1.16]
	at org.apache.catalina.core.ApplicationFilterChain.doFilter(ApplicationFilterChain.java:149) ~[tomcat-embed-core-10.1.16.jar:10.1.16]
	at org.apache.catalina.core.StandardWrapperValve.invoke(StandardWrapperValve.java:167) ~[tomcat-embed-core-10.1.16.jar:10.1.16]
	at org.apache.catalina.core.StandardContextValve.invoke(StandardContextValve.java:90) ~[tomcat-embed-core-10.1.16.jar:10.1.16]
	at org.apache.catalina.authenticator.AuthenticatorBase.invoke(AuthenticatorBase.java:482) ~[tomcat-embed-core-10.1.16.jar:10.1.16]
	at org.apache.catalina.core.StandardHostValve.invoke(StandardHostValve.java:115) ~[tomcat-embed-core-10.1.16.jar:10.1.16]
	at org.apache.catalina.valves.ErrorReportValve.invoke(ErrorReportValve.java:93) ~[tomcat-embed-core-10.1.16.jar:10.1.16]
	at org.apache.catalina.core.StandardEngineValve.invoke(StandardEngineValve.java:74) ~[tomcat-embed-core-10.1.16.jar:10.1.16]
	at org.apache.catalina.connector.CoyoteAdapter.service(CoyoteAdapter.java:340) ~[tomcat-embed-core-10.1.16.jar:10.1.16]
	at org.apache.coyote.http11.Http11Processor.service(Http11Processor.java:391) ~[tomcat-embed-core-10.1.16.jar:10.1.16]
	at org.apache.coyote.AbstractProcessorLight.process(AbstractProcessorLight.java:63) ~[tomcat-embed-core-10.1.16.jar:10.1.16]
	at org.apache.coyote.AbstractProtocol$ConnectionHandler.process(AbstractProtocol.java:896) ~[tomcat-embed-core-10.1.16.jar:10.1.16]
	at org.apache.tomcat.util.net.NioEndpoint$SocketProcessor.doRun(NioEndpoint.java:1744) ~[tomcat-embed-core-10.1.16.jar:10.1.16]
	at org.apache.tomcat.util.net.SocketProcessorBase.run(SocketProcessorBase.java:52) ~[tomcat-embed-core-10.1.16.jar:10.1.16]
	at org.apache.tomcat.util.threads.ThreadPoolExecutor.runWorker(ThreadPoolExecutor.java:1191) ~[tomcat-embed-core-10.1.16.jar:10.1.16]
	at org.apache.tomcat.util.threads.ThreadPoolExecutor$Worker.run(ThreadPoolExecutor.java:659) ~[tomcat-embed-core-10.1.16.jar:10.1.16]
	at org.apache.tomcat.util.threads.TaskThread$WrappingRunnable.run(TaskThread.java:61) ~[tomcat-embed-core-10.1.16.jar:10.1.16]
	at java.base/java.lang.Thread.run(Thread.java:842) ~[na:na]

2026-05-23T01:15:04.534+01:00  INFO 43616 --- [http-nio-8080-exec-3] c.m.messaging.NotificationPublisher      : Published loan notification: event=LOAN_APPLIED, loanId=c9b9c2e5-bc5a-4413-93ed-03b6fe3b83ce, user=lame17@mytempmail.org
2026-05-23T01:15:04.535+01:00  INFO 43616 --- [http-nio-8080-exec-3] c.m.service.impl.LoanServiceImpl         : Loan application submitted. User: lame17@mytempmail.org, Amount: 10000
2026-05-23T01:15:04.763+01:00  INFO 43616 --- [org.springframework.amqp.rabbit.RabbitListenerEndpointContainer#1-1] c.m.messaging.NotificationConsumer       : Consuming loan notification: event=LOAN_APPLIED, loanId=c9b9c2e5-bc5a-4413-93ed-03b6fe3b83ce
2026-05-23T01:28:57.066+01:00 ERROR 43616 --- [http-nio-8080-exec-1] c.m.exception.GlobalExceptionHandler     : API Exception: Invalid email or password
2026-05-23T01:30:46.126+01:00 ERROR 43616 --- [http-nio-8080-exec-7] c.m.exception.GlobalExceptionHandler     : API Exception: Invalid email or password
2026-05-23T01:35:49.727+01:00  INFO 43616 --- [http-nio-8080-exec-6] c.m.service.impl.AuthServiceImpl         : User logged in: admin@koins.com
2026-05-23T01:36:42.073+01:00  INFO 43616 --- [http-nio-8080-exec-10] c.m.messaging.NotificationPublisher      : Published loan notification: event=LOAN_APPROVED, loanId=c9b9c2e5-bc5a-4413-93ed-03b6fe3b83ce, user=lame17@mytempmail.org
2026-05-23T01:36:42.075+01:00  INFO 43616 --- [http-nio-8080-exec-10] c.m.service.impl.LoanServiceImpl         : Loan approved: c9b9c2e5-bc5a-4413-93ed-03b6fe3b83ce
2026-05-23T01:36:43.606+01:00  INFO 43616 --- [org.springframework.amqp.rabbit.RabbitListenerEndpointContainer#1-1] c.m.messaging.NotificationConsumer       : Consuming loan notification: event=LOAN_APPROVED, loanId=c9b9c2e5-bc5a-4413-93ed-03b6fe3b83ce
2026-05-23T01:36:53.218+01:00  INFO 43616 --- [koins-async-1] c.m.service.impl.EmailServiceImpl        : Email sent to: lame17@mytempmail.org
2026-05-23T01:38:31.024+01:00 ERROR 43616 --- [http-nio-8080-exec-3] c.m.exception.GlobalExceptionHandler     : Unexpected error: 

java.lang.SecurityException: Loan data tampering detected
	at com.middleware.security.CryptoUtil.validateLoanHash(CryptoUtil.java:115) ~[classes/:na]
	at com.middleware.service.impl.LoanServiceImpl.disburseLoan(LoanServiceImpl.java:130) ~[classes/:na]
	at java.base/jdk.internal.reflect.NativeMethodAccessorImpl.invoke0(Native Method) ~[na:na]
	at java.base/jdk.internal.reflect.NativeMethodAccessorImpl.invoke(NativeMethodAccessorImpl.java:77) ~[na:na]
	at java.base/jdk.internal.reflect.DelegatingMethodAccessorImpl.invoke(DelegatingMethodAccessorImpl.java:43) ~[na:na]
	at java.base/java.lang.reflect.Method.invoke(Method.java:568) ~[na:na]
	at org.springframework.aop.support.AopUtils.invokeJoinpointUsingReflection(AopUtils.java:352) ~[spring-aop-6.1.1.jar:6.1.1]
	at org.springframework.aop.framework.ReflectiveMethodInvocation.invokeJoinpoint(ReflectiveMethodInvocation.java:196) ~[spring-aop-6.1.1.jar:6.1.1]
	at org.springframework.aop.framework.ReflectiveMethodInvocation.proceed(ReflectiveMethodInvocation.java:163) ~[spring-aop-6.1.1.jar:6.1.1]
	at org.springframework.aop.framework.CglibAopProxy$CglibMethodInvocation.proceed(CglibAopProxy.java:765) ~[spring-aop-6.1.1.jar:6.1.1]
	at org.springframework.transaction.interceptor.TransactionInterceptor$1.proceedWithInvocation(TransactionInterceptor.java:123) ~[spring-tx-6.1.1.jar:6.1.1]
	at org.springframework.transaction.interceptor.TransactionAspectSupport.invokeWithinTransaction(TransactionAspectSupport.java:385) ~[spring-tx-6.1.1.jar:6.1.1]
	at org.springframework.transaction.interceptor.TransactionInterceptor.invoke(TransactionInterceptor.java:119) ~[spring-tx-6.1.1.jar:6.1.1]
	at org.springframework.aop.framework.ReflectiveMethodInvocation.proceed(ReflectiveMethodInvocation.java:184) ~[spring-aop-6.1.1.jar:6.1.1]
	at org.springframework.aop.framework.CglibAopProxy$CglibMethodInvocation.proceed(CglibAopProxy.java:765) ~[spring-aop-6.1.1.jar:6.1.1]
	at org.springframework.aop.framework.CglibAopProxy$DynamicAdvisedInterceptor.intercept(CglibAopProxy.java:717) ~[spring-aop-6.1.1.jar:6.1.1]
	at com.middleware.service.impl.LoanServiceImpl$$SpringCGLIB$$0.disburseLoan(<generated>) ~[classes/:na]
	at com.middleware.controller.LoanController.disburseLoan(LoanController.java:64) ~[classes/:na]
	at java.base/jdk.internal.reflect.NativeMethodAccessorImpl.invoke0(Native Method) ~[na:na]
	at java.base/jdk.internal.reflect.NativeMethodAccessorImpl.invoke(NativeMethodAccessorImpl.java:77) ~[na:na]
	at java.base/jdk.internal.reflect.DelegatingMethodAccessorImpl.invoke(DelegatingMethodAccessorImpl.java:43) ~[na:na]
	at java.base/java.lang.reflect.Method.invoke(Method.java:568) ~[na:na]
	at org.springframework.aop.support.AopUtils.invokeJoinpointUsingReflection(AopUtils.java:352) ~[spring-aop-6.1.1.jar:6.1.1]
	at org.springframework.aop.framework.ReflectiveMethodInvocation.invokeJoinpoint(ReflectiveMethodInvocation.java:196) ~[spring-aop-6.1.1.jar:6.1.1]
	at org.springframework.aop.framework.ReflectiveMethodInvocation.proceed(ReflectiveMethodInvocation.java:163) ~[spring-aop-6.1.1.jar:6.1.1]
	at org.springframework.aop.framework.CglibAopProxy$CglibMethodInvocation.proceed(CglibAopProxy.java:765) ~[spring-aop-6.1.1.jar:6.1.1]
	at org.springframework.aop.aspectj.MethodInvocationProceedingJoinPoint.proceed(MethodInvocationProceedingJoinPoint.java:89) ~[spring-aop-6.1.1.jar:6.1.1]
	at com.middleware.config.AuditAspect.audit(AuditAspect.java:45) ~[classes/:na]
	at java.base/jdk.internal.reflect.NativeMethodAccessorImpl.invoke0(Native Method) ~[na:na]
	at java.base/jdk.internal.reflect.NativeMethodAccessorImpl.invoke(NativeMethodAccessorImpl.java:77) ~[na:na]
	at java.base/jdk.internal.reflect.DelegatingMethodAccessorImpl.invoke(DelegatingMethodAccessorImpl.java:43) ~[na:na]
	at java.base/java.lang.reflect.Method.invoke(Method.java:568) ~[na:na]
	at org.springframework.aop.aspectj.AbstractAspectJAdvice.invokeAdviceMethodWithGivenArgs(AbstractAspectJAdvice.java:637) ~[spring-aop-6.1.1.jar:6.1.1]
	at org.springframework.aop.aspectj.AbstractAspectJAdvice.invokeAdviceMethod(AbstractAspectJAdvice.java:627) ~[spring-aop-6.1.1.jar:6.1.1]
	at org.springframework.aop.aspectj.AspectJAroundAdvice.invoke(AspectJAroundAdvice.java:71) ~[spring-aop-6.1.1.jar:6.1.1]
	at org.springframework.aop.framework.ReflectiveMethodInvocation.proceed(ReflectiveMethodInvocation.java:173) ~[spring-aop-6.1.1.jar:6.1.1]
	at org.springframework.aop.framework.CglibAopProxy$CglibMethodInvocation.proceed(CglibAopProxy.java:765) ~[spring-aop-6.1.1.jar:6.1.1]
	at org.springframework.security.authorization.method.AuthorizationManagerBeforeMethodInterceptor.invoke(AuthorizationManagerBeforeMethodInterceptor.java:198) ~[spring-security-core-6.2.0.jar:6.2.0]
	at org.springframework.aop.framework.ReflectiveMethodInvocation.proceed(ReflectiveMethodInvocation.java:184) ~[spring-aop-6.1.1.jar:6.1.1]
	at org.springframework.aop.framework.CglibAopProxy$CglibMethodInvocation.proceed(CglibAopProxy.java:765) ~[spring-aop-6.1.1.jar:6.1.1]
	at org.springframework.aop.interceptor.ExposeInvocationInterceptor.invoke(ExposeInvocationInterceptor.java:97) ~[spring-aop-6.1.1.jar:6.1.1]
	at org.springframework.aop.framework.ReflectiveMethodInvocation.proceed(ReflectiveMethodInvocation.java:184) ~[spring-aop-6.1.1.jar:6.1.1]
	at org.springframework.aop.framework.CglibAopProxy$CglibMethodInvocation.proceed(CglibAopProxy.java:765) ~[spring-aop-6.1.1.jar:6.1.1]
	at org.springframework.aop.framework.CglibAopProxy$DynamicAdvisedInterceptor.intercept(CglibAopProxy.java:717) ~[spring-aop-6.1.1.jar:6.1.1]
	at com.middleware.controller.LoanController$$SpringCGLIB$$0.disburseLoan(<generated>) ~[classes/:na]
	at java.base/jdk.internal.reflect.NativeMethodAccessorImpl.invoke0(Native Method) ~[na:na]
	at java.base/jdk.internal.reflect.NativeMethodAccessorImpl.invoke(NativeMethodAccessorImpl.java:77) ~[na:na]
	at java.base/jdk.internal.reflect.DelegatingMethodAccessorImpl.invoke(DelegatingMethodAccessorImpl.java:43) ~[na:na]
	at java.base/java.lang.reflect.Method.invoke(Method.java:568) ~[na:na]
	at org.springframework.web.method.support.InvocableHandlerMethod.doInvoke(InvocableHandlerMethod.java:254) ~[spring-web-6.1.1.jar:6.1.1]
	at org.springframework.web.method.support.InvocableHandlerMethod.invokeForRequest(InvocableHandlerMethod.java:182) ~[spring-web-6.1.1.jar:6.1.1]
	at org.springframework.web.servlet.mvc.method.annotation.ServletInvocableHandlerMethod.invokeAndHandle(ServletInvocableHandlerMethod.java:118) ~[spring-webmvc-6.1.1.jar:6.1.1]
	at org.springframework.web.servlet.mvc.method.annotation.RequestMappingHandlerAdapter.invokeHandlerMethod(RequestMappingHandlerAdapter.java:917) ~[spring-webmvc-6.1.1.jar:6.1.1]
	at org.springframework.web.servlet.mvc.method.annotation.RequestMappingHandlerAdapter.handleInternal(RequestMappingHandlerAdapter.java:829) ~[spring-webmvc-6.1.1.jar:6.1.1]
	at org.springframework.web.servlet.mvc.method.AbstractHandlerMethodAdapter.handle(AbstractHandlerMethodAdapter.java:87) ~[spring-webmvc-6.1.1.jar:6.1.1]
	at org.springframework.web.servlet.DispatcherServlet.doDispatch(DispatcherServlet.java:1089) ~[spring-webmvc-6.1.1.jar:6.1.1]
	at org.springframework.web.servlet.DispatcherServlet.doService(DispatcherServlet.java:979) ~[spring-webmvc-6.1.1.jar:6.1.1]
	at org.springframework.web.servlet.FrameworkServlet.processRequest(FrameworkServlet.java:1014) ~[spring-webmvc-6.1.1.jar:6.1.1]
	at org.springframework.web.servlet.FrameworkServlet.doPut(FrameworkServlet.java:925) ~[spring-webmvc-6.1.1.jar:6.1.1]
	at jakarta.servlet.http.HttpServlet.service(HttpServlet.java:593) ~[tomcat-embed-core-10.1.16.jar:6.0]
	at org.springframework.web.servlet.FrameworkServlet.service(FrameworkServlet.java:885) ~[spring-webmvc-6.1.1.jar:6.1.1]
	at jakarta.servlet.http.HttpServlet.service(HttpServlet.java:658) ~[tomcat-embed-core-10.1.16.jar:6.0]
	at org.apache.catalina.core.ApplicationFilterChain.internalDoFilter(ApplicationFilterChain.java:205) ~[tomcat-embed-core-10.1.16.jar:10.1.16]
	at org.apache.catalina.core.ApplicationFilterChain.doFilter(ApplicationFilterChain.java:149) ~[tomcat-embed-core-10.1.16.jar:10.1.16]
	at org.apache.tomcat.websocket.server.WsFilter.doFilter(WsFilter.java:51) ~[tomcat-embed-websocket-10.1.16.jar:10.1.16]
	at org.apache.catalina.core.ApplicationFilterChain.internalDoFilter(ApplicationFilterChain.java:174) ~[tomcat-embed-core-10.1.16.jar:10.1.16]
	at org.apache.catalina.core.ApplicationFilterChain.doFilter(ApplicationFilterChain.java:149) ~[tomcat-embed-core-10.1.16.jar:10.1.16]
	at org.springframework.web.filter.OncePerRequestFilter.doFilter(OncePerRequestFilter.java:110) ~[spring-web-6.1.1.jar:6.1.1]
	at org.apache.catalina.core.ApplicationFilterChain.internalDoFilter(ApplicationFilterChain.java:174) ~[tomcat-embed-core-10.1.16.jar:10.1.16]
	at org.apache.catalina.core.ApplicationFilterChain.doFilter(ApplicationFilterChain.java:149) ~[tomcat-embed-core-10.1.16.jar:10.1.16]
	at org.springframework.security.web.FilterChainProxy.lambda$doFilterInternal$3(FilterChainProxy.java:231) ~[spring-security-web-6.2.0.jar:6.2.0]
	at org.springframework.security.web.FilterChainProxy$VirtualFilterChain.doFilter(FilterChainProxy.java:365) ~[spring-security-web-6.2.0.jar:6.2.0]
	at org.springframework.security.web.access.intercept.AuthorizationFilter.doFilter(AuthorizationFilter.java:100) ~[spring-security-web-6.2.0.jar:6.2.0]
	at org.springframework.security.web.FilterChainProxy$VirtualFilterChain.doFilter(FilterChainProxy.java:374) ~[spring-security-web-6.2.0.jar:6.2.0]
	at org.springframework.security.web.access.ExceptionTranslationFilter.doFilter(ExceptionTranslationFilter.java:126) ~[spring-security-web-6.2.0.jar:6.2.0]
	at org.springframework.security.web.access.ExceptionTranslationFilter.doFilter(ExceptionTranslationFilter.java:120) ~[spring-security-web-6.2.0.jar:6.2.0]
	at org.springframework.security.web.FilterChainProxy$VirtualFilterChain.doFilter(FilterChainProxy.java:374) ~[spring-security-web-6.2.0.jar:6.2.0]
	at org.springframework.security.web.session.SessionManagementFilter.doFilter(SessionManagementFilter.java:131) ~[spring-security-web-6.2.0.jar:6.2.0]
	at org.springframework.security.web.session.SessionManagementFilter.doFilter(SessionManagementFilter.java:85) ~[spring-security-web-6.2.0.jar:6.2.0]
	at org.springframework.security.web.FilterChainProxy$VirtualFilterChain.doFilter(FilterChainProxy.java:374) ~[spring-security-web-6.2.0.jar:6.2.0]
	at org.springframework.security.web.authentication.AnonymousAuthenticationFilter.doFilter(AnonymousAuthenticationFilter.java:100) ~[spring-security-web-6.2.0.jar:6.2.0]
	at org.springframework.security.web.FilterChainProxy$VirtualFilterChain.doFilter(FilterChainProxy.java:374) ~[spring-security-web-6.2.0.jar:6.2.0]
	at org.springframework.security.web.servletapi.SecurityContextHolderAwareRequestFilter.doFilter(SecurityContextHolderAwareRequestFilter.java:179) ~[spring-security-web-6.2.0.jar:6.2.0]
	at org.springframework.security.web.FilterChainProxy$VirtualFilterChain.doFilter(FilterChainProxy.java:374) ~[spring-security-web-6.2.0.jar:6.2.0]
	at org.springframework.security.web.savedrequest.RequestCacheAwareFilter.doFilter(RequestCacheAwareFilter.java:63) ~[spring-security-web-6.2.0.jar:6.2.0]
	at org.springframework.security.web.FilterChainProxy$VirtualFilterChain.doFilter(FilterChainProxy.java:374) ~[spring-security-web-6.2.0.jar:6.2.0]
	at com.middleware.security.JwtAuthenticationFilter.doFilterInternal(JwtAuthenticationFilter.java:53) ~[classes/:na]
	at org.springframework.web.filter.OncePerRequestFilter.doFilter(OncePerRequestFilter.java:116) ~[spring-web-6.1.1.jar:6.1.1]
	at org.springframework.security.web.FilterChainProxy$VirtualFilterChain.doFilter(FilterChainProxy.java:374) ~[spring-security-web-6.2.0.jar:6.2.0]
	at org.springframework.security.web.authentication.logout.LogoutFilter.doFilter(LogoutFilter.java:107) ~[spring-security-web-6.2.0.jar:6.2.0]
	at org.springframework.security.web.authentication.logout.LogoutFilter.doFilter(LogoutFilter.java:93) ~[spring-security-web-6.2.0.jar:6.2.0]
	at org.springframework.security.web.FilterChainProxy$VirtualFilterChain.doFilter(FilterChainProxy.java:374) ~[spring-security-web-6.2.0.jar:6.2.0]
	at org.springframework.web.filter.CorsFilter.doFilterInternal(CorsFilter.java:91) ~[spring-web-6.1.1.jar:6.1.1]
	at org.springframework.web.filter.OncePerRequestFilter.doFilter(OncePerRequestFilter.java:116) ~[spring-web-6.1.1.jar:6.1.1]
	at org.springframework.security.web.FilterChainProxy$VirtualFilterChain.doFilter(FilterChainProxy.java:374) ~[spring-security-web-6.2.0.jar:6.2.0]
	at org.springframework.security.web.header.HeaderWriterFilter.doHeadersAfter(HeaderWriterFilter.java:90) ~[spring-security-web-6.2.0.jar:6.2.0]
	at org.springframework.security.web.header.HeaderWriterFilter.doFilterInternal(HeaderWriterFilter.java:75) ~[spring-security-web-6.2.0.jar:6.2.0]
	at org.springframework.web.filter.OncePerRequestFilter.doFilter(OncePerRequestFilter.java:116) ~[spring-web-6.1.1.jar:6.1.1]
	at org.springframework.security.web.FilterChainProxy$VirtualFilterChain.doFilter(FilterChainProxy.java:374) ~[spring-security-web-6.2.0.jar:6.2.0]
	at org.springframework.security.web.context.SecurityContextHolderFilter.doFilter(SecurityContextHolderFilter.java:82) ~[spring-security-web-6.2.0.jar:6.2.0]
	at org.springframework.security.web.context.SecurityContextHolderFilter.doFilter(SecurityContextHolderFilter.java:69) ~[spring-security-web-6.2.0.jar:6.2.0]
	at org.springframework.security.web.FilterChainProxy$VirtualFilterChain.doFilter(FilterChainProxy.java:374) ~[spring-security-web-6.2.0.jar:6.2.0]
	at org.springframework.security.web.context.request.async.WebAsyncManagerIntegrationFilter.doFilterInternal(WebAsyncManagerIntegrationFilter.java:62) ~[spring-security-web-6.2.0.jar:6.2.0]
	at org.springframework.web.filter.OncePerRequestFilter.doFilter(OncePerRequestFilter.java:116) ~[spring-web-6.1.1.jar:6.1.1]
	at org.springframework.security.web.FilterChainProxy$VirtualFilterChain.doFilter(FilterChainProxy.java:374) ~[spring-security-web-6.2.0.jar:6.2.0]
	at org.springframework.security.web.session.DisableEncodeUrlFilter.doFilterInternal(DisableEncodeUrlFilter.java:42) ~[spring-security-web-6.2.0.jar:6.2.0]
	at org.springframework.web.filter.OncePerRequestFilter.doFilter(OncePerRequestFilter.java:116) ~[spring-web-6.1.1.jar:6.1.1]
	at org.springframework.security.web.FilterChainProxy$VirtualFilterChain.doFilter(FilterChainProxy.java:374) ~[spring-security-web-6.2.0.jar:6.2.0]
	at org.springframework.security.web.FilterChainProxy.doFilterInternal(FilterChainProxy.java:233) ~[spring-security-web-6.2.0.jar:6.2.0]
	at org.springframework.security.web.FilterChainProxy.doFilter(FilterChainProxy.java:191) ~[spring-security-web-6.2.0.jar:6.2.0]
	at org.springframework.web.filter.DelegatingFilterProxy.invokeDelegate(DelegatingFilterProxy.java:352) ~[spring-web-6.1.1.jar:6.1.1]
	at org.springframework.web.filter.DelegatingFilterProxy.doFilter(DelegatingFilterProxy.java:268) ~[spring-web-6.1.1.jar:6.1.1]
	at org.apache.catalina.core.ApplicationFilterChain.internalDoFilter(ApplicationFilterChain.java:174) ~[tomcat-embed-core-10.1.16.jar:10.1.16]
	at org.apache.catalina.core.ApplicationFilterChain.doFilter(ApplicationFilterChain.java:149) ~[tomcat-embed-core-10.1.16.jar:10.1.16]
	at org.springframework.web.filter.RequestContextFilter.doFilterInternal(RequestContextFilter.java:100) ~[spring-web-6.1.1.jar:6.1.1]
	at org.springframework.web.filter.OncePerRequestFilter.doFilter(OncePerRequestFilter.java:116) ~[spring-web-6.1.1.jar:6.1.1]
	at org.apache.catalina.core.ApplicationFilterChain.internalDoFilter(ApplicationFilterChain.java:174) ~[tomcat-embed-core-10.1.16.jar:10.1.16]
	at org.apache.catalina.core.ApplicationFilterChain.doFilter(ApplicationFilterChain.java:149) ~[tomcat-embed-core-10.1.16.jar:10.1.16]
	at org.springframework.web.filter.FormContentFilter.doFilterInternal(FormContentFilter.java:93) ~[spring-web-6.1.1.jar:6.1.1]
	at org.springframework.web.filter.OncePerRequestFilter.doFilter(OncePerRequestFilter.java:116) ~[spring-web-6.1.1.jar:6.1.1]
	at org.apache.catalina.core.ApplicationFilterChain.internalDoFilter(ApplicationFilterChain.java:174) ~[tomcat-embed-core-10.1.16.jar:10.1.16]
	at org.apache.catalina.core.ApplicationFilterChain.doFilter(ApplicationFilterChain.java:149) ~[tomcat-embed-core-10.1.16.jar:10.1.16]
	at org.springframework.web.filter.CharacterEncodingFilter.doFilterInternal(CharacterEncodingFilter.java:201) ~[spring-web-6.1.1.jar:6.1.1]
	at org.springframework.web.filter.OncePerRequestFilter.doFilter(OncePerRequestFilter.java:116) ~[spring-web-6.1.1.jar:6.1.1]
	at org.apache.catalina.core.ApplicationFilterChain.internalDoFilter(ApplicationFilterChain.java:174) ~[tomcat-embed-core-10.1.16.jar:10.1.16]
	at org.apache.catalina.core.ApplicationFilterChain.doFilter(ApplicationFilterChain.java:149) ~[tomcat-embed-core-10.1.16.jar:10.1.16]
	at org.apache.catalina.core.StandardWrapperValve.invoke(StandardWrapperValve.java:167) ~[tomcat-embed-core-10.1.16.jar:10.1.16]
	at org.apache.catalina.core.StandardContextValve.invoke(StandardContextValve.java:90) ~[tomcat-embed-core-10.1.16.jar:10.1.16]
	at org.apache.catalina.authenticator.AuthenticatorBase.invoke(AuthenticatorBase.java:482) ~[tomcat-embed-core-10.1.16.jar:10.1.16]
	at org.apache.catalina.core.StandardHostValve.invoke(StandardHostValve.java:115) ~[tomcat-embed-core-10.1.16.jar:10.1.16]
	at org.apache.catalina.valves.ErrorReportValve.invoke(ErrorReportValve.java:93) ~[tomcat-embed-core-10.1.16.jar:10.1.16]
	at org.apache.catalina.core.StandardEngineValve.invoke(StandardEngineValve.java:74) ~[tomcat-embed-core-10.1.16.jar:10.1.16]
	at org.apache.catalina.connector.CoyoteAdapter.service(CoyoteAdapter.java:340) ~[tomcat-embed-core-10.1.16.jar:10.1.16]
	at org.apache.coyote.http11.Http11Processor.service(Http11Processor.java:391) ~[tomcat-embed-core-10.1.16.jar:10.1.16]
	at org.apache.coyote.AbstractProcessorLight.process(AbstractProcessorLight.java:63) ~[tomcat-embed-core-10.1.16.jar:10.1.16]
	at org.apache.coyote.AbstractProtocol$ConnectionHandler.process(AbstractProtocol.java:896) ~[tomcat-embed-core-10.1.16.jar:10.1.16]
	at org.apache.tomcat.util.net.NioEndpoint$SocketProcessor.doRun(NioEndpoint.java:1744) ~[tomcat-embed-core-10.1.16.jar:10.1.16]
	at org.apache.tomcat.util.net.SocketProcessorBase.run(SocketProcessorBase.java:52) ~[tomcat-embed-core-10.1.16.jar:10.1.16]
	at org.apache.tomcat.util.threads.ThreadPoolExecutor.runWorker(ThreadPoolExecutor.java:1191) ~[tomcat-embed-core-10.1.16.jar:10.1.16]
	at org.apache.tomcat.util.threads.ThreadPoolExecutor$Worker.run(ThreadPoolExecutor.java:659) ~[tomcat-embed-core-10.1.16.jar:10.1.16]
	at org.apache.tomcat.util.threads.TaskThread$WrappingRunnable.run(TaskThread.java:61) ~[tomcat-embed-core-10.1.16.jar:10.1.16]
	at java.base/java.lang.Thread.run(Thread.java:842) ~[na:na]

2026-05-23T01:56:35.191+01:00  INFO 43616 --- [org.springframework.amqp.rabbit.RabbitListenerEndpointContainer#0-2] o.s.a.r.l.SimpleMessageListenerContainer : Waiting for workers to finish.
2026-05-23T01:56:35.191+01:00  INFO 43616 --- [org.springframework.amqp.rabbit.RabbitListenerEndpointContainer#1-2] o.s.a.r.l.SimpleMessageListenerContainer : Waiting for workers to finish.
2026-05-23T01:56:35.236+01:00  INFO 43616 --- [org.springframework.amqp.rabbit.RabbitListenerEndpointContainer#2-2] o.s.a.r.l.SimpleMessageListenerContainer : Waiting for workers to finish.
2026-05-23T01:56:35.360+01:00  INFO 43616 --- [org.springframework.amqp.rabbit.RabbitListenerEndpointContainer#3-2] o.s.a.r.l.SimpleMessageListenerContainer : Waiting for workers to finish.
2026-05-23T01:56:35.926+01:00  INFO 43616 --- [org.springframework.amqp.rabbit.RabbitListenerEndpointContainer#3-2] o.s.a.r.l.SimpleMessageListenerContainer : Successfully waited for workers to finish.
2026-05-23T01:56:35.926+01:00  INFO 43616 --- [org.springframework.amqp.rabbit.RabbitListenerEndpointContainer#1-2] o.s.a.r.l.SimpleMessageListenerContainer : Successfully waited for workers to finish.
2026-05-23T01:56:36.044+01:00  INFO 43616 --- [org.springframework.amqp.rabbit.RabbitListenerEndpointContainer#0-2] o.s.a.r.l.SimpleMessageListenerContainer : Successfully waited for workers to finish.
2026-05-23T01:56:36.045+01:00  INFO 43616 --- [org.springframework.amqp.rabbit.RabbitListenerEndpointContainer#2-2] o.s.a.r.l.SimpleMessageListenerContainer : Successfully waited for workers to finish.
2026-05-23T01:56:38.712+01:00  INFO 43616 --- [SpringApplicationShutdownHook] j.LocalContainerEntityManagerFactoryBean : Closing JPA EntityManagerFactory for persistence unit 'default'
2026-05-23T01:56:38.838+01:00  INFO 43616 --- [SpringApplicationShutdownHook] com.zaxxer.hikari.HikariDataSource       : HikariPool-1 - Shutdown initiated...
2026-05-23T01:56:38.883+01:00  INFO 43616 --- [SpringApplicationShutdownHook] com.zaxxer.hikari.HikariDataSource       : HikariPool-1 - Shutdown completed.
2026-05-23T01:56:53.653+01:00  INFO 52856 --- [main] com.middleware.KoinsApplication          : Starting KoinsApplication using Java 17.0.11 with PID 52856 (/Users/gamp/Downloads/koins/target/classes started by gamp in /Users/gamp/Downloads/koins)
2026-05-23T01:56:53.658+01:00  INFO 52856 --- [main] com.middleware.KoinsApplication          : No active profile set, falling back to 1 default profile: "default"
2026-05-23T01:56:56.528+01:00  INFO 52856 --- [main] .s.d.r.c.RepositoryConfigurationDelegate : Bootstrapping Spring Data JPA repositories in DEFAULT mode.
2026-05-23T01:56:57.101+01:00  INFO 52856 --- [main] .s.d.r.c.RepositoryConfigurationDelegate : Finished Spring Data repository scanning in 550 ms. Found 6 JPA repository interfaces.
2026-05-23T01:56:59.132+01:00  INFO 52856 --- [main] o.s.b.w.embedded.tomcat.TomcatWebServer  : Tomcat initialized with port 8080 (http)
2026-05-23T01:56:59.161+01:00  INFO 52856 --- [main] o.apache.catalina.core.StandardService   : Starting service [Tomcat]
2026-05-23T01:56:59.161+01:00  INFO 52856 --- [main] o.apache.catalina.core.StandardEngine    : Starting Servlet engine: [Apache Tomcat/10.1.16]
2026-05-23T01:56:59.312+01:00  INFO 52856 --- [main] o.a.c.c.C.[Tomcat].[localhost].[/]       : Initializing Spring embedded WebApplicationContext
2026-05-23T01:56:59.313+01:00  INFO 52856 --- [main] w.s.c.ServletWebServerApplicationContext : Root WebApplicationContext: initialization completed in 5480 ms
2026-05-23T01:56:59.563+01:00  INFO 52856 --- [main] com.zaxxer.hikari.HikariDataSource       : HikariPool-1 - Starting...
2026-05-23T01:56:59.969+01:00  INFO 52856 --- [main] com.zaxxer.hikari.pool.HikariPool        : HikariPool-1 - Added connection com.mysql.cj.jdbc.ConnectionImpl@18026052
2026-05-23T01:56:59.975+01:00  INFO 52856 --- [main] com.zaxxer.hikari.HikariDataSource       : HikariPool-1 - Start completed.
2026-05-23T01:57:00.235+01:00  INFO 52856 --- [main] o.f.c.internal.license.VersionPrinter    : Flyway Community Edition 9.22.3 by Redgate
2026-05-23T01:57:00.235+01:00  INFO 52856 --- [main] o.f.c.internal.license.VersionPrinter    : See release notes here: https://rd.gt/416ObMi
2026-05-23T01:57:00.235+01:00  INFO 52856 --- [main] o.f.c.internal.license.VersionPrinter    : 
2026-05-23T01:57:00.253+01:00  INFO 52856 --- [main] o.f.c.i.resource.ResourceNameValidator   : 1 SQL migrations were detected but not run because they did not follow the filename convention.
2026-05-23T01:57:00.253+01:00  INFO 52856 --- [main] o.f.c.i.resource.ResourceNameValidator   : Set 'validateMigrationNaming' to true to fail fast and see a list of the invalid file names.
2026-05-23T01:57:00.316+01:00  INFO 52856 --- [main] org.flywaydb.core.FlywayExecutor         : Database: jdbc:mysql://localhost:3306/koins_db (MySQL 8.0)
2026-05-23T01:57:00.436+01:00  INFO 52856 --- [main] o.f.core.internal.command.DbValidate     : Successfully validated 2 migrations (execution time 00:00.070s)
2026-05-23T01:57:00.488+01:00  INFO 52856 --- [main] o.f.core.internal.command.DbMigrate      : Current version of schema `koins_db`: 1
2026-05-23T01:57:00.524+01:00  INFO 52856 --- [main] o.f.core.internal.command.DbMigrate      : Migrating schema `koins_db` to version "2 - seed admin user"
2026-05-23T01:57:00.592+01:00  INFO 52856 --- [main] o.f.core.internal.command.DbMigrate      : Successfully applied 1 migration to schema `koins_db`, now at version v2 (execution time 00:00.026s)
2026-05-23T01:57:00.815+01:00  INFO 52856 --- [main] o.hibernate.jpa.internal.util.LogHelper  : HHH000204: Processing PersistenceUnitInfo [name: default]
2026-05-23T01:57:00.987+01:00  INFO 52856 --- [main] org.hibernate.Version                    : HHH000412: Hibernate ORM core version 6.3.1.Final
2026-05-23T01:57:01.106+01:00  INFO 52856 --- [main] o.h.c.internal.RegionFactoryInitiator    : HHH000026: Second-level cache disabled
2026-05-23T01:57:01.787+01:00  INFO 52856 --- [main] o.s.o.j.p.SpringPersistenceUnitInfo      : No LoadTimeWeaver setup: ignoring JPA class transformer
2026-05-23T01:57:01.961+01:00  WARN 52856 --- [main] org.hibernate.orm.deprecation            : HHH90000025: MySQL8Dialect does not need to be specified explicitly using 'hibernate.dialect' (remove the property setting and it will be selected by default)
2026-05-23T01:57:01.962+01:00  WARN 52856 --- [main] org.hibernate.orm.deprecation            : HHH90000026: MySQL8Dialect has been deprecated; use org.hibernate.dialect.MySQLDialect instead
2026-05-23T01:57:02.039+01:00  WARN 52856 --- [main] org.hibernate.orm.incubating             : HHH90006001: Encountered incubating setting [hibernate.type.preferred_uuid_jdbc_type].  See javadoc on corresponding `org.hibernate.cfg.AvailableSettings` constant for details.
2026-05-23T01:57:02.560+01:00  WARN 52856 --- [main] org.hibernate.orm.incubating             : HHH90006001: Encountered incubating setting [hibernate.type.preferred_uuid_jdbc_type].  See javadoc on corresponding `org.hibernate.cfg.AvailableSettings` constant for details.
2026-05-23T01:57:04.293+01:00  INFO 52856 --- [main] o.h.e.t.j.p.i.JtaPlatformInitiator       : HHH000489: No JTA platform available (set 'hibernate.transaction.jta.platform' to enable JTA platform integration)
2026-05-23T01:57:04.390+01:00  INFO 52856 --- [main] j.LocalContainerEntityManagerFactoryBean : Initialized JPA EntityManagerFactory for persistence unit 'default'
2026-05-23T01:57:05.138+01:00  INFO 52856 --- [main] o.s.d.j.r.query.QueryEnhancerFactory     : Hibernate is in classpath; If applicable, HQL parser will be used.
2026-05-23T01:57:09.102+01:00  INFO 52856 --- [main] o.s.b.w.embedded.tomcat.TomcatWebServer  : Tomcat started on port 8080 (http) with context path ''
2026-05-23T01:57:09.112+01:00  INFO 52856 --- [main] o.s.a.r.c.CachingConnectionFactory       : Attempting to connect to: [localhost:5672]
2026-05-23T01:57:09.414+01:00  INFO 52856 --- [main] o.s.a.r.c.CachingConnectionFactory       : Created new connection: rabbitConnectionFactory#a6f34f5:0/SimpleConnection@3125a827 [delegate=amqp://guest@127.0.0.1:5672/, localPort=56757]
2026-05-23T01:57:09.635+01:00  INFO 52856 --- [main] com.middleware.KoinsApplication          : Started KoinsApplication in 17.325 seconds (process running for 18.689)
2026-05-23T01:57:09.897+01:00  INFO 52856 --- [main] c.m.service.impl.WalletServiceImpl       : Wallet hashes repaired successfully
2026-05-23T01:58:00.519+01:00  INFO 52856 --- [http-nio-8080-exec-1] o.a.c.c.C.[Tomcat].[localhost].[/]       : Initializing Spring DispatcherServlet 'dispatcherServlet'
2026-05-23T01:58:00.521+01:00  INFO 52856 --- [http-nio-8080-exec-1] o.s.web.servlet.DispatcherServlet        : Initializing Servlet 'dispatcherServlet'
2026-05-23T01:58:00.530+01:00  INFO 52856 --- [http-nio-8080-exec-1] o.s.web.servlet.DispatcherServlet        : Completed initialization in 5 ms
2026-05-23T01:58:00.574+01:00  WARN 52856 --- [http-nio-8080-exec-1] o.s.w.s.h.HandlerMappingIntrospector     : Cache miss for REQUEST dispatch to '/api/v1/loans/c9b9c2e5-bc5a-4413-93ed-03b6fe3b83ce/disburse' (previous null). Performing CorsConfiguration lookup. This is logged once only at WARN level, and every time at TRACE.
2026-05-23T01:58:01.215+01:00  WARN 52856 --- [http-nio-8080-exec-1] o.s.w.s.h.HandlerMappingIntrospector     : Cache miss for REQUEST dispatch to '/api/v1/loans/c9b9c2e5-bc5a-4413-93ed-03b6fe3b83ce/disburse' (previous null). Performing MatchableHandlerMapping lookup. This is logged once only at WARN level, and every time at TRACE.
2026-05-23T01:58:01.715+01:00 ERROR 52856 --- [http-nio-8080-exec-1] c.m.exception.GlobalExceptionHandler     : Unexpected error: 

java.lang.SecurityException: Loan data tampering detected
	at com.middleware.security.CryptoUtil.validateLoanHash(CryptoUtil.java:117) ~[classes/:na]
	at com.middleware.service.impl.LoanServiceImpl.disburseLoan(LoanServiceImpl.java:130) ~[classes/:na]
	at java.base/jdk.internal.reflect.NativeMethodAccessorImpl.invoke0(Native Method) ~[na:na]
	at java.base/jdk.internal.reflect.NativeMethodAccessorImpl.invoke(NativeMethodAccessorImpl.java:77) ~[na:na]
	at java.base/jdk.internal.reflect.DelegatingMethodAccessorImpl.invoke(DelegatingMethodAccessorImpl.java:43) ~[na:na]
	at java.base/java.lang.reflect.Method.invoke(Method.java:568) ~[na:na]
	at org.springframework.aop.support.AopUtils.invokeJoinpointUsingReflection(AopUtils.java:352) ~[spring-aop-6.1.1.jar:6.1.1]
	at org.springframework.aop.framework.ReflectiveMethodInvocation.invokeJoinpoint(ReflectiveMethodInvocation.java:196) ~[spring-aop-6.1.1.jar:6.1.1]
	at org.springframework.aop.framework.ReflectiveMethodInvocation.proceed(ReflectiveMethodInvocation.java:163) ~[spring-aop-6.1.1.jar:6.1.1]
	at org.springframework.aop.framework.CglibAopProxy$CglibMethodInvocation.proceed(CglibAopProxy.java:765) ~[spring-aop-6.1.1.jar:6.1.1]
	at org.springframework.transaction.interceptor.TransactionInterceptor$1.proceedWithInvocation(TransactionInterceptor.java:123) ~[spring-tx-6.1.1.jar:6.1.1]
	at org.springframework.transaction.interceptor.TransactionAspectSupport.invokeWithinTransaction(TransactionAspectSupport.java:385) ~[spring-tx-6.1.1.jar:6.1.1]
	at org.springframework.transaction.interceptor.TransactionInterceptor.invoke(TransactionInterceptor.java:119) ~[spring-tx-6.1.1.jar:6.1.1]
	at org.springframework.aop.framework.ReflectiveMethodInvocation.proceed(ReflectiveMethodInvocation.java:184) ~[spring-aop-6.1.1.jar:6.1.1]
	at org.springframework.aop.framework.CglibAopProxy$CglibMethodInvocation.proceed(CglibAopProxy.java:765) ~[spring-aop-6.1.1.jar:6.1.1]
	at org.springframework.aop.framework.CglibAopProxy$DynamicAdvisedInterceptor.intercept(CglibAopProxy.java:717) ~[spring-aop-6.1.1.jar:6.1.1]
	at com.middleware.service.impl.LoanServiceImpl$$SpringCGLIB$$0.disburseLoan(<generated>) ~[classes/:na]
	at com.middleware.controller.LoanController.disburseLoan(LoanController.java:64) ~[classes/:na]
	at java.base/jdk.internal.reflect.NativeMethodAccessorImpl.invoke0(Native Method) ~[na:na]
	at java.base/jdk.internal.reflect.NativeMethodAccessorImpl.invoke(NativeMethodAccessorImpl.java:77) ~[na:na]
	at java.base/jdk.internal.reflect.DelegatingMethodAccessorImpl.invoke(DelegatingMethodAccessorImpl.java:43) ~[na:na]
	at java.base/java.lang.reflect.Method.invoke(Method.java:568) ~[na:na]
	at org.springframework.aop.support.AopUtils.invokeJoinpointUsingReflection(AopUtils.java:352) ~[spring-aop-6.1.1.jar:6.1.1]
	at org.springframework.aop.framework.ReflectiveMethodInvocation.invokeJoinpoint(ReflectiveMethodInvocation.java:196) ~[spring-aop-6.1.1.jar:6.1.1]
	at org.springframework.aop.framework.ReflectiveMethodInvocation.proceed(ReflectiveMethodInvocation.java:163) ~[spring-aop-6.1.1.jar:6.1.1]
	at org.springframework.aop.framework.CglibAopProxy$CglibMethodInvocation.proceed(CglibAopProxy.java:765) ~[spring-aop-6.1.1.jar:6.1.1]
	at org.springframework.aop.aspectj.MethodInvocationProceedingJoinPoint.proceed(MethodInvocationProceedingJoinPoint.java:89) ~[spring-aop-6.1.1.jar:6.1.1]
	at com.middleware.config.AuditAspect.audit(AuditAspect.java:45) ~[classes/:na]
	at java.base/jdk.internal.reflect.NativeMethodAccessorImpl.invoke0(Native Method) ~[na:na]
	at java.base/jdk.internal.reflect.NativeMethodAccessorImpl.invoke(NativeMethodAccessorImpl.java:77) ~[na:na]
	at java.base/jdk.internal.reflect.DelegatingMethodAccessorImpl.invoke(DelegatingMethodAccessorImpl.java:43) ~[na:na]
	at java.base/java.lang.reflect.Method.invoke(Method.java:568) ~[na:na]
	at org.springframework.aop.aspectj.AbstractAspectJAdvice.invokeAdviceMethodWithGivenArgs(AbstractAspectJAdvice.java:637) ~[spring-aop-6.1.1.jar:6.1.1]
	at org.springframework.aop.aspectj.AbstractAspectJAdvice.invokeAdviceMethod(AbstractAspectJAdvice.java:627) ~[spring-aop-6.1.1.jar:6.1.1]
	at org.springframework.aop.aspectj.AspectJAroundAdvice.invoke(AspectJAroundAdvice.java:71) ~[spring-aop-6.1.1.jar:6.1.1]
	at org.springframework.aop.framework.ReflectiveMethodInvocation.proceed(ReflectiveMethodInvocation.java:173) ~[spring-aop-6.1.1.jar:6.1.1]
	at org.springframework.aop.framework.CglibAopProxy$CglibMethodInvocation.proceed(CglibAopProxy.java:765) ~[spring-aop-6.1.1.jar:6.1.1]
	at org.springframework.security.authorization.method.AuthorizationManagerBeforeMethodInterceptor.invoke(AuthorizationManagerBeforeMethodInterceptor.java:198) ~[spring-security-core-6.2.0.jar:6.2.0]
	at org.springframework.aop.framework.ReflectiveMethodInvocation.proceed(ReflectiveMethodInvocation.java:184) ~[spring-aop-6.1.1.jar:6.1.1]
	at org.springframework.aop.framework.CglibAopProxy$CglibMethodInvocation.proceed(CglibAopProxy.java:765) ~[spring-aop-6.1.1.jar:6.1.1]
	at org.springframework.aop.interceptor.ExposeInvocationInterceptor.invoke(ExposeInvocationInterceptor.java:97) ~[spring-aop-6.1.1.jar:6.1.1]
	at org.springframework.aop.framework.ReflectiveMethodInvocation.proceed(ReflectiveMethodInvocation.java:184) ~[spring-aop-6.1.1.jar:6.1.1]
	at org.springframework.aop.framework.CglibAopProxy$CglibMethodInvocation.proceed(CglibAopProxy.java:765) ~[spring-aop-6.1.1.jar:6.1.1]
	at org.springframework.aop.framework.CglibAopProxy$DynamicAdvisedInterceptor.intercept(CglibAopProxy.java:717) ~[spring-aop-6.1.1.jar:6.1.1]
	at com.middleware.controller.LoanController$$SpringCGLIB$$0.disburseLoan(<generated>) ~[classes/:na]
	at java.base/jdk.internal.reflect.NativeMethodAccessorImpl.invoke0(Native Method) ~[na:na]
	at java.base/jdk.internal.reflect.NativeMethodAccessorImpl.invoke(NativeMethodAccessorImpl.java:77) ~[na:na]
	at java.base/jdk.internal.reflect.DelegatingMethodAccessorImpl.invoke(DelegatingMethodAccessorImpl.java:43) ~[na:na]
	at java.base/java.lang.reflect.Method.invoke(Method.java:568) ~[na:na]
	at org.springframework.web.method.support.InvocableHandlerMethod.doInvoke(InvocableHandlerMethod.java:254) ~[spring-web-6.1.1.jar:6.1.1]
	at org.springframework.web.method.support.InvocableHandlerMethod.invokeForRequest(InvocableHandlerMethod.java:182) ~[spring-web-6.1.1.jar:6.1.1]
	at org.springframework.web.servlet.mvc.method.annotation.ServletInvocableHandlerMethod.invokeAndHandle(ServletInvocableHandlerMethod.java:118) ~[spring-webmvc-6.1.1.jar:6.1.1]
	at org.springframework.web.servlet.mvc.method.annotation.RequestMappingHandlerAdapter.invokeHandlerMethod(RequestMappingHandlerAdapter.java:917) ~[spring-webmvc-6.1.1.jar:6.1.1]
	at org.springframework.web.servlet.mvc.method.annotation.RequestMappingHandlerAdapter.handleInternal(RequestMappingHandlerAdapter.java:829) ~[spring-webmvc-6.1.1.jar:6.1.1]
	at org.springframework.web.servlet.mvc.method.AbstractHandlerMethodAdapter.handle(AbstractHandlerMethodAdapter.java:87) ~[spring-webmvc-6.1.1.jar:6.1.1]
	at org.springframework.web.servlet.DispatcherServlet.doDispatch(DispatcherServlet.java:1089) ~[spring-webmvc-6.1.1.jar:6.1.1]
	at org.springframework.web.servlet.DispatcherServlet.doService(DispatcherServlet.java:979) ~[spring-webmvc-6.1.1.jar:6.1.1]
	at org.springframework.web.servlet.FrameworkServlet.processRequest(FrameworkServlet.java:1014) ~[spring-webmvc-6.1.1.jar:6.1.1]
	at org.springframework.web.servlet.FrameworkServlet.doPut(FrameworkServlet.java:925) ~[spring-webmvc-6.1.1.jar:6.1.1]
	at jakarta.servlet.http.HttpServlet.service(HttpServlet.java:593) ~[tomcat-embed-core-10.1.16.jar:6.0]
	at org.springframework.web.servlet.FrameworkServlet.service(FrameworkServlet.java:885) ~[spring-webmvc-6.1.1.jar:6.1.1]
	at jakarta.servlet.http.HttpServlet.service(HttpServlet.java:658) ~[tomcat-embed-core-10.1.16.jar:6.0]
	at org.apache.catalina.core.ApplicationFilterChain.internalDoFilter(ApplicationFilterChain.java:205) ~[tomcat-embed-core-10.1.16.jar:10.1.16]
	at org.apache.catalina.core.ApplicationFilterChain.doFilter(ApplicationFilterChain.java:149) ~[tomcat-embed-core-10.1.16.jar:10.1.16]
	at org.apache.tomcat.websocket.server.WsFilter.doFilter(WsFilter.java:51) ~[tomcat-embed-websocket-10.1.16.jar:10.1.16]
	at org.apache.catalina.core.ApplicationFilterChain.internalDoFilter(ApplicationFilterChain.java:174) ~[tomcat-embed-core-10.1.16.jar:10.1.16]
	at org.apache.catalina.core.ApplicationFilterChain.doFilter(ApplicationFilterChain.java:149) ~[tomcat-embed-core-10.1.16.jar:10.1.16]
	at org.springframework.web.filter.OncePerRequestFilter.doFilter(OncePerRequestFilter.java:110) ~[spring-web-6.1.1.jar:6.1.1]
	at org.apache.catalina.core.ApplicationFilterChain.internalDoFilter(ApplicationFilterChain.java:174) ~[tomcat-embed-core-10.1.16.jar:10.1.16]
	at org.apache.catalina.core.ApplicationFilterChain.doFilter(ApplicationFilterChain.java:149) ~[tomcat-embed-core-10.1.16.jar:10.1.16]
	at org.springframework.security.web.FilterChainProxy.lambda$doFilterInternal$3(FilterChainProxy.java:231) ~[spring-security-web-6.2.0.jar:6.2.0]
	at org.springframework.security.web.FilterChainProxy$VirtualFilterChain.doFilter(FilterChainProxy.java:365) ~[spring-security-web-6.2.0.jar:6.2.0]
	at org.springframework.security.web.access.intercept.AuthorizationFilter.doFilter(AuthorizationFilter.java:100) ~[spring-security-web-6.2.0.jar:6.2.0]
	at org.springframework.security.web.FilterChainProxy$VirtualFilterChain.doFilter(FilterChainProxy.java:374) ~[spring-security-web-6.2.0.jar:6.2.0]
	at org.springframework.security.web.access.ExceptionTranslationFilter.doFilter(ExceptionTranslationFilter.java:126) ~[spring-security-web-6.2.0.jar:6.2.0]
	at org.springframework.security.web.access.ExceptionTranslationFilter.doFilter(ExceptionTranslationFilter.java:120) ~[spring-security-web-6.2.0.jar:6.2.0]
	at org.springframework.security.web.FilterChainProxy$VirtualFilterChain.doFilter(FilterChainProxy.java:374) ~[spring-security-web-6.2.0.jar:6.2.0]
	at org.springframework.security.web.session.SessionManagementFilter.doFilter(SessionManagementFilter.java:131) ~[spring-security-web-6.2.0.jar:6.2.0]
	at org.springframework.security.web.session.SessionManagementFilter.doFilter(SessionManagementFilter.java:85) ~[spring-security-web-6.2.0.jar:6.2.0]
	at org.springframework.security.web.FilterChainProxy$VirtualFilterChain.doFilter(FilterChainProxy.java:374) ~[spring-security-web-6.2.0.jar:6.2.0]
	at org.springframework.security.web.authentication.AnonymousAuthenticationFilter.doFilter(AnonymousAuthenticationFilter.java:100) ~[spring-security-web-6.2.0.jar:6.2.0]
	at org.springframework.security.web.FilterChainProxy$VirtualFilterChain.doFilter(FilterChainProxy.java:374) ~[spring-security-web-6.2.0.jar:6.2.0]
	at org.springframework.security.web.servletapi.SecurityContextHolderAwareRequestFilter.doFilter(SecurityContextHolderAwareRequestFilter.java:179) ~[spring-security-web-6.2.0.jar:6.2.0]
	at org.springframework.security.web.FilterChainProxy$VirtualFilterChain.doFilter(FilterChainProxy.java:374) ~[spring-security-web-6.2.0.jar:6.2.0]
	at org.springframework.security.web.savedrequest.RequestCacheAwareFilter.doFilter(RequestCacheAwareFilter.java:63) ~[spring-security-web-6.2.0.jar:6.2.0]
	at org.springframework.security.web.FilterChainProxy$VirtualFilterChain.doFilter(FilterChainProxy.java:374) ~[spring-security-web-6.2.0.jar:6.2.0]
	at com.middleware.security.JwtAuthenticationFilter.doFilterInternal(JwtAuthenticationFilter.java:53) ~[classes/:na]
	at org.springframework.web.filter.OncePerRequestFilter.doFilter(OncePerRequestFilter.java:116) ~[spring-web-6.1.1.jar:6.1.1]
	at org.springframework.security.web.FilterChainProxy$VirtualFilterChain.doFilter(FilterChainProxy.java:374) ~[spring-security-web-6.2.0.jar:6.2.0]
	at org.springframework.security.web.authentication.logout.LogoutFilter.doFilter(LogoutFilter.java:107) ~[spring-security-web-6.2.0.jar:6.2.0]
	at org.springframework.security.web.authentication.logout.LogoutFilter.doFilter(LogoutFilter.java:93) ~[spring-security-web-6.2.0.jar:6.2.0]
	at org.springframework.security.web.FilterChainProxy$VirtualFilterChain.doFilter(FilterChainProxy.java:374) ~[spring-security-web-6.2.0.jar:6.2.0]
	at org.springframework.web.filter.CorsFilter.doFilterInternal(CorsFilter.java:91) ~[spring-web-6.1.1.jar:6.1.1]
	at org.springframework.web.filter.OncePerRequestFilter.doFilter(OncePerRequestFilter.java:116) ~[spring-web-6.1.1.jar:6.1.1]
	at org.springframework.security.web.FilterChainProxy$VirtualFilterChain.doFilter(FilterChainProxy.java:374) ~[spring-security-web-6.2.0.jar:6.2.0]
	at org.springframework.security.web.header.HeaderWriterFilter.doHeadersAfter(HeaderWriterFilter.java:90) ~[spring-security-web-6.2.0.jar:6.2.0]
	at org.springframework.security.web.header.HeaderWriterFilter.doFilterInternal(HeaderWriterFilter.java:75) ~[spring-security-web-6.2.0.jar:6.2.0]
	at org.springframework.web.filter.OncePerRequestFilter.doFilter(OncePerRequestFilter.java:116) ~[spring-web-6.1.1.jar:6.1.1]
	at org.springframework.security.web.FilterChainProxy$VirtualFilterChain.doFilter(FilterChainProxy.java:374) ~[spring-security-web-6.2.0.jar:6.2.0]
	at org.springframework.security.web.context.SecurityContextHolderFilter.doFilter(SecurityContextHolderFilter.java:82) ~[spring-security-web-6.2.0.jar:6.2.0]
	at org.springframework.security.web.context.SecurityContextHolderFilter.doFilter(SecurityContextHolderFilter.java:69) ~[spring-security-web-6.2.0.jar:6.2.0]
	at org.springframework.security.web.FilterChainProxy$VirtualFilterChain.doFilter(FilterChainProxy.java:374) ~[spring-security-web-6.2.0.jar:6.2.0]
	at org.springframework.security.web.context.request.async.WebAsyncManagerIntegrationFilter.doFilterInternal(WebAsyncManagerIntegrationFilter.java:62) ~[spring-security-web-6.2.0.jar:6.2.0]
	at org.springframework.web.filter.OncePerRequestFilter.doFilter(OncePerRequestFilter.java:116) ~[spring-web-6.1.1.jar:6.1.1]
	at org.springframework.security.web.FilterChainProxy$VirtualFilterChain.doFilter(FilterChainProxy.java:374) ~[spring-security-web-6.2.0.jar:6.2.0]
	at org.springframework.security.web.session.DisableEncodeUrlFilter.doFilterInternal(DisableEncodeUrlFilter.java:42) ~[spring-security-web-6.2.0.jar:6.2.0]
	at org.springframework.web.filter.OncePerRequestFilter.doFilter(OncePerRequestFilter.java:116) ~[spring-web-6.1.1.jar:6.1.1]
	at org.springframework.security.web.FilterChainProxy$VirtualFilterChain.doFilter(FilterChainProxy.java:374) ~[spring-security-web-6.2.0.jar:6.2.0]
	at org.springframework.security.web.FilterChainProxy.doFilterInternal(FilterChainProxy.java:233) ~[spring-security-web-6.2.0.jar:6.2.0]
	at org.springframework.security.web.FilterChainProxy.doFilter(FilterChainProxy.java:191) ~[spring-security-web-6.2.0.jar:6.2.0]
	at org.springframework.web.filter.DelegatingFilterProxy.invokeDelegate(DelegatingFilterProxy.java:352) ~[spring-web-6.1.1.jar:6.1.1]
	at org.springframework.web.filter.DelegatingFilterProxy.doFilter(DelegatingFilterProxy.java:268) ~[spring-web-6.1.1.jar:6.1.1]
	at org.apache.catalina.core.ApplicationFilterChain.internalDoFilter(ApplicationFilterChain.java:174) ~[tomcat-embed-core-10.1.16.jar:10.1.16]
	at org.apache.catalina.core.ApplicationFilterChain.doFilter(ApplicationFilterChain.java:149) ~[tomcat-embed-core-10.1.16.jar:10.1.16]
	at org.springframework.web.filter.RequestContextFilter.doFilterInternal(RequestContextFilter.java:100) ~[spring-web-6.1.1.jar:6.1.1]
	at org.springframework.web.filter.OncePerRequestFilter.doFilter(OncePerRequestFilter.java:116) ~[spring-web-6.1.1.jar:6.1.1]
	at org.apache.catalina.core.ApplicationFilterChain.internalDoFilter(ApplicationFilterChain.java:174) ~[tomcat-embed-core-10.1.16.jar:10.1.16]
	at org.apache.catalina.core.ApplicationFilterChain.doFilter(ApplicationFilterChain.java:149) ~[tomcat-embed-core-10.1.16.jar:10.1.16]
	at org.springframework.web.filter.FormContentFilter.doFilterInternal(FormContentFilter.java:93) ~[spring-web-6.1.1.jar:6.1.1]
	at org.springframework.web.filter.OncePerRequestFilter.doFilter(OncePerRequestFilter.java:116) ~[spring-web-6.1.1.jar:6.1.1]
	at org.apache.catalina.core.ApplicationFilterChain.internalDoFilter(ApplicationFilterChain.java:174) ~[tomcat-embed-core-10.1.16.jar:10.1.16]
	at org.apache.catalina.core.ApplicationFilterChain.doFilter(ApplicationFilterChain.java:149) ~[tomcat-embed-core-10.1.16.jar:10.1.16]
	at org.springframework.web.filter.CharacterEncodingFilter.doFilterInternal(CharacterEncodingFilter.java:201) ~[spring-web-6.1.1.jar:6.1.1]
	at org.springframework.web.filter.OncePerRequestFilter.doFilter(OncePerRequestFilter.java:116) ~[spring-web-6.1.1.jar:6.1.1]
	at org.apache.catalina.core.ApplicationFilterChain.internalDoFilter(ApplicationFilterChain.java:174) ~[tomcat-embed-core-10.1.16.jar:10.1.16]
	at org.apache.catalina.core.ApplicationFilterChain.doFilter(ApplicationFilterChain.java:149) ~[tomcat-embed-core-10.1.16.jar:10.1.16]
	at org.apache.catalina.core.StandardWrapperValve.invoke(StandardWrapperValve.java:167) ~[tomcat-embed-core-10.1.16.jar:10.1.16]
	at org.apache.catalina.core.StandardContextValve.invoke(StandardContextValve.java:90) ~[tomcat-embed-core-10.1.16.jar:10.1.16]
	at org.apache.catalina.authenticator.AuthenticatorBase.invoke(AuthenticatorBase.java:482) ~[tomcat-embed-core-10.1.16.jar:10.1.16]
	at org.apache.catalina.core.StandardHostValve.invoke(StandardHostValve.java:115) ~[tomcat-embed-core-10.1.16.jar:10.1.16]
	at org.apache.catalina.valves.ErrorReportValve.invoke(ErrorReportValve.java:93) ~[tomcat-embed-core-10.1.16.jar:10.1.16]
	at org.apache.catalina.core.StandardEngineValve.invoke(StandardEngineValve.java:74) ~[tomcat-embed-core-10.1.16.jar:10.1.16]
	at org.apache.catalina.connector.CoyoteAdapter.service(CoyoteAdapter.java:340) ~[tomcat-embed-core-10.1.16.jar:10.1.16]
	at org.apache.coyote.http11.Http11Processor.service(Http11Processor.java:391) ~[tomcat-embed-core-10.1.16.jar:10.1.16]
	at org.apache.coyote.AbstractProcessorLight.process(AbstractProcessorLight.java:63) ~[tomcat-embed-core-10.1.16.jar:10.1.16]
	at org.apache.coyote.AbstractProtocol$ConnectionHandler.process(AbstractProtocol.java:896) ~[tomcat-embed-core-10.1.16.jar:10.1.16]
	at org.apache.tomcat.util.net.NioEndpoint$SocketProcessor.doRun(NioEndpoint.java:1744) ~[tomcat-embed-core-10.1.16.jar:10.1.16]
	at org.apache.tomcat.util.net.SocketProcessorBase.run(SocketProcessorBase.java:52) ~[tomcat-embed-core-10.1.16.jar:10.1.16]
	at org.apache.tomcat.util.threads.ThreadPoolExecutor.runWorker(ThreadPoolExecutor.java:1191) ~[tomcat-embed-core-10.1.16.jar:10.1.16]
	at org.apache.tomcat.util.threads.ThreadPoolExecutor$Worker.run(ThreadPoolExecutor.java:659) ~[tomcat-embed-core-10.1.16.jar:10.1.16]
	at org.apache.tomcat.util.threads.TaskThread$WrappingRunnable.run(TaskThread.java:61) ~[tomcat-embed-core-10.1.16.jar:10.1.16]
	at java.base/java.lang.Thread.run(Thread.java:842) ~[na:na]

2026-05-23T02:01:26.671+01:00  INFO 52856 --- [org.springframework.amqp.rabbit.RabbitListenerEndpointContainer#2-2] o.s.a.r.l.SimpleMessageListenerContainer : Waiting for workers to finish.
2026-05-23T02:01:26.669+01:00  INFO 52856 --- [org.springframework.amqp.rabbit.RabbitListenerEndpointContainer#1-2] o.s.a.r.l.SimpleMessageListenerContainer : Waiting for workers to finish.
2026-05-23T02:01:26.668+01:00  INFO 52856 --- [org.springframework.amqp.rabbit.RabbitListenerEndpointContainer#0-2] o.s.a.r.l.SimpleMessageListenerContainer : Waiting for workers to finish.
2026-05-23T02:01:26.704+01:00  INFO 52856 --- [org.springframework.amqp.rabbit.RabbitListenerEndpointContainer#3-2] o.s.a.r.l.SimpleMessageListenerContainer : Waiting for workers to finish.
2026-05-23T02:01:27.388+01:00  INFO 52856 --- [org.springframework.amqp.rabbit.RabbitListenerEndpointContainer#1-2] o.s.a.r.l.SimpleMessageListenerContainer : Successfully waited for workers to finish.
2026-05-23T02:01:27.388+01:00  INFO 52856 --- [org.springframework.amqp.rabbit.RabbitListenerEndpointContainer#3-2] o.s.a.r.l.SimpleMessageListenerContainer : Successfully waited for workers to finish.
2026-05-23T02:01:27.387+01:00  INFO 52856 --- [org.springframework.amqp.rabbit.RabbitListenerEndpointContainer#2-2] o.s.a.r.l.SimpleMessageListenerContainer : Successfully waited for workers to finish.
2026-05-23T02:01:27.388+01:00  INFO 52856 --- [org.springframework.amqp.rabbit.RabbitListenerEndpointContainer#0-2] o.s.a.r.l.SimpleMessageListenerContainer : Successfully waited for workers to finish.
2026-05-23T02:01:27.532+01:00  INFO 52856 --- [SpringApplicationShutdownHook] j.LocalContainerEntityManagerFactoryBean : Closing JPA EntityManagerFactory for persistence unit 'default'
2026-05-23T02:01:27.541+01:00  INFO 52856 --- [SpringApplicationShutdownHook] com.zaxxer.hikari.HikariDataSource       : HikariPool-1 - Shutdown initiated...
2026-05-23T02:01:27.564+01:00  INFO 52856 --- [SpringApplicationShutdownHook] com.zaxxer.hikari.HikariDataSource       : HikariPool-1 - Shutdown completed.
2026-05-23T02:01:35.135+01:00  INFO 53696 --- [main] com.middleware.KoinsApplication          : Starting KoinsApplication using Java 17.0.11 with PID 53696 (/Users/gamp/Downloads/koins/target/classes started by gamp in /Users/gamp/Downloads/koins)
2026-05-23T02:01:35.150+01:00  INFO 53696 --- [main] com.middleware.KoinsApplication          : No active profile set, falling back to 1 default profile: "default"
2026-05-23T02:01:37.986+01:00  INFO 53696 --- [main] .s.d.r.c.RepositoryConfigurationDelegate : Bootstrapping Spring Data JPA repositories in DEFAULT mode.
2026-05-23T02:01:38.467+01:00  INFO 53696 --- [main] .s.d.r.c.RepositoryConfigurationDelegate : Finished Spring Data repository scanning in 459 ms. Found 6 JPA repository interfaces.
2026-05-23T02:01:40.181+01:00  INFO 53696 --- [main] o.s.b.w.embedded.tomcat.TomcatWebServer  : Tomcat initialized with port 8080 (http)
2026-05-23T02:01:40.200+01:00  INFO 53696 --- [main] o.apache.catalina.core.StandardService   : Starting service [Tomcat]
2026-05-23T02:01:40.201+01:00  INFO 53696 --- [main] o.apache.catalina.core.StandardEngine    : Starting Servlet engine: [Apache Tomcat/10.1.16]
2026-05-23T02:01:40.337+01:00  INFO 53696 --- [main] o.a.c.c.C.[Tomcat].[localhost].[/]       : Initializing Spring embedded WebApplicationContext
2026-05-23T02:01:40.337+01:00  INFO 53696 --- [main] w.s.c.ServletWebServerApplicationContext : Root WebApplicationContext: initialization completed in 5019 ms
2026-05-23T02:01:40.598+01:00  INFO 53696 --- [main] com.zaxxer.hikari.HikariDataSource       : HikariPool-1 - Starting...
2026-05-23T02:01:40.883+01:00  INFO 53696 --- [main] com.zaxxer.hikari.pool.HikariPool        : HikariPool-1 - Added connection com.mysql.cj.jdbc.ConnectionImpl@6e068ac9
2026-05-23T02:01:40.886+01:00  INFO 53696 --- [main] com.zaxxer.hikari.HikariDataSource       : HikariPool-1 - Start completed.
2026-05-23T02:01:41.086+01:00  INFO 53696 --- [main] o.f.c.internal.license.VersionPrinter    : Flyway Community Edition 9.22.3 by Redgate
2026-05-23T02:01:41.087+01:00  INFO 53696 --- [main] o.f.c.internal.license.VersionPrinter    : See release notes here: https://rd.gt/416ObMi
2026-05-23T02:01:41.087+01:00  INFO 53696 --- [main] o.f.c.internal.license.VersionPrinter    : 
2026-05-23T02:01:41.114+01:00  INFO 53696 --- [main] o.f.c.i.resource.ResourceNameValidator   : 1 SQL migrations were detected but not run because they did not follow the filename convention.
2026-05-23T02:01:41.115+01:00  INFO 53696 --- [main] o.f.c.i.resource.ResourceNameValidator   : Set 'validateMigrationNaming' to true to fail fast and see a list of the invalid file names.
2026-05-23T02:01:41.158+01:00  INFO 53696 --- [main] org.flywaydb.core.FlywayExecutor         : Database: jdbc:mysql://localhost:3306/koins_db (MySQL 8.0)
2026-05-23T02:01:41.282+01:00  INFO 53696 --- [main] o.f.core.internal.command.DbValidate     : Successfully validated 2 migrations (execution time 00:00.064s)
2026-05-23T02:01:41.331+01:00  INFO 53696 --- [main] o.f.core.internal.command.DbMigrate      : Current version of schema `koins_db`: 2
2026-05-23T02:01:41.341+01:00  INFO 53696 --- [main] o.f.core.internal.command.DbMigrate      : Schema `koins_db` is up to date. No migration necessary.
2026-05-23T02:01:41.561+01:00  INFO 53696 --- [main] o.hibernate.jpa.internal.util.LogHelper  : HHH000204: Processing PersistenceUnitInfo [name: default]
2026-05-23T02:01:41.682+01:00  INFO 53696 --- [main] org.hibernate.Version                    : HHH000412: Hibernate ORM core version 6.3.1.Final
2026-05-23T02:01:41.751+01:00  INFO 53696 --- [main] o.h.c.internal.RegionFactoryInitiator    : HHH000026: Second-level cache disabled
2026-05-23T02:01:42.192+01:00  INFO 53696 --- [main] o.s.o.j.p.SpringPersistenceUnitInfo      : No LoadTimeWeaver setup: ignoring JPA class transformer
2026-05-23T02:01:42.298+01:00  WARN 53696 --- [main] org.hibernate.orm.deprecation            : HHH90000025: MySQL8Dialect does not need to be specified explicitly using 'hibernate.dialect' (remove the property setting and it will be selected by default)
2026-05-23T02:01:42.300+01:00  WARN 53696 --- [main] org.hibernate.orm.deprecation            : HHH90000026: MySQL8Dialect has been deprecated; use org.hibernate.dialect.MySQLDialect instead
2026-05-23T02:01:42.347+01:00  WARN 53696 --- [main] org.hibernate.orm.incubating             : HHH90006001: Encountered incubating setting [hibernate.type.preferred_uuid_jdbc_type].  See javadoc on corresponding `org.hibernate.cfg.AvailableSettings` constant for details.
2026-05-23T02:01:42.836+01:00  WARN 53696 --- [main] org.hibernate.orm.incubating             : HHH90006001: Encountered incubating setting [hibernate.type.preferred_uuid_jdbc_type].  See javadoc on corresponding `org.hibernate.cfg.AvailableSettings` constant for details.
2026-05-23T02:01:44.174+01:00  INFO 53696 --- [main] o.h.e.t.j.p.i.JtaPlatformInitiator       : HHH000489: No JTA platform available (set 'hibernate.transaction.jta.platform' to enable JTA platform integration)
2026-05-23T02:01:44.289+01:00  INFO 53696 --- [main] j.LocalContainerEntityManagerFactoryBean : Initialized JPA EntityManagerFactory for persistence unit 'default'
2026-05-23T02:01:44.998+01:00  INFO 53696 --- [main] o.s.d.j.r.query.QueryEnhancerFactory     : Hibernate is in classpath; If applicable, HQL parser will be used.
2026-05-23T02:01:48.677+01:00  INFO 53696 --- [main] o.s.b.w.embedded.tomcat.TomcatWebServer  : Tomcat started on port 8080 (http) with context path ''
2026-05-23T02:01:48.684+01:00  INFO 53696 --- [main] o.s.a.r.c.CachingConnectionFactory       : Attempting to connect to: [localhost:5672]
2026-05-23T02:01:48.833+01:00  INFO 53696 --- [main] o.s.a.r.c.CachingConnectionFactory       : Created new connection: rabbitConnectionFactory#61563a91:0/SimpleConnection@15688af [delegate=amqp://guest@127.0.0.1:5672/, localPort=56842]
2026-05-23T02:01:48.965+01:00  INFO 53696 --- [main] com.middleware.KoinsApplication          : Started KoinsApplication in 15.129 seconds (process running for 16.583)
2026-05-23T02:01:49.179+01:00  INFO 53696 --- [main] c.m.service.impl.LoanServiceImpl         : Loan hashes repaired successfully
2026-05-23T02:02:12.524+01:00  INFO 53696 --- [http-nio-8080-exec-1] o.a.c.c.C.[Tomcat].[localhost].[/]       : Initializing Spring DispatcherServlet 'dispatcherServlet'
2026-05-23T02:02:12.526+01:00  INFO 53696 --- [http-nio-8080-exec-1] o.s.web.servlet.DispatcherServlet        : Initializing Servlet 'dispatcherServlet'
2026-05-23T02:02:12.532+01:00  INFO 53696 --- [http-nio-8080-exec-1] o.s.web.servlet.DispatcherServlet        : Completed initialization in 5 ms
2026-05-23T02:02:12.573+01:00  WARN 53696 --- [http-nio-8080-exec-1] o.s.w.s.h.HandlerMappingIntrospector     : Cache miss for REQUEST dispatch to '/api/v1/loans/c9b9c2e5-bc5a-4413-93ed-03b6fe3b83ce/disburse' (previous null). Performing CorsConfiguration lookup. This is logged once only at WARN level, and every time at TRACE.
2026-05-23T02:02:13.583+01:00  WARN 53696 --- [http-nio-8080-exec-1] o.s.w.s.h.HandlerMappingIntrospector     : Cache miss for REQUEST dispatch to '/api/v1/loans/c9b9c2e5-bc5a-4413-93ed-03b6fe3b83ce/disburse' (previous null). Performing MatchableHandlerMapping lookup. This is logged once only at WARN level, and every time at TRACE.
2026-05-23T02:02:14.657+01:00  INFO 53696 --- [http-nio-8080-exec-1] c.m.messaging.NotificationPublisher      : Published loan notification: event=LOAN_DISBURSED, loanId=c9b9c2e5-bc5a-4413-93ed-03b6fe3b83ce, user=lame17@mytempmail.org
2026-05-23T02:02:14.657+01:00  INFO 53696 --- [http-nio-8080-exec-1] c.m.service.impl.LoanServiceImpl         : Loan disbursed: c9b9c2e5-bc5a-4413-93ed-03b6fe3b83ce, Amount: 10000
2026-05-23T02:02:15.355+01:00  INFO 53696 --- [org.springframework.amqp.rabbit.RabbitListenerEndpointContainer#1-1] c.m.messaging.NotificationConsumer       : Consuming loan notification: event=LOAN_DISBURSED, loanId=c9b9c2e5-bc5a-4413-93ed-03b6fe3b83ce
2026-05-23T02:02:15.359+01:00  INFO 53696 --- [org.springframework.amqp.rabbit.RabbitListenerEndpointContainer#1-1] c.m.messaging.NotificationConsumer       : Loan c9b9c2e5-bc5a-4413-93ed-03b6fe3b83ce disbursed to user lame17@mytempmail.org. Email handled separately.
2026-05-23T02:05:37.338+01:00  INFO 53696 --- [http-nio-8080-exec-7] c.m.service.impl.WalletServiceImpl       : Payment initialized for user: lame17@mytempmail.org, ref: FUND-20260523020531-31E460DE
2026-05-23T02:06:07.126+01:00 ERROR 53696 --- [http-nio-8080-exec-9] c.m.exception.GlobalExceptionHandler     : Unexpected error: 

org.springframework.web.HttpRequestMethodNotSupportedException: Request method 'GET' is not supported
	at org.springframework.web.servlet.mvc.method.RequestMappingInfoHandlerMapping.handleNoMatch(RequestMappingInfoHandlerMapping.java:265) ~[spring-webmvc-6.1.1.jar:6.1.1]
	at org.springframework.web.servlet.handler.AbstractHandlerMethodMapping.lookupHandlerMethod(AbstractHandlerMethodMapping.java:441) ~[spring-webmvc-6.1.1.jar:6.1.1]
	at org.springframework.web.servlet.handler.AbstractHandlerMethodMapping.getHandlerInternal(AbstractHandlerMethodMapping.java:382) ~[spring-webmvc-6.1.1.jar:6.1.1]
	at org.springframework.web.servlet.mvc.method.RequestMappingInfoHandlerMapping.getHandlerInternal(RequestMappingInfoHandlerMapping.java:126) ~[spring-webmvc-6.1.1.jar:6.1.1]
	at org.springframework.web.servlet.mvc.method.RequestMappingInfoHandlerMapping.getHandlerInternal(RequestMappingInfoHandlerMapping.java:68) ~[spring-webmvc-6.1.1.jar:6.1.1]
	at org.springframework.web.servlet.handler.AbstractHandlerMapping.getHandler(AbstractHandlerMapping.java:507) ~[spring-webmvc-6.1.1.jar:6.1.1]
	at org.springframework.web.servlet.DispatcherServlet.getHandler(DispatcherServlet.java:1283) ~[spring-webmvc-6.1.1.jar:6.1.1]
	at org.springframework.web.servlet.DispatcherServlet.doDispatch(DispatcherServlet.java:1065) ~[spring-webmvc-6.1.1.jar:6.1.1]
	at org.springframework.web.servlet.DispatcherServlet.doService(DispatcherServlet.java:979) ~[spring-webmvc-6.1.1.jar:6.1.1]
	at org.springframework.web.servlet.FrameworkServlet.processRequest(FrameworkServlet.java:1014) ~[spring-webmvc-6.1.1.jar:6.1.1]
	at org.springframework.web.servlet.FrameworkServlet.doGet(FrameworkServlet.java:903) ~[spring-webmvc-6.1.1.jar:6.1.1]
	at jakarta.servlet.http.HttpServlet.service(HttpServlet.java:564) ~[tomcat-embed-core-10.1.16.jar:6.0]
	at org.springframework.web.servlet.FrameworkServlet.service(FrameworkServlet.java:885) ~[spring-webmvc-6.1.1.jar:6.1.1]
	at jakarta.servlet.http.HttpServlet.service(HttpServlet.java:658) ~[tomcat-embed-core-10.1.16.jar:6.0]
	at org.apache.catalina.core.ApplicationFilterChain.internalDoFilter(ApplicationFilterChain.java:205) ~[tomcat-embed-core-10.1.16.jar:10.1.16]
	at org.apache.catalina.core.ApplicationFilterChain.doFilter(ApplicationFilterChain.java:149) ~[tomcat-embed-core-10.1.16.jar:10.1.16]
	at org.apache.tomcat.websocket.server.WsFilter.doFilter(WsFilter.java:51) ~[tomcat-embed-websocket-10.1.16.jar:10.1.16]
	at org.apache.catalina.core.ApplicationFilterChain.internalDoFilter(ApplicationFilterChain.java:174) ~[tomcat-embed-core-10.1.16.jar:10.1.16]
	at org.apache.catalina.core.ApplicationFilterChain.doFilter(ApplicationFilterChain.java:149) ~[tomcat-embed-core-10.1.16.jar:10.1.16]
	at org.springframework.web.filter.OncePerRequestFilter.doFilter(OncePerRequestFilter.java:110) ~[spring-web-6.1.1.jar:6.1.1]
	at org.apache.catalina.core.ApplicationFilterChain.internalDoFilter(ApplicationFilterChain.java:174) ~[tomcat-embed-core-10.1.16.jar:10.1.16]
	at org.apache.catalina.core.ApplicationFilterChain.doFilter(ApplicationFilterChain.java:149) ~[tomcat-embed-core-10.1.16.jar:10.1.16]
	at org.springframework.security.web.FilterChainProxy.lambda$doFilterInternal$3(FilterChainProxy.java:231) ~[spring-security-web-6.2.0.jar:6.2.0]
	at org.springframework.security.web.FilterChainProxy$VirtualFilterChain.doFilter(FilterChainProxy.java:365) ~[spring-security-web-6.2.0.jar:6.2.0]
	at org.springframework.security.web.access.intercept.AuthorizationFilter.doFilter(AuthorizationFilter.java:100) ~[spring-security-web-6.2.0.jar:6.2.0]
	at org.springframework.security.web.FilterChainProxy$VirtualFilterChain.doFilter(FilterChainProxy.java:374) ~[spring-security-web-6.2.0.jar:6.2.0]
	at org.springframework.security.web.access.ExceptionTranslationFilter.doFilter(ExceptionTranslationFilter.java:126) ~[spring-security-web-6.2.0.jar:6.2.0]
	at org.springframework.security.web.access.ExceptionTranslationFilter.doFilter(ExceptionTranslationFilter.java:120) ~[spring-security-web-6.2.0.jar:6.2.0]
	at org.springframework.security.web.FilterChainProxy$VirtualFilterChain.doFilter(FilterChainProxy.java:374) ~[spring-security-web-6.2.0.jar:6.2.0]
	at org.springframework.security.web.session.SessionManagementFilter.doFilter(SessionManagementFilter.java:131) ~[spring-security-web-6.2.0.jar:6.2.0]
	at org.springframework.security.web.session.SessionManagementFilter.doFilter(SessionManagementFilter.java:85) ~[spring-security-web-6.2.0.jar:6.2.0]
	at org.springframework.security.web.FilterChainProxy$VirtualFilterChain.doFilter(FilterChainProxy.java:374) ~[spring-security-web-6.2.0.jar:6.2.0]
	at org.springframework.security.web.authentication.AnonymousAuthenticationFilter.doFilter(AnonymousAuthenticationFilter.java:100) ~[spring-security-web-6.2.0.jar:6.2.0]
	at org.springframework.security.web.FilterChainProxy$VirtualFilterChain.doFilter(FilterChainProxy.java:374) ~[spring-security-web-6.2.0.jar:6.2.0]
	at org.springframework.security.web.servletapi.SecurityContextHolderAwareRequestFilter.doFilter(SecurityContextHolderAwareRequestFilter.java:179) ~[spring-security-web-6.2.0.jar:6.2.0]
	at org.springframework.security.web.FilterChainProxy$VirtualFilterChain.doFilter(FilterChainProxy.java:374) ~[spring-security-web-6.2.0.jar:6.2.0]
	at org.springframework.security.web.savedrequest.RequestCacheAwareFilter.doFilter(RequestCacheAwareFilter.java:63) ~[spring-security-web-6.2.0.jar:6.2.0]
	at org.springframework.security.web.FilterChainProxy$VirtualFilterChain.doFilter(FilterChainProxy.java:374) ~[spring-security-web-6.2.0.jar:6.2.0]
	at com.middleware.security.JwtAuthenticationFilter.doFilterInternal(JwtAuthenticationFilter.java:33) ~[classes/:na]
	at org.springframework.web.filter.OncePerRequestFilter.doFilter(OncePerRequestFilter.java:116) ~[spring-web-6.1.1.jar:6.1.1]
	at org.springframework.security.web.FilterChainProxy$VirtualFilterChain.doFilter(FilterChainProxy.java:374) ~[spring-security-web-6.2.0.jar:6.2.0]
	at org.springframework.security.web.authentication.logout.LogoutFilter.doFilter(LogoutFilter.java:107) ~[spring-security-web-6.2.0.jar:6.2.0]
	at org.springframework.security.web.authentication.logout.LogoutFilter.doFilter(LogoutFilter.java:93) ~[spring-security-web-6.2.0.jar:6.2.0]
	at org.springframework.security.web.FilterChainProxy$VirtualFilterChain.doFilter(FilterChainProxy.java:374) ~[spring-security-web-6.2.0.jar:6.2.0]
	at org.springframework.web.filter.CorsFilter.doFilterInternal(CorsFilter.java:91) ~[spring-web-6.1.1.jar:6.1.1]
	at org.springframework.web.filter.OncePerRequestFilter.doFilter(OncePerRequestFilter.java:116) ~[spring-web-6.1.1.jar:6.1.1]
	at org.springframework.security.web.FilterChainProxy$VirtualFilterChain.doFilter(FilterChainProxy.java:374) ~[spring-security-web-6.2.0.jar:6.2.0]
	at org.springframework.security.web.header.HeaderWriterFilter.doHeadersAfter(HeaderWriterFilter.java:90) ~[spring-security-web-6.2.0.jar:6.2.0]
	at org.springframework.security.web.header.HeaderWriterFilter.doFilterInternal(HeaderWriterFilter.java:75) ~[spring-security-web-6.2.0.jar:6.2.0]
	at org.springframework.web.filter.OncePerRequestFilter.doFilter(OncePerRequestFilter.java:116) ~[spring-web-6.1.1.jar:6.1.1]
	at org.springframework.security.web.FilterChainProxy$VirtualFilterChain.doFilter(FilterChainProxy.java:374) ~[spring-security-web-6.2.0.jar:6.2.0]
	at org.springframework.security.web.context.SecurityContextHolderFilter.doFilter(SecurityContextHolderFilter.java:82) ~[spring-security-web-6.2.0.jar:6.2.0]
	at org.springframework.security.web.context.SecurityContextHolderFilter.doFilter(SecurityContextHolderFilter.java:69) ~[spring-security-web-6.2.0.jar:6.2.0]
	at org.springframework.security.web.FilterChainProxy$VirtualFilterChain.doFilter(FilterChainProxy.java:374) ~[spring-security-web-6.2.0.jar:6.2.0]
	at org.springframework.security.web.context.request.async.WebAsyncManagerIntegrationFilter.doFilterInternal(WebAsyncManagerIntegrationFilter.java:62) ~[spring-security-web-6.2.0.jar:6.2.0]
	at org.springframework.web.filter.OncePerRequestFilter.doFilter(OncePerRequestFilter.java:116) ~[spring-web-6.1.1.jar:6.1.1]
	at org.springframework.security.web.FilterChainProxy$VirtualFilterChain.doFilter(FilterChainProxy.java:374) ~[spring-security-web-6.2.0.jar:6.2.0]
	at org.springframework.security.web.session.DisableEncodeUrlFilter.doFilterInternal(DisableEncodeUrlFilter.java:42) ~[spring-security-web-6.2.0.jar:6.2.0]
	at org.springframework.web.filter.OncePerRequestFilter.doFilter(OncePerRequestFilter.java:116) ~[spring-web-6.1.1.jar:6.1.1]
	at org.springframework.security.web.FilterChainProxy$VirtualFilterChain.doFilter(FilterChainProxy.java:374) ~[spring-security-web-6.2.0.jar:6.2.0]
	at org.springframework.security.web.FilterChainProxy.doFilterInternal(FilterChainProxy.java:233) ~[spring-security-web-6.2.0.jar:6.2.0]
	at org.springframework.security.web.FilterChainProxy.doFilter(FilterChainProxy.java:191) ~[spring-security-web-6.2.0.jar:6.2.0]
	at org.springframework.web.filter.DelegatingFilterProxy.invokeDelegate(DelegatingFilterProxy.java:352) ~[spring-web-6.1.1.jar:6.1.1]
	at org.springframework.web.filter.DelegatingFilterProxy.doFilter(DelegatingFilterProxy.java:268) ~[spring-web-6.1.1.jar:6.1.1]
	at org.apache.catalina.core.ApplicationFilterChain.internalDoFilter(ApplicationFilterChain.java:174) ~[tomcat-embed-core-10.1.16.jar:10.1.16]
	at org.apache.catalina.core.ApplicationFilterChain.doFilter(ApplicationFilterChain.java:149) ~[tomcat-embed-core-10.1.16.jar:10.1.16]
	at org.springframework.web.filter.RequestContextFilter.doFilterInternal(RequestContextFilter.java:100) ~[spring-web-6.1.1.jar:6.1.1]
	at org.springframework.web.filter.OncePerRequestFilter.doFilter(OncePerRequestFilter.java:116) ~[spring-web-6.1.1.jar:6.1.1]
	at org.apache.catalina.core.ApplicationFilterChain.internalDoFilter(ApplicationFilterChain.java:174) ~[tomcat-embed-core-10.1.16.jar:10.1.16]
	at org.apache.catalina.core.ApplicationFilterChain.doFilter(ApplicationFilterChain.java:149) ~[tomcat-embed-core-10.1.16.jar:10.1.16]
	at org.springframework.web.filter.FormContentFilter.doFilterInternal(FormContentFilter.java:93) ~[spring-web-6.1.1.jar:6.1.1]
	at org.springframework.web.filter.OncePerRequestFilter.doFilter(OncePerRequestFilter.java:116) ~[spring-web-6.1.1.jar:6.1.1]
	at org.apache.catalina.core.ApplicationFilterChain.internalDoFilter(ApplicationFilterChain.java:174) ~[tomcat-embed-core-10.1.16.jar:10.1.16]
	at org.apache.catalina.core.ApplicationFilterChain.doFilter(ApplicationFilterChain.java:149) ~[tomcat-embed-core-10.1.16.jar:10.1.16]
	at org.springframework.web.filter.CharacterEncodingFilter.doFilterInternal(CharacterEncodingFilter.java:201) ~[spring-web-6.1.1.jar:6.1.1]
	at org.springframework.web.filter.OncePerRequestFilter.doFilter(OncePerRequestFilter.java:116) ~[spring-web-6.1.1.jar:6.1.1]
	at org.apache.catalina.core.ApplicationFilterChain.internalDoFilter(ApplicationFilterChain.java:174) ~[tomcat-embed-core-10.1.16.jar:10.1.16]
	at org.apache.catalina.core.ApplicationFilterChain.doFilter(ApplicationFilterChain.java:149) ~[tomcat-embed-core-10.1.16.jar:10.1.16]
	at org.apache.catalina.core.StandardWrapperValve.invoke(StandardWrapperValve.java:167) ~[tomcat-embed-core-10.1.16.jar:10.1.16]
	at org.apache.catalina.core.StandardContextValve.invoke(StandardContextValve.java:90) ~[tomcat-embed-core-10.1.16.jar:10.1.16]
	at org.apache.catalina.authenticator.AuthenticatorBase.invoke(AuthenticatorBase.java:482) ~[tomcat-embed-core-10.1.16.jar:10.1.16]
	at org.apache.catalina.core.StandardHostValve.invoke(StandardHostValve.java:115) ~[tomcat-embed-core-10.1.16.jar:10.1.16]
	at org.apache.catalina.valves.ErrorReportValve.invoke(ErrorReportValve.java:93) ~[tomcat-embed-core-10.1.16.jar:10.1.16]
	at org.apache.catalina.core.StandardEngineValve.invoke(StandardEngineValve.java:74) ~[tomcat-embed-core-10.1.16.jar:10.1.16]
	at org.apache.catalina.connector.CoyoteAdapter.service(CoyoteAdapter.java:340) ~[tomcat-embed-core-10.1.16.jar:10.1.16]
	at org.apache.coyote.http11.Http11Processor.service(Http11Processor.java:391) ~[tomcat-embed-core-10.1.16.jar:10.1.16]
	at org.apache.coyote.AbstractProcessorLight.process(AbstractProcessorLight.java:63) ~[tomcat-embed-core-10.1.16.jar:10.1.16]
	at org.apache.coyote.AbstractProtocol$ConnectionHandler.process(AbstractProtocol.java:896) ~[tomcat-embed-core-10.1.16.jar:10.1.16]
	at org.apache.tomcat.util.net.NioEndpoint$SocketProcessor.doRun(NioEndpoint.java:1744) ~[tomcat-embed-core-10.1.16.jar:10.1.16]
	at org.apache.tomcat.util.net.SocketProcessorBase.run(SocketProcessorBase.java:52) ~[tomcat-embed-core-10.1.16.jar:10.1.16]
	at org.apache.tomcat.util.threads.ThreadPoolExecutor.runWorker(ThreadPoolExecutor.java:1191) ~[tomcat-embed-core-10.1.16.jar:10.1.16]
	at org.apache.tomcat.util.threads.ThreadPoolExecutor$Worker.run(ThreadPoolExecutor.java:659) ~[tomcat-embed-core-10.1.16.jar:10.1.16]
	at org.apache.tomcat.util.threads.TaskThread$WrappingRunnable.run(TaskThread.java:61) ~[tomcat-embed-core-10.1.16.jar:10.1.16]
	at java.base/java.lang.Thread.run(Thread.java:842) ~[na:na]

2026-05-23T02:06:34.767+01:00  INFO 53696 --- [http-nio-8080-exec-1] c.m.service.impl.WalletServiceImpl       : Manually verifying payment
2026-05-23T02:06:35.196+01:00  INFO 53696 --- [http-nio-8080-exec-1] c.m.messaging.NotificationPublisher      : Published payment confirmation: event=WALLET_FUNDED, ref=FUND-20260523020531-31E460DE, user=lame17@mytempmail.org
2026-05-23T02:06:35.283+01:00  INFO 53696 --- [org.springframework.amqp.rabbit.RabbitListenerEndpointContainer#0-1] c.m.messaging.NotificationConsumer       : Consuming payment confirmation: event=WALLET_FUNDED, ref=FUND-20260523020531-31E460DE
2026-05-23T02:06:35.283+01:00  INFO 53696 --- [org.springframework.amqp.rabbit.RabbitListenerEndpointContainer#0-1] c.m.messaging.NotificationConsumer       : Wallet funded for user=lame17@mytempmail.org, amount=10000.00 NGN
2026-05-23T02:06:44.127+01:00  INFO 53696 --- [koins-async-1] c.m.service.impl.EmailServiceImpl        : Email sent to: lame17@mytempmail.org
2026-05-23T02:09:52.728+01:00 ERROR 53696 --- [http-nio-8080-exec-8] c.m.exception.GlobalExceptionHandler     : Unexpected error: 

org.springframework.http.converter.HttpMessageNotReadableException: Required request body is missing: public org.springframework.http.ResponseEntity<com.middleware.dto.response.ApiResponse<com.middleware.dto.response.LoanResponse>> com.middleware.controller.LoanController.repayLoan(java.util.UUID,com.middleware.dto.request.LoanRepaymentRequest,org.springframework.security.core.Authentication)
	at org.springframework.web.servlet.mvc.method.annotation.RequestResponseBodyMethodProcessor.readWithMessageConverters(RequestResponseBodyMethodProcessor.java:162) ~[spring-webmvc-6.1.1.jar:6.1.1]
	at org.springframework.web.servlet.mvc.method.annotation.RequestResponseBodyMethodProcessor.resolveArgument(RequestResponseBodyMethodProcessor.java:134) ~[spring-webmvc-6.1.1.jar:6.1.1]
	at org.springframework.web.method.support.HandlerMethodArgumentResolverComposite.resolveArgument(HandlerMethodArgumentResolverComposite.java:122) ~[spring-web-6.1.1.jar:6.1.1]
	at org.springframework.web.method.support.InvocableHandlerMethod.getMethodArgumentValues(InvocableHandlerMethod.java:218) ~[spring-web-6.1.1.jar:6.1.1]
	at org.springframework.web.method.support.InvocableHandlerMethod.invokeForRequest(InvocableHandlerMethod.java:171) ~[spring-web-6.1.1.jar:6.1.1]
	at org.springframework.web.servlet.mvc.method.annotation.ServletInvocableHandlerMethod.invokeAndHandle(ServletInvocableHandlerMethod.java:118) ~[spring-webmvc-6.1.1.jar:6.1.1]
	at org.springframework.web.servlet.mvc.method.annotation.RequestMappingHandlerAdapter.invokeHandlerMethod(RequestMappingHandlerAdapter.java:917) ~[spring-webmvc-6.1.1.jar:6.1.1]
	at org.springframework.web.servlet.mvc.method.annotation.RequestMappingHandlerAdapter.handleInternal(RequestMappingHandlerAdapter.java:829) ~[spring-webmvc-6.1.1.jar:6.1.1]
	at org.springframework.web.servlet.mvc.method.AbstractHandlerMethodAdapter.handle(AbstractHandlerMethodAdapter.java:87) ~[spring-webmvc-6.1.1.jar:6.1.1]
	at org.springframework.web.servlet.DispatcherServlet.doDispatch(DispatcherServlet.java:1089) ~[spring-webmvc-6.1.1.jar:6.1.1]
	at org.springframework.web.servlet.DispatcherServlet.doService(DispatcherServlet.java:979) ~[spring-webmvc-6.1.1.jar:6.1.1]
	at org.springframework.web.servlet.FrameworkServlet.processRequest(FrameworkServlet.java:1014) ~[spring-webmvc-6.1.1.jar:6.1.1]
	at org.springframework.web.servlet.FrameworkServlet.doPost(FrameworkServlet.java:914) ~[spring-webmvc-6.1.1.jar:6.1.1]
	at jakarta.servlet.http.HttpServlet.service(HttpServlet.java:590) ~[tomcat-embed-core-10.1.16.jar:6.0]
	at org.springframework.web.servlet.FrameworkServlet.service(FrameworkServlet.java:885) ~[spring-webmvc-6.1.1.jar:6.1.1]
	at jakarta.servlet.http.HttpServlet.service(HttpServlet.java:658) ~[tomcat-embed-core-10.1.16.jar:6.0]
	at org.apache.catalina.core.ApplicationFilterChain.internalDoFilter(ApplicationFilterChain.java:205) ~[tomcat-embed-core-10.1.16.jar:10.1.16]
	at org.apache.catalina.core.ApplicationFilterChain.doFilter(ApplicationFilterChain.java:149) ~[tomcat-embed-core-10.1.16.jar:10.1.16]
	at org.apache.tomcat.websocket.server.WsFilter.doFilter(WsFilter.java:51) ~[tomcat-embed-websocket-10.1.16.jar:10.1.16]
	at org.apache.catalina.core.ApplicationFilterChain.internalDoFilter(ApplicationFilterChain.java:174) ~[tomcat-embed-core-10.1.16.jar:10.1.16]
	at org.apache.catalina.core.ApplicationFilterChain.doFilter(ApplicationFilterChain.java:149) ~[tomcat-embed-core-10.1.16.jar:10.1.16]
	at org.springframework.web.filter.OncePerRequestFilter.doFilter(OncePerRequestFilter.java:110) ~[spring-web-6.1.1.jar:6.1.1]
	at org.apache.catalina.core.ApplicationFilterChain.internalDoFilter(ApplicationFilterChain.java:174) ~[tomcat-embed-core-10.1.16.jar:10.1.16]
	at org.apache.catalina.core.ApplicationFilterChain.doFilter(ApplicationFilterChain.java:149) ~[tomcat-embed-core-10.1.16.jar:10.1.16]
	at org.springframework.security.web.FilterChainProxy.lambda$doFilterInternal$3(FilterChainProxy.java:231) ~[spring-security-web-6.2.0.jar:6.2.0]
	at org.springframework.security.web.FilterChainProxy$VirtualFilterChain.doFilter(FilterChainProxy.java:365) ~[spring-security-web-6.2.0.jar:6.2.0]
	at org.springframework.security.web.access.intercept.AuthorizationFilter.doFilter(AuthorizationFilter.java:100) ~[spring-security-web-6.2.0.jar:6.2.0]
	at org.springframework.security.web.FilterChainProxy$VirtualFilterChain.doFilter(FilterChainProxy.java:374) ~[spring-security-web-6.2.0.jar:6.2.0]
	at org.springframework.security.web.access.ExceptionTranslationFilter.doFilter(ExceptionTranslationFilter.java:126) ~[spring-security-web-6.2.0.jar:6.2.0]
	at org.springframework.security.web.access.ExceptionTranslationFilter.doFilter(ExceptionTranslationFilter.java:120) ~[spring-security-web-6.2.0.jar:6.2.0]
	at org.springframework.security.web.FilterChainProxy$VirtualFilterChain.doFilter(FilterChainProxy.java:374) ~[spring-security-web-6.2.0.jar:6.2.0]
	at org.springframework.security.web.session.SessionManagementFilter.doFilter(SessionManagementFilter.java:131) ~[spring-security-web-6.2.0.jar:6.2.0]
	at org.springframework.security.web.session.SessionManagementFilter.doFilter(SessionManagementFilter.java:85) ~[spring-security-web-6.2.0.jar:6.2.0]
	at org.springframework.security.web.FilterChainProxy$VirtualFilterChain.doFilter(FilterChainProxy.java:374) ~[spring-security-web-6.2.0.jar:6.2.0]
	at org.springframework.security.web.authentication.AnonymousAuthenticationFilter.doFilter(AnonymousAuthenticationFilter.java:100) ~[spring-security-web-6.2.0.jar:6.2.0]
	at org.springframework.security.web.FilterChainProxy$VirtualFilterChain.doFilter(FilterChainProxy.java:374) ~[spring-security-web-6.2.0.jar:6.2.0]
	at org.springframework.security.web.servletapi.SecurityContextHolderAwareRequestFilter.doFilter(SecurityContextHolderAwareRequestFilter.java:179) ~[spring-security-web-6.2.0.jar:6.2.0]
	at org.springframework.security.web.FilterChainProxy$VirtualFilterChain.doFilter(FilterChainProxy.java:374) ~[spring-security-web-6.2.0.jar:6.2.0]
	at org.springframework.security.web.savedrequest.RequestCacheAwareFilter.doFilter(RequestCacheAwareFilter.java:63) ~[spring-security-web-6.2.0.jar:6.2.0]
	at org.springframework.security.web.FilterChainProxy$VirtualFilterChain.doFilter(FilterChainProxy.java:374) ~[spring-security-web-6.2.0.jar:6.2.0]
	at com.middleware.security.JwtAuthenticationFilter.doFilterInternal(JwtAuthenticationFilter.java:53) ~[classes/:na]
	at org.springframework.web.filter.OncePerRequestFilter.doFilter(OncePerRequestFilter.java:116) ~[spring-web-6.1.1.jar:6.1.1]
	at org.springframework.security.web.FilterChainProxy$VirtualFilterChain.doFilter(FilterChainProxy.java:374) ~[spring-security-web-6.2.0.jar:6.2.0]
	at org.springframework.security.web.authentication.logout.LogoutFilter.doFilter(LogoutFilter.java:107) ~[spring-security-web-6.2.0.jar:6.2.0]
	at org.springframework.security.web.authentication.logout.LogoutFilter.doFilter(LogoutFilter.java:93) ~[spring-security-web-6.2.0.jar:6.2.0]
	at org.springframework.security.web.FilterChainProxy$VirtualFilterChain.doFilter(FilterChainProxy.java:374) ~[spring-security-web-6.2.0.jar:6.2.0]
	at org.springframework.web.filter.CorsFilter.doFilterInternal(CorsFilter.java:91) ~[spring-web-6.1.1.jar:6.1.1]
	at org.springframework.web.filter.OncePerRequestFilter.doFilter(OncePerRequestFilter.java:116) ~[spring-web-6.1.1.jar:6.1.1]
	at org.springframework.security.web.FilterChainProxy$VirtualFilterChain.doFilter(FilterChainProxy.java:374) ~[spring-security-web-6.2.0.jar:6.2.0]
	at org.springframework.security.web.header.HeaderWriterFilter.doHeadersAfter(HeaderWriterFilter.java:90) ~[spring-security-web-6.2.0.jar:6.2.0]
	at org.springframework.security.web.header.HeaderWriterFilter.doFilterInternal(HeaderWriterFilter.java:75) ~[spring-security-web-6.2.0.jar:6.2.0]
	at org.springframework.web.filter.OncePerRequestFilter.doFilter(OncePerRequestFilter.java:116) ~[spring-web-6.1.1.jar:6.1.1]
	at org.springframework.security.web.FilterChainProxy$VirtualFilterChain.doFilter(FilterChainProxy.java:374) ~[spring-security-web-6.2.0.jar:6.2.0]
	at org.springframework.security.web.context.SecurityContextHolderFilter.doFilter(SecurityContextHolderFilter.java:82) ~[spring-security-web-6.2.0.jar:6.2.0]
	at org.springframework.security.web.context.SecurityContextHolderFilter.doFilter(SecurityContextHolderFilter.java:69) ~[spring-security-web-6.2.0.jar:6.2.0]
	at org.springframework.security.web.FilterChainProxy$VirtualFilterChain.doFilter(FilterChainProxy.java:374) ~[spring-security-web-6.2.0.jar:6.2.0]
	at org.springframework.security.web.context.request.async.WebAsyncManagerIntegrationFilter.doFilterInternal(WebAsyncManagerIntegrationFilter.java:62) ~[spring-security-web-6.2.0.jar:6.2.0]
	at org.springframework.web.filter.OncePerRequestFilter.doFilter(OncePerRequestFilter.java:116) ~[spring-web-6.1.1.jar:6.1.1]
	at org.springframework.security.web.FilterChainProxy$VirtualFilterChain.doFilter(FilterChainProxy.java:374) ~[spring-security-web-6.2.0.jar:6.2.0]
	at org.springframework.security.web.session.DisableEncodeUrlFilter.doFilterInternal(DisableEncodeUrlFilter.java:42) ~[spring-security-web-6.2.0.jar:6.2.0]
	at org.springframework.web.filter.OncePerRequestFilter.doFilter(OncePerRequestFilter.java:116) ~[spring-web-6.1.1.jar:6.1.1]
	at org.springframework.security.web.FilterChainProxy$VirtualFilterChain.doFilter(FilterChainProxy.java:374) ~[spring-security-web-6.2.0.jar:6.2.0]
	at org.springframework.security.web.FilterChainProxy.doFilterInternal(FilterChainProxy.java:233) ~[spring-security-web-6.2.0.jar:6.2.0]
	at org.springframework.security.web.FilterChainProxy.doFilter(FilterChainProxy.java:191) ~[spring-security-web-6.2.0.jar:6.2.0]
	at org.springframework.web.filter.DelegatingFilterProxy.invokeDelegate(DelegatingFilterProxy.java:352) ~[spring-web-6.1.1.jar:6.1.1]
	at org.springframework.web.filter.DelegatingFilterProxy.doFilter(DelegatingFilterProxy.java:268) ~[spring-web-6.1.1.jar:6.1.1]
	at org.apache.catalina.core.ApplicationFilterChain.internalDoFilter(ApplicationFilterChain.java:174) ~[tomcat-embed-core-10.1.16.jar:10.1.16]
	at org.apache.catalina.core.ApplicationFilterChain.doFilter(ApplicationFilterChain.java:149) ~[tomcat-embed-core-10.1.16.jar:10.1.16]
	at org.springframework.web.filter.RequestContextFilter.doFilterInternal(RequestContextFilter.java:100) ~[spring-web-6.1.1.jar:6.1.1]
	at org.springframework.web.filter.OncePerRequestFilter.doFilter(OncePerRequestFilter.java:116) ~[spring-web-6.1.1.jar:6.1.1]
	at org.apache.catalina.core.ApplicationFilterChain.internalDoFilter(ApplicationFilterChain.java:174) ~[tomcat-embed-core-10.1.16.jar:10.1.16]
	at org.apache.catalina.core.ApplicationFilterChain.doFilter(ApplicationFilterChain.java:149) ~[tomcat-embed-core-10.1.16.jar:10.1.16]
	at org.springframework.web.filter.FormContentFilter.doFilterInternal(FormContentFilter.java:93) ~[spring-web-6.1.1.jar:6.1.1]
	at org.springframework.web.filter.OncePerRequestFilter.doFilter(OncePerRequestFilter.java:116) ~[spring-web-6.1.1.jar:6.1.1]
	at org.apache.catalina.core.ApplicationFilterChain.internalDoFilter(ApplicationFilterChain.java:174) ~[tomcat-embed-core-10.1.16.jar:10.1.16]
	at org.apache.catalina.core.ApplicationFilterChain.doFilter(ApplicationFilterChain.java:149) ~[tomcat-embed-core-10.1.16.jar:10.1.16]
	at org.springframework.web.filter.CharacterEncodingFilter.doFilterInternal(CharacterEncodingFilter.java:201) ~[spring-web-6.1.1.jar:6.1.1]
	at org.springframework.web.filter.OncePerRequestFilter.doFilter(OncePerRequestFilter.java:116) ~[spring-web-6.1.1.jar:6.1.1]
	at org.apache.catalina.core.ApplicationFilterChain.internalDoFilter(ApplicationFilterChain.java:174) ~[tomcat-embed-core-10.1.16.jar:10.1.16]
	at org.apache.catalina.core.ApplicationFilterChain.doFilter(ApplicationFilterChain.java:149) ~[tomcat-embed-core-10.1.16.jar:10.1.16]
	at org.apache.catalina.core.StandardWrapperValve.invoke(StandardWrapperValve.java:167) ~[tomcat-embed-core-10.1.16.jar:10.1.16]
	at org.apache.catalina.core.StandardContextValve.invoke(StandardContextValve.java:90) ~[tomcat-embed-core-10.1.16.jar:10.1.16]
	at org.apache.catalina.authenticator.AuthenticatorBase.invoke(AuthenticatorBase.java:482) ~[tomcat-embed-core-10.1.16.jar:10.1.16]
	at org.apache.catalina.core.StandardHostValve.invoke(StandardHostValve.java:115) ~[tomcat-embed-core-10.1.16.jar:10.1.16]
	at org.apache.catalina.valves.ErrorReportValve.invoke(ErrorReportValve.java:93) ~[tomcat-embed-core-10.1.16.jar:10.1.16]
	at org.apache.catalina.core.StandardEngineValve.invoke(StandardEngineValve.java:74) ~[tomcat-embed-core-10.1.16.jar:10.1.16]
	at org.apache.catalina.connector.CoyoteAdapter.service(CoyoteAdapter.java:340) ~[tomcat-embed-core-10.1.16.jar:10.1.16]
	at org.apache.coyote.http11.Http11Processor.service(Http11Processor.java:391) ~[tomcat-embed-core-10.1.16.jar:10.1.16]
	at org.apache.coyote.AbstractProcessorLight.process(AbstractProcessorLight.java:63) ~[tomcat-embed-core-10.1.16.jar:10.1.16]
	at org.apache.coyote.AbstractProtocol$ConnectionHandler.process(AbstractProtocol.java:896) ~[tomcat-embed-core-10.1.16.jar:10.1.16]
	at org.apache.tomcat.util.net.NioEndpoint$SocketProcessor.doRun(NioEndpoint.java:1744) ~[tomcat-embed-core-10.1.16.jar:10.1.16]
	at org.apache.tomcat.util.net.SocketProcessorBase.run(SocketProcessorBase.java:52) ~[tomcat-embed-core-10.1.16.jar:10.1.16]
	at org.apache.tomcat.util.threads.ThreadPoolExecutor.runWorker(ThreadPoolExecutor.java:1191) ~[tomcat-embed-core-10.1.16.jar:10.1.16]
	at org.apache.tomcat.util.threads.ThreadPoolExecutor$Worker.run(ThreadPoolExecutor.java:659) ~[tomcat-embed-core-10.1.16.jar:10.1.16]
	at org.apache.tomcat.util.threads.TaskThread$WrappingRunnable.run(TaskThread.java:61) ~[tomcat-embed-core-10.1.16.jar:10.1.16]
	at java.base/java.lang.Thread.run(Thread.java:842) ~[na:na]

2026-05-23T02:10:58.359+01:00 ERROR 53696 --- [http-nio-8080-exec-7] c.m.exception.GlobalExceptionHandler     : API Exception: You are not authorized to repay this loan
2026-05-23T02:11:46.328+01:00  INFO 53696 --- [http-nio-8080-exec-10] c.m.messaging.NotificationPublisher      : Published loan notification: event=LOAN_REPAID, loanId=c9b9c2e5-bc5a-4413-93ed-03b6fe3b83ce, user=lame17@mytempmail.org
2026-05-23T02:11:46.331+01:00  INFO 53696 --- [http-nio-8080-exec-10] c.m.service.impl.LoanServiceImpl         : Loan repaid: c9b9c2e5-bc5a-4413-93ed-03b6fe3b83ce, Amount: 2675.00
2026-05-23T02:11:46.498+01:00  INFO 53696 --- [org.springframework.amqp.rabbit.RabbitListenerEndpointContainer#1-1] c.m.messaging.NotificationConsumer       : Consuming loan notification: event=LOAN_REPAID, loanId=c9b9c2e5-bc5a-4413-93ed-03b6fe3b83ce
2026-05-23T02:11:55.258+01:00  INFO 53696 --- [koins-async-2] c.m.service.impl.EmailServiceImpl        : Email sent to: lame17@mytempmail.org
2026-05-23T02:27:39.350+01:00  INFO 53696 --- [org.springframework.amqp.rabbit.RabbitListenerEndpointContainer#0-2] o.s.a.r.l.SimpleMessageListenerContainer : Waiting for workers to finish.
2026-05-23T02:27:39.351+01:00  INFO 53696 --- [org.springframework.amqp.rabbit.RabbitListenerEndpointContainer#1-2] o.s.a.r.l.SimpleMessageListenerContainer : Waiting for workers to finish.
2026-05-23T02:27:39.557+01:00  INFO 53696 --- [org.springframework.amqp.rabbit.RabbitListenerEndpointContainer#2-2] o.s.a.r.l.SimpleMessageListenerContainer : Waiting for workers to finish.
2026-05-23T02:27:39.602+01:00  INFO 53696 --- [org.springframework.amqp.rabbit.RabbitListenerEndpointContainer#3-2] o.s.a.r.l.SimpleMessageListenerContainer : Waiting for workers to finish.
2026-05-23T02:27:39.636+01:00  INFO 53696 --- [org.springframework.amqp.rabbit.RabbitListenerEndpointContainer#0-2] o.s.a.r.l.SimpleMessageListenerContainer : Successfully waited for workers to finish.
2026-05-23T02:27:39.736+01:00  INFO 53696 --- [org.springframework.amqp.rabbit.RabbitListenerEndpointContainer#3-2] o.s.a.r.l.SimpleMessageListenerContainer : Successfully waited for workers to finish.
2026-05-23T02:27:39.817+01:00  INFO 53696 --- [org.springframework.amqp.rabbit.RabbitListenerEndpointContainer#1-2] o.s.a.r.l.SimpleMessageListenerContainer : Successfully waited for workers to finish.
2026-05-23T02:27:39.818+01:00  INFO 53696 --- [org.springframework.amqp.rabbit.RabbitListenerEndpointContainer#2-2] o.s.a.r.l.SimpleMessageListenerContainer : Successfully waited for workers to finish.
2026-05-23T02:27:42.173+01:00  INFO 53696 --- [SpringApplicationShutdownHook] j.LocalContainerEntityManagerFactoryBean : Closing JPA EntityManagerFactory for persistence unit 'default'
2026-05-23T02:27:42.240+01:00  INFO 53696 --- [SpringApplicationShutdownHook] com.zaxxer.hikari.HikariDataSource       : HikariPool-1 - Shutdown initiated...
2026-05-23T02:27:42.293+01:00  INFO 53696 --- [SpringApplicationShutdownHook] com.zaxxer.hikari.HikariDataSource       : HikariPool-1 - Shutdown completed.
2026-05-23T02:27:52.059+01:00  INFO 58442 --- [main] com.middleware.KoinsApplication          : Starting KoinsApplication using Java 17.0.11 with PID 58442 (/Users/gamp/Downloads/koins/target/classes started by gamp in /Users/gamp/Downloads/koins)
2026-05-23T02:27:52.065+01:00  INFO 58442 --- [main] com.middleware.KoinsApplication          : No active profile set, falling back to 1 default profile: "default"
2026-05-23T02:27:54.488+01:00  INFO 58442 --- [main] .s.d.r.c.RepositoryConfigurationDelegate : Bootstrapping Spring Data JPA repositories in DEFAULT mode.
2026-05-23T02:27:54.959+01:00  INFO 58442 --- [main] .s.d.r.c.RepositoryConfigurationDelegate : Finished Spring Data repository scanning in 452 ms. Found 6 JPA repository interfaces.
2026-05-23T02:27:56.739+01:00  INFO 58442 --- [main] o.s.b.w.embedded.tomcat.TomcatWebServer  : Tomcat initialized with port 8080 (http)
2026-05-23T02:27:56.764+01:00  INFO 58442 --- [main] o.apache.catalina.core.StandardService   : Starting service [Tomcat]
2026-05-23T02:27:56.764+01:00  INFO 58442 --- [main] o.apache.catalina.core.StandardEngine    : Starting Servlet engine: [Apache Tomcat/10.1.16]
2026-05-23T02:27:56.988+01:00  INFO 58442 --- [main] o.a.c.c.C.[Tomcat].[localhost].[/]       : Initializing Spring embedded WebApplicationContext
2026-05-23T02:27:56.989+01:00  INFO 58442 --- [main] w.s.c.ServletWebServerApplicationContext : Root WebApplicationContext: initialization completed in 4774 ms
2026-05-23T02:27:57.218+01:00  INFO 58442 --- [main] com.zaxxer.hikari.HikariDataSource       : HikariPool-1 - Starting...
2026-05-23T02:27:57.517+01:00  INFO 58442 --- [main] com.zaxxer.hikari.pool.HikariPool        : HikariPool-1 - Added connection com.mysql.cj.jdbc.ConnectionImpl@892af0e
2026-05-23T02:27:57.520+01:00  INFO 58442 --- [main] com.zaxxer.hikari.HikariDataSource       : HikariPool-1 - Start completed.
2026-05-23T02:27:57.694+01:00  INFO 58442 --- [main] o.f.c.internal.license.VersionPrinter    : Flyway Community Edition 9.22.3 by Redgate
2026-05-23T02:27:57.694+01:00  INFO 58442 --- [main] o.f.c.internal.license.VersionPrinter    : See release notes here: https://rd.gt/416ObMi
2026-05-23T02:27:57.695+01:00  INFO 58442 --- [main] o.f.c.internal.license.VersionPrinter    : 
2026-05-23T02:27:57.710+01:00  INFO 58442 --- [main] o.f.c.i.resource.ResourceNameValidator   : 1 SQL migrations were detected but not run because they did not follow the filename convention.
2026-05-23T02:27:57.710+01:00  INFO 58442 --- [main] o.f.c.i.resource.ResourceNameValidator   : Set 'validateMigrationNaming' to true to fail fast and see a list of the invalid file names.
2026-05-23T02:27:57.768+01:00  INFO 58442 --- [main] org.flywaydb.core.FlywayExecutor         : Database: jdbc:mysql://localhost:3306/koins_db (MySQL 8.0)
2026-05-23T02:27:57.910+01:00  INFO 58442 --- [main] o.f.core.internal.command.DbValidate     : Successfully validated 2 migrations (execution time 00:00.067s)
2026-05-23T02:27:57.952+01:00  INFO 58442 --- [main] o.f.core.internal.command.DbMigrate      : Current version of schema `koins_db`: 2
2026-05-23T02:27:57.956+01:00  INFO 58442 --- [main] o.f.core.internal.command.DbMigrate      : Schema `koins_db` is up to date. No migration necessary.
2026-05-23T02:27:58.148+01:00  INFO 58442 --- [main] o.hibernate.jpa.internal.util.LogHelper  : HHH000204: Processing PersistenceUnitInfo [name: default]
2026-05-23T02:27:58.278+01:00  INFO 58442 --- [main] org.hibernate.Version                    : HHH000412: Hibernate ORM core version 6.3.1.Final
2026-05-23T02:27:58.374+01:00  INFO 58442 --- [main] o.h.c.internal.RegionFactoryInitiator    : HHH000026: Second-level cache disabled
2026-05-23T02:27:58.791+01:00  INFO 58442 --- [main] o.s.o.j.p.SpringPersistenceUnitInfo      : No LoadTimeWeaver setup: ignoring JPA class transformer
2026-05-23T02:27:58.887+01:00  WARN 58442 --- [main] org.hibernate.orm.deprecation            : HHH90000025: MySQL8Dialect does not need to be specified explicitly using 'hibernate.dialect' (remove the property setting and it will be selected by default)
2026-05-23T02:27:58.888+01:00  WARN 58442 --- [main] org.hibernate.orm.deprecation            : HHH90000026: MySQL8Dialect has been deprecated; use org.hibernate.dialect.MySQLDialect instead
2026-05-23T02:27:58.929+01:00  WARN 58442 --- [main] org.hibernate.orm.incubating             : HHH90006001: Encountered incubating setting [hibernate.type.preferred_uuid_jdbc_type].  See javadoc on corresponding `org.hibernate.cfg.AvailableSettings` constant for details.
2026-05-23T02:27:59.462+01:00  WARN 58442 --- [main] org.hibernate.orm.incubating             : HHH90006001: Encountered incubating setting [hibernate.type.preferred_uuid_jdbc_type].  See javadoc on corresponding `org.hibernate.cfg.AvailableSettings` constant for details.
2026-05-23T02:28:00.851+01:00  INFO 58442 --- [main] o.h.e.t.j.p.i.JtaPlatformInitiator       : HHH000489: No JTA platform available (set 'hibernate.transaction.jta.platform' to enable JTA platform integration)
2026-05-23T02:28:00.933+01:00  INFO 58442 --- [main] j.LocalContainerEntityManagerFactoryBean : Initialized JPA EntityManagerFactory for persistence unit 'default'
2026-05-23T02:28:01.668+01:00  INFO 58442 --- [main] o.s.d.j.r.query.QueryEnhancerFactory     : Hibernate is in classpath; If applicable, HQL parser will be used.
2026-05-23T02:28:05.339+01:00  INFO 58442 --- [main] o.s.b.w.embedded.tomcat.TomcatWebServer  : Tomcat started on port 8080 (http) with context path ''
2026-05-23T02:28:05.346+01:00  INFO 58442 --- [main] o.s.a.r.c.CachingConnectionFactory       : Attempting to connect to: [localhost:5672]
2026-05-23T02:28:05.456+01:00  INFO 58442 --- [main] o.s.a.r.c.CachingConnectionFactory       : Created new connection: rabbitConnectionFactory#53628ff6:0/SimpleConnection@462ccaa8 [delegate=amqp://guest@127.0.0.1:5672/, localPort=57282]
2026-05-23T02:28:05.613+01:00  INFO 58442 --- [main] com.middleware.KoinsApplication          : Started KoinsApplication in 14.929 seconds (process running for 16.147)
2026-05-23T02:28:43.213+01:00  INFO 58442 --- [http-nio-8080-exec-1] o.a.c.c.C.[Tomcat].[localhost].[/]       : Initializing Spring DispatcherServlet 'dispatcherServlet'
2026-05-23T02:28:43.215+01:00  INFO 58442 --- [http-nio-8080-exec-1] o.s.web.servlet.DispatcherServlet        : Initializing Servlet 'dispatcherServlet'
2026-05-23T02:28:43.227+01:00  INFO 58442 --- [http-nio-8080-exec-1] o.s.web.servlet.DispatcherServlet        : Completed initialization in 10 ms
2026-05-23T02:28:43.280+01:00  WARN 58442 --- [http-nio-8080-exec-1] o.s.w.s.h.HandlerMappingIntrospector     : Cache miss for REQUEST dispatch to '/api/v1/loans/c9b9c2e5-bc5a-4413-93ed-03b6fe3b83ce/repay' (previous null). Performing CorsConfiguration lookup. This is logged once only at WARN level, and every time at TRACE.
2026-05-23T02:28:44.101+01:00  WARN 58442 --- [http-nio-8080-exec-1] o.s.w.s.h.HandlerMappingIntrospector     : Cache miss for REQUEST dispatch to '/api/v1/loans/c9b9c2e5-bc5a-4413-93ed-03b6fe3b83ce/repay' (previous null). Performing MatchableHandlerMapping lookup. This is logged once only at WARN level, and every time at TRACE.
2026-05-23T02:28:44.793+01:00  INFO 58442 --- [http-nio-8080-exec-1] c.m.messaging.NotificationPublisher      : Published loan notification: event=LOAN_REPAID, loanId=c9b9c2e5-bc5a-4413-93ed-03b6fe3b83ce, user=lame17@mytempmail.org
2026-05-23T02:28:44.794+01:00  INFO 58442 --- [http-nio-8080-exec-1] c.m.service.impl.LoanServiceImpl         : Loan repaid: c9b9c2e5-bc5a-4413-93ed-03b6fe3b83ce, Amount: 2675.00
2026-05-23T02:28:45.017+01:00  INFO 58442 --- [org.springframework.amqp.rabbit.RabbitListenerEndpointContainer#1-1] c.m.messaging.NotificationConsumer       : Consuming loan notification: event=LOAN_REPAID, loanId=c9b9c2e5-bc5a-4413-93ed-03b6fe3b83ce
2026-05-23T02:28:54.923+01:00  INFO 58442 --- [koins-async-1] c.m.service.impl.EmailServiceImpl        : Email sent to: lame17@mytempmail.org
2026-05-23T02:29:07.660+01:00  INFO 58442 --- [http-nio-8080-exec-3] c.m.messaging.NotificationPublisher      : Published loan notification: event=LOAN_REPAID, loanId=c9b9c2e5-bc5a-4413-93ed-03b6fe3b83ce, user=lame17@mytempmail.org
2026-05-23T02:29:07.662+01:00  INFO 58442 --- [http-nio-8080-exec-3] c.m.service.impl.LoanServiceImpl         : Loan repaid: c9b9c2e5-bc5a-4413-93ed-03b6fe3b83ce, Amount: 2675.00
2026-05-23T02:29:07.669+01:00  INFO 58442 --- [org.springframework.amqp.rabbit.RabbitListenerEndpointContainer#1-1] c.m.messaging.NotificationConsumer       : Consuming loan notification: event=LOAN_REPAID, loanId=c9b9c2e5-bc5a-4413-93ed-03b6fe3b83ce
2026-05-23T02:29:15.220+01:00  INFO 58442 --- [koins-async-2] c.m.service.impl.EmailServiceImpl        : Email sent to: lame17@mytempmail.org
2026-05-23T02:33:43.111+01:00  INFO 58442 --- [org.springframework.amqp.rabbit.RabbitListenerEndpointContainer#1-2] o.s.a.r.l.SimpleMessageListenerContainer : Waiting for workers to finish.
2026-05-23T02:33:43.109+01:00  INFO 58442 --- [org.springframework.amqp.rabbit.RabbitListenerEndpointContainer#0-2] o.s.a.r.l.SimpleMessageListenerContainer : Waiting for workers to finish.
2026-05-23T02:33:43.119+01:00  INFO 58442 --- [org.springframework.amqp.rabbit.RabbitListenerEndpointContainer#3-2] o.s.a.r.l.SimpleMessageListenerContainer : Waiting for workers to finish.
2026-05-23T02:33:43.119+01:00  INFO 58442 --- [org.springframework.amqp.rabbit.RabbitListenerEndpointContainer#2-2] o.s.a.r.l.SimpleMessageListenerContainer : Waiting for workers to finish.
2026-05-23T02:33:43.648+01:00  INFO 58442 --- [org.springframework.amqp.rabbit.RabbitListenerEndpointContainer#1-2] o.s.a.r.l.SimpleMessageListenerContainer : Successfully waited for workers to finish.
2026-05-23T02:33:43.825+01:00  INFO 58442 --- [org.springframework.amqp.rabbit.RabbitListenerEndpointContainer#2-2] o.s.a.r.l.SimpleMessageListenerContainer : Successfully waited for workers to finish.
2026-05-23T02:33:43.836+01:00  INFO 58442 --- [org.springframework.amqp.rabbit.RabbitListenerEndpointContainer#0-2] o.s.a.r.l.SimpleMessageListenerContainer : Successfully waited for workers to finish.
2026-05-23T02:33:43.870+01:00  INFO 58442 --- [org.springframework.amqp.rabbit.RabbitListenerEndpointContainer#3-2] o.s.a.r.l.SimpleMessageListenerContainer : Successfully waited for workers to finish.
2026-05-23T02:33:44.134+01:00  INFO 58442 --- [SpringApplicationShutdownHook] j.LocalContainerEntityManagerFactoryBean : Closing JPA EntityManagerFactory for persistence unit 'default'
2026-05-23T02:33:44.160+01:00  INFO 58442 --- [SpringApplicationShutdownHook] com.zaxxer.hikari.HikariDataSource       : HikariPool-1 - Shutdown initiated...
2026-05-23T02:33:44.205+01:00  INFO 58442 --- [SpringApplicationShutdownHook] com.zaxxer.hikari.HikariDataSource       : HikariPool-1 - Shutdown completed.
2026-05-23T07:38:44.243+01:00  INFO 61774 --- [main] com.middleware.KoinsApplication          : Starting KoinsApplication using Java 17.0.11 with PID 61774 (/Users/gamp/Downloads/koins/target/classes started by gamp in /Users/gamp/Downloads/koins)
2026-05-23T07:38:44.251+01:00  INFO 61774 --- [main] com.middleware.KoinsApplication          : No active profile set, falling back to 1 default profile: "default"
2026-05-23T07:38:47.592+01:00  INFO 61774 --- [main] .s.d.r.c.RepositoryConfigurationDelegate : Bootstrapping Spring Data JPA repositories in DEFAULT mode.
2026-05-23T07:38:48.210+01:00  INFO 61774 --- [main] .s.d.r.c.RepositoryConfigurationDelegate : Finished Spring Data repository scanning in 586 ms. Found 6 JPA repository interfaces.
2026-05-23T07:38:50.589+01:00  INFO 61774 --- [main] o.s.b.w.embedded.tomcat.TomcatWebServer  : Tomcat initialized with port 8080 (http)
2026-05-23T07:38:50.629+01:00  INFO 61774 --- [main] o.apache.catalina.core.StandardService   : Starting service [Tomcat]
2026-05-23T07:38:50.629+01:00  INFO 61774 --- [main] o.apache.catalina.core.StandardEngine    : Starting Servlet engine: [Apache Tomcat/10.1.16]
2026-05-23T07:38:50.805+01:00  INFO 61774 --- [main] o.a.c.c.C.[Tomcat].[localhost].[/]       : Initializing Spring embedded WebApplicationContext
2026-05-23T07:38:50.807+01:00  INFO 61774 --- [main] w.s.c.ServletWebServerApplicationContext : Root WebApplicationContext: initialization completed in 6400 ms
2026-05-23T07:38:51.065+01:00  INFO 61774 --- [main] com.zaxxer.hikari.HikariDataSource       : HikariPool-1 - Starting...
2026-05-23T07:38:51.621+01:00  INFO 61774 --- [main] com.zaxxer.hikari.pool.HikariPool        : HikariPool-1 - Added connection com.mysql.cj.jdbc.ConnectionImpl@11e834ad
2026-05-23T07:38:51.627+01:00  INFO 61774 --- [main] com.zaxxer.hikari.HikariDataSource       : HikariPool-1 - Start completed.
2026-05-23T07:38:52.011+01:00  INFO 61774 --- [main] o.f.c.internal.license.VersionPrinter    : Flyway Community Edition 9.22.3 by Redgate
2026-05-23T07:38:52.011+01:00  INFO 61774 --- [main] o.f.c.internal.license.VersionPrinter    : See release notes here: https://rd.gt/416ObMi
2026-05-23T07:38:52.011+01:00  INFO 61774 --- [main] o.f.c.internal.license.VersionPrinter    : 
2026-05-23T07:38:52.026+01:00  INFO 61774 --- [main] o.f.c.i.resource.ResourceNameValidator   : 1 SQL migrations were detected but not run because they did not follow the filename convention.
2026-05-23T07:38:52.026+01:00  INFO 61774 --- [main] o.f.c.i.resource.ResourceNameValidator   : Set 'validateMigrationNaming' to true to fail fast and see a list of the invalid file names.
2026-05-23T07:38:52.073+01:00  INFO 61774 --- [main] org.flywaydb.core.FlywayExecutor         : Database: jdbc:mysql://localhost:3306/koins_db (MySQL 8.0)
2026-05-23T07:38:52.208+01:00  INFO 61774 --- [main] o.f.core.internal.command.DbValidate     : Successfully validated 2 migrations (execution time 00:00.070s)
2026-05-23T07:38:52.256+01:00  INFO 61774 --- [main] o.f.core.internal.command.DbMigrate      : Current version of schema `koins_db`: 2
2026-05-23T07:38:52.270+01:00  INFO 61774 --- [main] o.f.core.internal.command.DbMigrate      : Schema `koins_db` is up to date. No migration necessary.
2026-05-23T07:38:52.498+01:00  INFO 61774 --- [main] o.hibernate.jpa.internal.util.LogHelper  : HHH000204: Processing PersistenceUnitInfo [name: default]
2026-05-23T07:38:52.670+01:00  INFO 61774 --- [main] org.hibernate.Version                    : HHH000412: Hibernate ORM core version 6.3.1.Final
2026-05-23T07:38:52.825+01:00  INFO 61774 --- [main] o.h.c.internal.RegionFactoryInitiator    : HHH000026: Second-level cache disabled
2026-05-23T07:38:53.532+01:00  INFO 61774 --- [main] o.s.o.j.p.SpringPersistenceUnitInfo      : No LoadTimeWeaver setup: ignoring JPA class transformer
2026-05-23T07:38:53.715+01:00  WARN 61774 --- [main] org.hibernate.orm.deprecation            : HHH90000025: MySQL8Dialect does not need to be specified explicitly using 'hibernate.dialect' (remove the property setting and it will be selected by default)
2026-05-23T07:38:53.717+01:00  WARN 61774 --- [main] org.hibernate.orm.deprecation            : HHH90000026: MySQL8Dialect has been deprecated; use org.hibernate.dialect.MySQLDialect instead
2026-05-23T07:38:53.813+01:00  WARN 61774 --- [main] org.hibernate.orm.incubating             : HHH90006001: Encountered incubating setting [hibernate.type.preferred_uuid_jdbc_type].  See javadoc on corresponding `org.hibernate.cfg.AvailableSettings` constant for details.
2026-05-23T07:38:54.392+01:00  WARN 61774 --- [main] org.hibernate.orm.incubating             : HHH90006001: Encountered incubating setting [hibernate.type.preferred_uuid_jdbc_type].  See javadoc on corresponding `org.hibernate.cfg.AvailableSettings` constant for details.
2026-05-23T07:38:56.205+01:00  INFO 61774 --- [main] o.h.e.t.j.p.i.JtaPlatformInitiator       : HHH000489: No JTA platform available (set 'hibernate.transaction.jta.platform' to enable JTA platform integration)
2026-05-23T07:38:56.282+01:00  INFO 61774 --- [main] j.LocalContainerEntityManagerFactoryBean : Initialized JPA EntityManagerFactory for persistence unit 'default'
2026-05-23T07:38:57.179+01:00  INFO 61774 --- [main] o.s.d.j.r.query.QueryEnhancerFactory     : Hibernate is in classpath; If applicable, HQL parser will be used.
2026-05-23T07:39:01.919+01:00  INFO 61774 --- [main] o.s.b.w.embedded.tomcat.TomcatWebServer  : Tomcat started on port 8080 (http) with context path ''
2026-05-23T07:39:01.927+01:00  INFO 61774 --- [main] o.s.a.r.c.CachingConnectionFactory       : Attempting to connect to: [localhost:5672]
2026-05-23T07:39:02.222+01:00  INFO 61774 --- [main] o.s.a.r.c.CachingConnectionFactory       : Created new connection: rabbitConnectionFactory#6d821475:0/SimpleConnection@1479c527 [delegate=amqp://guest@127.0.0.1:5672/, localPort=57755]
2026-05-23T07:39:02.396+01:00  INFO 61774 --- [main] com.middleware.KoinsApplication          : Started KoinsApplication in 20.567 seconds (process running for 21.796)
2026-05-23T07:45:31.241+01:00  INFO 61774 --- [http-nio-8080-exec-1] o.a.c.c.C.[Tomcat].[localhost].[/]       : Initializing Spring DispatcherServlet 'dispatcherServlet'
2026-05-23T07:45:31.247+01:00  INFO 61774 --- [http-nio-8080-exec-1] o.s.web.servlet.DispatcherServlet        : Initializing Servlet 'dispatcherServlet'
2026-05-23T07:45:31.303+01:00  INFO 61774 --- [http-nio-8080-exec-1] o.s.web.servlet.DispatcherServlet        : Completed initialization in 54 ms
2026-05-23T07:45:31.372+01:00  WARN 61774 --- [http-nio-8080-exec-1] o.s.w.s.h.HandlerMappingIntrospector     : Cache miss for REQUEST dispatch to '/api/v1/auth/logout' (previous null). Performing CorsConfiguration lookup. This is logged once only at WARN level, and every time at TRACE.
2026-05-23T07:45:32.560+01:00  WARN 61774 --- [http-nio-8080-exec-1] o.s.w.s.h.HandlerMappingIntrospector     : Cache miss for REQUEST dispatch to '/api/v1/auth/logout' (previous null). Performing MatchableHandlerMapping lookup. This is logged once only at WARN level, and every time at TRACE.
2026-05-23T09:00:03.437+01:00  INFO 61774 --- [scheduling-1] com.middleware.scheduler.LoanScheduler   : Sending repayment reminders for 0 loan(s)
2026-05-23T09:03:38.160+01:00  INFO 61774 --- [org.springframework.amqp.rabbit.RabbitListenerEndpointContainer#0-2] o.s.a.r.l.SimpleMessageListenerContainer : Waiting for workers to finish.
2026-05-23T09:03:38.408+01:00  INFO 61774 --- [org.springframework.amqp.rabbit.RabbitListenerEndpointContainer#1-2] o.s.a.r.l.SimpleMessageListenerContainer : Waiting for workers to finish.
2026-05-23T09:03:38.464+01:00  INFO 61774 --- [org.springframework.amqp.rabbit.RabbitListenerEndpointContainer#0-2] o.s.a.r.l.SimpleMessageListenerContainer : Successfully waited for workers to finish.
2026-05-23T09:03:38.570+01:00  INFO 61774 --- [org.springframework.amqp.rabbit.RabbitListenerEndpointContainer#2-2] o.s.a.r.l.SimpleMessageListenerContainer : Waiting for workers to finish.
2026-05-23T09:03:38.616+01:00  INFO 61774 --- [org.springframework.amqp.rabbit.RabbitListenerEndpointContainer#3-2] o.s.a.r.l.SimpleMessageListenerContainer : Waiting for workers to finish.
2026-05-23T09:03:38.873+01:00  INFO 61774 --- [org.springframework.amqp.rabbit.RabbitListenerEndpointContainer#3-2] o.s.a.r.l.SimpleMessageListenerContainer : Successfully waited for workers to finish.
2026-05-23T09:03:38.874+01:00  INFO 61774 --- [org.springframework.amqp.rabbit.RabbitListenerEndpointContainer#1-2] o.s.a.r.l.SimpleMessageListenerContainer : Successfully waited for workers to finish.
2026-05-23T09:03:38.917+01:00  INFO 61774 --- [org.springframework.amqp.rabbit.RabbitListenerEndpointContainer#2-2] o.s.a.r.l.SimpleMessageListenerContainer : Successfully waited for workers to finish.
2026-05-23T09:03:39.603+01:00  INFO 61774 --- [SpringApplicationShutdownHook] j.LocalContainerEntityManagerFactoryBean : Closing JPA EntityManagerFactory for persistence unit 'default'
2026-05-23T09:03:39.676+01:00  INFO 61774 --- [SpringApplicationShutdownHook] com.zaxxer.hikari.HikariDataSource       : HikariPool-1 - Shutdown initiated...
2026-05-23T09:03:39.707+01:00  INFO 61774 --- [SpringApplicationShutdownHook] com.zaxxer.hikari.HikariDataSource       : HikariPool-1 - Shutdown completed.
2026-05-23T09:03:52.467+01:00  INFO 76657 --- [main] com.middleware.KoinsApplication          : Starting KoinsApplication using Java 17.0.11 with PID 76657 (/Users/gamp/Downloads/koins/target/classes started by gamp in /Users/gamp/Downloads/koins)
2026-05-23T09:03:52.481+01:00  INFO 76657 --- [main] com.middleware.KoinsApplication          : No active profile set, falling back to 1 default profile: "default"
2026-05-23T09:03:55.328+01:00  INFO 76657 --- [main] .s.d.r.c.RepositoryConfigurationDelegate : Bootstrapping Spring Data JPA repositories in DEFAULT mode.
2026-05-23T09:03:55.877+01:00  INFO 76657 --- [main] .s.d.r.c.RepositoryConfigurationDelegate : Finished Spring Data repository scanning in 527 ms. Found 6 JPA repository interfaces.
2026-05-23T09:03:57.885+01:00  INFO 76657 --- [main] o.s.b.w.embedded.tomcat.TomcatWebServer  : Tomcat initialized with port 8080 (http)
2026-05-23T09:03:57.908+01:00  INFO 76657 --- [main] o.apache.catalina.core.StandardService   : Starting service [Tomcat]
2026-05-23T09:03:57.909+01:00  INFO 76657 --- [main] o.apache.catalina.core.StandardEngine    : Starting Servlet engine: [Apache Tomcat/10.1.16]
2026-05-23T09:03:58.061+01:00  INFO 76657 --- [main] o.a.c.c.C.[Tomcat].[localhost].[/]       : Initializing Spring embedded WebApplicationContext
2026-05-23T09:03:58.062+01:00  INFO 76657 --- [main] w.s.c.ServletWebServerApplicationContext : Root WebApplicationContext: initialization completed in 5441 ms
2026-05-23T09:03:58.297+01:00  INFO 76657 --- [main] com.zaxxer.hikari.HikariDataSource       : HikariPool-1 - Starting...
2026-05-23T09:03:58.695+01:00  INFO 76657 --- [main] com.zaxxer.hikari.pool.HikariPool        : HikariPool-1 - Added connection com.mysql.cj.jdbc.ConnectionImpl@6e2eead5
2026-05-23T09:03:58.700+01:00  INFO 76657 --- [main] com.zaxxer.hikari.HikariDataSource       : HikariPool-1 - Start completed.
2026-05-23T09:03:58.970+01:00  INFO 76657 --- [main] o.f.c.internal.license.VersionPrinter    : Flyway Community Edition 9.22.3 by Redgate
2026-05-23T09:03:58.970+01:00  INFO 76657 --- [main] o.f.c.internal.license.VersionPrinter    : See release notes here: https://rd.gt/416ObMi
2026-05-23T09:03:58.970+01:00  INFO 76657 --- [main] o.f.c.internal.license.VersionPrinter    : 
2026-05-23T09:03:58.987+01:00  INFO 76657 --- [main] o.f.c.i.resource.ResourceNameValidator   : 1 SQL migrations were detected but not run because they did not follow the filename convention.
2026-05-23T09:03:58.988+01:00  INFO 76657 --- [main] o.f.c.i.resource.ResourceNameValidator   : Set 'validateMigrationNaming' to true to fail fast and see a list of the invalid file names.
2026-05-23T09:03:59.048+01:00  INFO 76657 --- [main] org.flywaydb.core.FlywayExecutor         : Database: jdbc:mysql://localhost:3306/koins_db (MySQL 8.0)
2026-05-23T09:03:59.236+01:00  INFO 76657 --- [main] o.f.core.internal.command.DbValidate     : Successfully validated 2 migrations (execution time 00:00.114s)
2026-05-23T09:03:59.273+01:00  INFO 76657 --- [main] o.f.core.internal.command.DbMigrate      : Current version of schema `koins_db`: 2
2026-05-23T09:03:59.285+01:00  INFO 76657 --- [main] o.f.core.internal.command.DbMigrate      : Schema `koins_db` is up to date. No migration necessary.
2026-05-23T09:03:59.513+01:00  INFO 76657 --- [main] o.hibernate.jpa.internal.util.LogHelper  : HHH000204: Processing PersistenceUnitInfo [name: default]
2026-05-23T09:03:59.689+01:00  INFO 76657 --- [main] org.hibernate.Version                    : HHH000412: Hibernate ORM core version 6.3.1.Final
2026-05-23T09:03:59.802+01:00  INFO 76657 --- [main] o.h.c.internal.RegionFactoryInitiator    : HHH000026: Second-level cache disabled
2026-05-23T09:04:00.463+01:00  INFO 76657 --- [main] o.s.o.j.p.SpringPersistenceUnitInfo      : No LoadTimeWeaver setup: ignoring JPA class transformer
2026-05-23T09:04:00.646+01:00  WARN 76657 --- [main] org.hibernate.orm.deprecation            : HHH90000025: MySQL8Dialect does not need to be specified explicitly using 'hibernate.dialect' (remove the property setting and it will be selected by default)
2026-05-23T09:04:00.648+01:00  WARN 76657 --- [main] org.hibernate.orm.deprecation            : HHH90000026: MySQL8Dialect has been deprecated; use org.hibernate.dialect.MySQLDialect instead
2026-05-23T09:04:00.731+01:00  WARN 76657 --- [main] org.hibernate.orm.incubating             : HHH90006001: Encountered incubating setting [hibernate.type.preferred_uuid_jdbc_type].  See javadoc on corresponding `org.hibernate.cfg.AvailableSettings` constant for details.
2026-05-23T09:04:01.281+01:00  WARN 76657 --- [main] org.hibernate.orm.incubating             : HHH90006001: Encountered incubating setting [hibernate.type.preferred_uuid_jdbc_type].  See javadoc on corresponding `org.hibernate.cfg.AvailableSettings` constant for details.
2026-05-23T09:04:02.889+01:00  INFO 76657 --- [main] o.h.e.t.j.p.i.JtaPlatformInitiator       : HHH000489: No JTA platform available (set 'hibernate.transaction.jta.platform' to enable JTA platform integration)
2026-05-23T09:04:03.011+01:00  INFO 76657 --- [main] j.LocalContainerEntityManagerFactoryBean : Initialized JPA EntityManagerFactory for persistence unit 'default'
2026-05-23T09:04:03.804+01:00  INFO 76657 --- [main] o.s.d.j.r.query.QueryEnhancerFactory     : Hibernate is in classpath; If applicable, HQL parser will be used.
2026-05-23T09:04:07.877+01:00  INFO 76657 --- [main] o.s.b.w.embedded.tomcat.TomcatWebServer  : Tomcat started on port 8080 (http) with context path ''
2026-05-23T09:04:07.886+01:00  INFO 76657 --- [main] o.s.a.r.c.CachingConnectionFactory       : Attempting to connect to: [localhost:5672]
2026-05-23T09:04:08.054+01:00  INFO 76657 --- [main] o.s.a.r.c.CachingConnectionFactory       : Created new connection: rabbitConnectionFactory#3841e77a:0/SimpleConnection@26c09f3f [delegate=amqp://guest@127.0.0.1:5672/, localPort=59117]
2026-05-23T09:04:08.260+01:00  INFO 76657 --- [main] com.middleware.KoinsApplication          : Started KoinsApplication in 17.133 seconds (process running for 18.498)
2026-05-23T09:05:02.198+01:00  INFO 76657 --- [org.springframework.amqp.rabbit.RabbitListenerEndpointContainer#0-2] o.s.a.r.l.SimpleMessageListenerContainer : Waiting for workers to finish.
2026-05-23T09:05:02.201+01:00  INFO 76657 --- [org.springframework.amqp.rabbit.RabbitListenerEndpointContainer#1-2] o.s.a.r.l.SimpleMessageListenerContainer : Waiting for workers to finish.
2026-05-23T09:05:02.205+01:00  INFO 76657 --- [org.springframework.amqp.rabbit.RabbitListenerEndpointContainer#2-2] o.s.a.r.l.SimpleMessageListenerContainer : Waiting for workers to finish.
2026-05-23T09:05:02.209+01:00  INFO 76657 --- [org.springframework.amqp.rabbit.RabbitListenerEndpointContainer#3-2] o.s.a.r.l.SimpleMessageListenerContainer : Waiting for workers to finish.
2026-05-23T09:05:02.377+01:00  INFO 76657 --- [org.springframework.amqp.rabbit.RabbitListenerEndpointContainer#1-2] o.s.a.r.l.SimpleMessageListenerContainer : Successfully waited for workers to finish.
2026-05-23T09:05:02.378+01:00  INFO 76657 --- [org.springframework.amqp.rabbit.RabbitListenerEndpointContainer#3-2] o.s.a.r.l.SimpleMessageListenerContainer : Successfully waited for workers to finish.
2026-05-23T09:05:02.378+01:00  INFO 76657 --- [org.springframework.amqp.rabbit.RabbitListenerEndpointContainer#0-2] o.s.a.r.l.SimpleMessageListenerContainer : Successfully waited for workers to finish.
2026-05-23T09:05:02.378+01:00  INFO 76657 --- [org.springframework.amqp.rabbit.RabbitListenerEndpointContainer#2-2] o.s.a.r.l.SimpleMessageListenerContainer : Successfully waited for workers to finish.
2026-05-23T09:05:02.481+01:00  INFO 76657 --- [SpringApplicationShutdownHook] j.LocalContainerEntityManagerFactoryBean : Closing JPA EntityManagerFactory for persistence unit 'default'
2026-05-23T09:05:02.484+01:00  INFO 76657 --- [SpringApplicationShutdownHook] com.zaxxer.hikari.HikariDataSource       : HikariPool-1 - Shutdown initiated...
2026-05-23T09:05:02.497+01:00  INFO 76657 --- [SpringApplicationShutdownHook] com.zaxxer.hikari.HikariDataSource       : HikariPool-1 - Shutdown completed.
2026-05-23T09:05:06.833+01:00  INFO 76881 --- [main] com.middleware.KoinsApplication          : Starting KoinsApplication using Java 17.0.11 with PID 76881 (/Users/gamp/Downloads/koins/target/classes started by gamp in /Users/gamp/Downloads/koins)
2026-05-23T09:05:06.839+01:00  INFO 76881 --- [main] com.middleware.KoinsApplication          : No active profile set, falling back to 1 default profile: "default"
2026-05-23T09:05:09.215+01:00  INFO 76881 --- [main] .s.d.r.c.RepositoryConfigurationDelegate : Bootstrapping Spring Data JPA repositories in DEFAULT mode.
2026-05-23T09:05:09.681+01:00  INFO 76881 --- [main] .s.d.r.c.RepositoryConfigurationDelegate : Finished Spring Data repository scanning in 446 ms. Found 6 JPA repository interfaces.
2026-05-23T09:05:11.346+01:00  INFO 76881 --- [main] o.s.b.w.embedded.tomcat.TomcatWebServer  : Tomcat initialized with port 8080 (http)
2026-05-23T09:05:11.372+01:00  INFO 76881 --- [main] o.apache.catalina.core.StandardService   : Starting service [Tomcat]
2026-05-23T09:05:11.372+01:00  INFO 76881 --- [main] o.apache.catalina.core.StandardEngine    : Starting Servlet engine: [Apache Tomcat/10.1.16]
2026-05-23T09:05:11.511+01:00  INFO 76881 --- [main] o.a.c.c.C.[Tomcat].[localhost].[/]       : Initializing Spring embedded WebApplicationContext
2026-05-23T09:05:11.512+01:00  INFO 76881 --- [main] w.s.c.ServletWebServerApplicationContext : Root WebApplicationContext: initialization completed in 4498 ms
2026-05-23T09:05:11.767+01:00  INFO 76881 --- [main] com.zaxxer.hikari.HikariDataSource       : HikariPool-1 - Starting...
2026-05-23T09:05:12.068+01:00  INFO 76881 --- [main] com.zaxxer.hikari.pool.HikariPool        : HikariPool-1 - Added connection com.mysql.cj.jdbc.ConnectionImpl@14ed7ddf
2026-05-23T09:05:12.070+01:00  INFO 76881 --- [main] com.zaxxer.hikari.HikariDataSource       : HikariPool-1 - Start completed.
2026-05-23T09:05:12.296+01:00  INFO 76881 --- [main] o.f.c.internal.license.VersionPrinter    : Flyway Community Edition 9.22.3 by Redgate
2026-05-23T09:05:12.297+01:00  INFO 76881 --- [main] o.f.c.internal.license.VersionPrinter    : See release notes here: https://rd.gt/416ObMi
2026-05-23T09:05:12.298+01:00  INFO 76881 --- [main] o.f.c.internal.license.VersionPrinter    : 
2026-05-23T09:05:12.318+01:00  INFO 76881 --- [main] o.f.c.i.resource.ResourceNameValidator   : 1 SQL migrations were detected but not run because they did not follow the filename convention.
2026-05-23T09:05:12.318+01:00  INFO 76881 --- [main] o.f.c.i.resource.ResourceNameValidator   : Set 'validateMigrationNaming' to true to fail fast and see a list of the invalid file names.
2026-05-23T09:05:12.344+01:00  INFO 76881 --- [main] org.flywaydb.core.FlywayExecutor         : Database: jdbc:mysql://localhost:3306/koins_db (MySQL 8.0)
2026-05-23T09:05:12.487+01:00  INFO 76881 --- [main] o.f.core.internal.command.DbValidate     : Successfully validated 2 migrations (execution time 00:00.074s)
2026-05-23T09:05:12.526+01:00  INFO 76881 --- [main] o.f.core.internal.command.DbMigrate      : Current version of schema `koins_db`: 2
2026-05-23T09:05:12.535+01:00  INFO 76881 --- [main] o.f.core.internal.command.DbMigrate      : Schema `koins_db` is up to date. No migration necessary.
2026-05-23T09:05:12.732+01:00  INFO 76881 --- [main] o.hibernate.jpa.internal.util.LogHelper  : HHH000204: Processing PersistenceUnitInfo [name: default]
2026-05-23T09:05:12.878+01:00  INFO 76881 --- [main] org.hibernate.Version                    : HHH000412: Hibernate ORM core version 6.3.1.Final
2026-05-23T09:05:12.959+01:00  INFO 76881 --- [main] o.h.c.internal.RegionFactoryInitiator    : HHH000026: Second-level cache disabled
2026-05-23T09:05:13.479+01:00  INFO 76881 --- [main] o.s.o.j.p.SpringPersistenceUnitInfo      : No LoadTimeWeaver setup: ignoring JPA class transformer
2026-05-23T09:05:13.582+01:00  WARN 76881 --- [main] org.hibernate.orm.deprecation            : HHH90000025: MySQL8Dialect does not need to be specified explicitly using 'hibernate.dialect' (remove the property setting and it will be selected by default)
2026-05-23T09:05:13.583+01:00  WARN 76881 --- [main] org.hibernate.orm.deprecation            : HHH90000026: MySQL8Dialect has been deprecated; use org.hibernate.dialect.MySQLDialect instead
2026-05-23T09:05:13.629+01:00  WARN 76881 --- [main] org.hibernate.orm.incubating             : HHH90006001: Encountered incubating setting [hibernate.type.preferred_uuid_jdbc_type].  See javadoc on corresponding `org.hibernate.cfg.AvailableSettings` constant for details.
2026-05-23T09:05:14.188+01:00  WARN 76881 --- [main] org.hibernate.orm.incubating             : HHH90006001: Encountered incubating setting [hibernate.type.preferred_uuid_jdbc_type].  See javadoc on corresponding `org.hibernate.cfg.AvailableSettings` constant for details.
2026-05-23T09:05:16.012+01:00  INFO 76881 --- [main] o.h.e.t.j.p.i.JtaPlatformInitiator       : HHH000489: No JTA platform available (set 'hibernate.transaction.jta.platform' to enable JTA platform integration)
2026-05-23T09:05:16.096+01:00  INFO 76881 --- [main] j.LocalContainerEntityManagerFactoryBean : Initialized JPA EntityManagerFactory for persistence unit 'default'
2026-05-23T09:05:17.126+01:00  INFO 76881 --- [main] o.s.d.j.r.query.QueryEnhancerFactory     : Hibernate is in classpath; If applicable, HQL parser will be used.
2026-05-23T09:05:21.375+01:00  INFO 76881 --- [main] o.s.b.w.embedded.tomcat.TomcatWebServer  : Tomcat started on port 8080 (http) with context path ''
2026-05-23T09:05:21.386+01:00  INFO 76881 --- [main] o.s.a.r.c.CachingConnectionFactory       : Attempting to connect to: [localhost:5672]
2026-05-23T09:05:21.507+01:00  INFO 76881 --- [main] o.s.a.r.c.CachingConnectionFactory       : Created new connection: rabbitConnectionFactory#27449f65:0/SimpleConnection@462ccaa8 [delegate=amqp://guest@127.0.0.1:5672/, localPort=59150]
2026-05-23T09:05:21.703+01:00  INFO 76881 --- [main] com.middleware.KoinsApplication          : Started KoinsApplication in 16.201 seconds (process running for 17.696)
2026-05-23T09:05:21.712+01:00  INFO 76881 --- [org.springframework.amqp.rabbit.RabbitListenerEndpointContainer#0-2] o.s.a.r.l.SimpleMessageListenerContainer : Waiting for workers to finish.
2026-05-23T09:05:21.713+01:00  INFO 76881 --- [org.springframework.amqp.rabbit.RabbitListenerEndpointContainer#1-2] o.s.a.r.l.SimpleMessageListenerContainer : Waiting for workers to finish.
2026-05-23T09:05:21.714+01:00  INFO 76881 --- [org.springframework.amqp.rabbit.RabbitListenerEndpointContainer#2-2] o.s.a.r.l.SimpleMessageListenerContainer : Waiting for workers to finish.
2026-05-23T09:05:21.715+01:00  INFO 76881 --- [org.springframework.amqp.rabbit.RabbitListenerEndpointContainer#3-2] o.s.a.r.l.SimpleMessageListenerContainer : Waiting for workers to finish.
2026-05-23T09:05:22.626+01:00  INFO 76881 --- [org.springframework.amqp.rabbit.RabbitListenerEndpointContainer#0-2] o.s.a.r.l.SimpleMessageListenerContainer : Successfully waited for workers to finish.
2026-05-23T09:05:22.671+01:00  INFO 76881 --- [org.springframework.amqp.rabbit.RabbitListenerEndpointContainer#1-2] o.s.a.r.l.SimpleMessageListenerContainer : Successfully waited for workers to finish.
2026-05-23T09:05:22.678+01:00  INFO 76881 --- [org.springframework.amqp.rabbit.RabbitListenerEndpointContainer#2-2] o.s.a.r.l.SimpleMessageListenerContainer : Successfully waited for workers to finish.
2026-05-23T09:05:22.684+01:00  INFO 76881 --- [org.springframework.amqp.rabbit.RabbitListenerEndpointContainer#3-2] o.s.a.r.l.SimpleMessageListenerContainer : Successfully waited for workers to finish.
2026-05-23T09:05:22.757+01:00  INFO 76881 --- [SpringApplicationShutdownHook] j.LocalContainerEntityManagerFactoryBean : Closing JPA EntityManagerFactory for persistence unit 'default'
2026-05-23T09:05:22.760+01:00  INFO 76881 --- [SpringApplicationShutdownHook] com.zaxxer.hikari.HikariDataSource       : HikariPool-1 - Shutdown initiated...
2026-05-23T09:05:22.772+01:00  INFO 76881 --- [SpringApplicationShutdownHook] com.zaxxer.hikari.HikariDataSource       : HikariPool-1 - Shutdown completed.
2026-05-23T09:06:02.088+01:00  INFO 77026 --- [main] com.middleware.KoinsApplication          : Starting KoinsApplication using Java 17.0.11 with PID 77026 (/Users/gamp/Downloads/koins/target/classes started by gamp in /Users/gamp/Downloads/koins)
2026-05-23T09:06:02.095+01:00  INFO 77026 --- [main] com.middleware.KoinsApplication          : No active profile set, falling back to 1 default profile: "default"
2026-05-23T09:06:07.639+01:00  INFO 77026 --- [main] .s.d.r.c.RepositoryConfigurationDelegate : Bootstrapping Spring Data JPA repositories in DEFAULT mode.
2026-05-23T09:06:08.282+01:00  INFO 77026 --- [main] .s.d.r.c.RepositoryConfigurationDelegate : Finished Spring Data repository scanning in 620 ms. Found 6 JPA repository interfaces.
2026-05-23T09:06:10.605+01:00  INFO 77026 --- [main] o.s.b.w.embedded.tomcat.TomcatWebServer  : Tomcat initialized with port 8080 (http)
2026-05-23T09:06:10.633+01:00  INFO 77026 --- [main] o.apache.catalina.core.StandardService   : Starting service [Tomcat]
2026-05-23T09:06:10.633+01:00  INFO 77026 --- [main] o.apache.catalina.core.StandardEngine    : Starting Servlet engine: [Apache Tomcat/10.1.16]
2026-05-23T09:06:10.865+01:00  INFO 77026 --- [main] o.a.c.c.C.[Tomcat].[localhost].[/]       : Initializing Spring embedded WebApplicationContext
2026-05-23T09:06:10.866+01:00  INFO 77026 --- [main] w.s.c.ServletWebServerApplicationContext : Root WebApplicationContext: initialization completed in 8369 ms
2026-05-23T09:06:11.132+01:00  INFO 77026 --- [main] com.zaxxer.hikari.HikariDataSource       : HikariPool-1 - Starting...
2026-05-23T09:06:11.644+01:00  INFO 77026 --- [main] com.zaxxer.hikari.pool.HikariPool        : HikariPool-1 - Added connection com.mysql.cj.jdbc.ConnectionImpl@6fd1ea75
2026-05-23T09:06:11.649+01:00  INFO 77026 --- [main] com.zaxxer.hikari.HikariDataSource       : HikariPool-1 - Start completed.
2026-05-23T09:06:11.943+01:00  INFO 77026 --- [main] o.f.c.internal.license.VersionPrinter    : Flyway Community Edition 9.22.3 by Redgate
2026-05-23T09:06:11.944+01:00  INFO 77026 --- [main] o.f.c.internal.license.VersionPrinter    : See release notes here: https://rd.gt/416ObMi
2026-05-23T09:06:11.944+01:00  INFO 77026 --- [main] o.f.c.internal.license.VersionPrinter    : 
2026-05-23T09:06:11.964+01:00  INFO 77026 --- [main] o.f.c.i.resource.ResourceNameValidator   : 1 SQL migrations were detected but not run because they did not follow the filename convention.
2026-05-23T09:06:11.965+01:00  INFO 77026 --- [main] o.f.c.i.resource.ResourceNameValidator   : Set 'validateMigrationNaming' to true to fail fast and see a list of the invalid file names.
2026-05-23T09:06:12.170+01:00  INFO 77026 --- [main] org.flywaydb.core.FlywayExecutor         : Database: jdbc:mysql://localhost:3306/koins_db (MySQL 8.0)
2026-05-23T09:06:12.326+01:00  INFO 77026 --- [main] o.f.core.internal.command.DbValidate     : Successfully validated 2 migrations (execution time 00:00.071s)
2026-05-23T09:06:12.381+01:00  INFO 77026 --- [main] o.f.core.internal.command.DbMigrate      : Current version of schema `koins_db`: 2
2026-05-23T09:06:12.393+01:00  INFO 77026 --- [main] o.f.core.internal.command.DbMigrate      : Schema `koins_db` is up to date. No migration necessary.
2026-05-23T09:06:12.712+01:00  INFO 77026 --- [main] o.hibernate.jpa.internal.util.LogHelper  : HHH000204: Processing PersistenceUnitInfo [name: default]
2026-05-23T09:06:12.955+01:00  INFO 77026 --- [main] org.hibernate.Version                    : HHH000412: Hibernate ORM core version 6.3.1.Final
2026-05-23T09:06:13.188+01:00  INFO 77026 --- [main] o.h.c.internal.RegionFactoryInitiator    : HHH000026: Second-level cache disabled
2026-05-23T09:06:13.900+01:00  INFO 77026 --- [main] o.s.o.j.p.SpringPersistenceUnitInfo      : No LoadTimeWeaver setup: ignoring JPA class transformer
2026-05-23T09:06:14.030+01:00  WARN 77026 --- [main] org.hibernate.orm.deprecation            : HHH90000025: MySQL8Dialect does not need to be specified explicitly using 'hibernate.dialect' (remove the property setting and it will be selected by default)
2026-05-23T09:06:14.031+01:00  WARN 77026 --- [main] org.hibernate.orm.deprecation            : HHH90000026: MySQL8Dialect has been deprecated; use org.hibernate.dialect.MySQLDialect instead
2026-05-23T09:06:14.087+01:00  WARN 77026 --- [main] org.hibernate.orm.incubating             : HHH90006001: Encountered incubating setting [hibernate.type.preferred_uuid_jdbc_type].  See javadoc on corresponding `org.hibernate.cfg.AvailableSettings` constant for details.
2026-05-23T09:06:14.677+01:00  WARN 77026 --- [main] org.hibernate.orm.incubating             : HHH90006001: Encountered incubating setting [hibernate.type.preferred_uuid_jdbc_type].  See javadoc on corresponding `org.hibernate.cfg.AvailableSettings` constant for details.
2026-05-23T09:06:16.291+01:00  INFO 77026 --- [main] o.h.e.t.j.p.i.JtaPlatformInitiator       : HHH000489: No JTA platform available (set 'hibernate.transaction.jta.platform' to enable JTA platform integration)
2026-05-23T09:06:16.371+01:00  INFO 77026 --- [main] j.LocalContainerEntityManagerFactoryBean : Initialized JPA EntityManagerFactory for persistence unit 'default'
2026-05-23T09:06:17.223+01:00  INFO 77026 --- [main] o.s.d.j.r.query.QueryEnhancerFactory     : Hibernate is in classpath; If applicable, HQL parser will be used.
2026-05-23T09:06:21.497+01:00  INFO 77026 --- [main] o.s.b.w.embedded.tomcat.TomcatWebServer  : Tomcat started on port 8080 (http) with context path ''
2026-05-23T09:06:21.505+01:00  INFO 77026 --- [main] o.s.a.r.c.CachingConnectionFactory       : Attempting to connect to: [localhost:5672]
2026-05-23T09:06:21.666+01:00  INFO 77026 --- [main] o.s.a.r.c.CachingConnectionFactory       : Created new connection: rabbitConnectionFactory#7c3920a7:0/SimpleConnection@1479c527 [delegate=amqp://guest@127.0.0.1:5672/, localPort=59187]
2026-05-23T09:06:21.801+01:00  INFO 77026 --- [main] com.middleware.KoinsApplication          : Started KoinsApplication in 23.838 seconds (process running for 30.284)
2026-05-23T09:08:25.834+01:00  INFO 77026 --- [org.springframework.amqp.rabbit.RabbitListenerEndpointContainer#0-2] o.s.a.r.l.SimpleMessageListenerContainer : Waiting for workers to finish.
2026-05-23T09:08:30.854+01:00  INFO 77026 --- [org.springframework.amqp.rabbit.RabbitListenerEndpointContainer#0-2] o.s.a.r.l.SimpleMessageListenerContainer : Workers not finished.
2026-05-23T09:08:30.894+01:00  WARN 77026 --- [org.springframework.amqp.rabbit.RabbitListenerEndpointContainer#0-2] o.s.a.r.l.SimpleMessageListenerContainer : Closing channel for unresponsive consumer: Consumer@2b9ea20c: tags=[[amq.ctag-ppcwXmuDoBUDTWsD-npb7A]], channel=Cached Rabbit Channel: AMQChannel(amqp://guest@127.0.0.1:5672/,1), conn: Proxy@ed110d6 Shared Rabbit Connection: SimpleConnection@1479c527 [delegate=amqp://guest@127.0.0.1:5672/, localPort=59187], acknowledgeMode=AUTO local queue size=0
2026-05-23T09:08:35.599+01:00  INFO 77026 --- [org.springframework.amqp.rabbit.RabbitListenerEndpointContainer#1-2] o.s.a.r.l.SimpleMessageListenerContainer : Waiting for workers to finish.
2026-05-23T09:08:35.609+01:00  INFO 77026 --- [org.springframework.amqp.rabbit.RabbitListenerEndpointContainer#2-2] o.s.a.r.l.SimpleMessageListenerContainer : Waiting for workers to finish.
2026-05-23T09:08:37.003+01:00  INFO 77026 --- [org.springframework.amqp.rabbit.RabbitListenerEndpointContainer#3-2] o.s.a.r.l.SimpleMessageListenerContainer : Waiting for workers to finish.
2026-05-23T09:08:37.007+01:00  INFO 77026 --- [org.springframework.amqp.rabbit.RabbitListenerEndpointContainer#1-2] o.s.a.r.l.SimpleMessageListenerContainer : Successfully waited for workers to finish.
2026-05-23T09:08:37.451+01:00  INFO 77026 --- [AMQP Connection 127.0.0.1:5672] com.rabbitmq.client.impl.AMQConnection   : Received a frame on an unknown channel, ignoring it
2026-05-23T09:08:38.054+01:00  INFO 77026 --- [org.springframework.amqp.rabbit.RabbitListenerEndpointContainer#2-2] o.s.a.r.l.SimpleMessageListenerContainer : Successfully waited for workers to finish.
2026-05-23T09:08:39.321+01:00  INFO 77026 --- [org.springframework.amqp.rabbit.RabbitListenerEndpointContainer#3-2] o.s.a.r.l.SimpleMessageListenerContainer : Successfully waited for workers to finish.
2026-05-23T09:08:43.159+01:00  INFO 77026 --- [SpringApplicationShutdownHook] j.LocalContainerEntityManagerFactoryBean : Closing JPA EntityManagerFactory for persistence unit 'default'
2026-05-23T09:08:43.206+01:00  INFO 77026 --- [SpringApplicationShutdownHook] com.zaxxer.hikari.HikariDataSource       : HikariPool-1 - Shutdown initiated...
2026-05-23T09:08:43.308+01:00  INFO 77026 --- [SpringApplicationShutdownHook] com.zaxxer.hikari.HikariDataSource       : HikariPool-1 - Shutdown completed.
